ISO-10303-21;
HEADER;
/* Generated by software containing ST-Developer
 * from STEP Tools, Inc. (www.steptools.com) 
 */

FILE_DESCRIPTION(
/* description */ (''),
/* implementation_level */ '2;1');

FILE_NAME(
/* name */ 'hydroNodeStation01_outdoor_screen.step',
/* time_stamp */ '2026-05-02T23:02:08+02:00',
/* author */ (''),
/* organization */ (''),
/* preprocessor_version */ 'ST-DEVELOPER v20.1',
/* originating_system */ 'Autodesk Translation Framework v15.8.0.0',
/* authorisation */ '');

FILE_SCHEMA (('AUTOMOTIVE_DESIGN { 1 0 10303 214 3 1 1 }'));
ENDSEC;

DATA;
#10=MECHANICAL_DESIGN_GEOMETRIC_PRESENTATION_REPRESENTATION('',(#61,#62,
#63,#64,#65,#66,#67,#68),#7433);
#11=SHAPE_REPRESENTATION_RELATIONSHIP('SRR','None',#7440,#12);
#12=ADVANCED_BREP_SHAPE_REPRESENTATION('',(#69,#70,#71,#72,#73,#74,#75,
#76),#7432);
#13=B_SPLINE_CURVE_WITH_KNOTS('',3,(#7018,#7019,#7020,#7021,#7022,#7023,
#7024,#7025,#7026,#7027,#7028,#7029,#7030),.UNSPECIFIED.,.F.,.F.,(4,3,3,
3,4),(0.,0.285714285712491,0.571428571427495,0.857142857142498,1.),
 .UNSPECIFIED.);
#14=B_SPLINE_CURVE_WITH_KNOTS('',3,(#7031,#7032,#7033,#7034,#7035,#7036,
#7037,#7038,#7039,#7040,#7041,#7042,#7043,#7044,#7045,#7046,#7047),
 .UNSPECIFIED.,.T.,.F.,(4,1,1,1,1,1,1,1,1,1,1,1,1,1,4),(0.,0.402081070542936,
0.804162141085871,1.20624321162881,1.60832428217174,2.14443237622899,2.41248642325761,
2.94859451731486,3.21664856434348,3.61872963488642,4.02081070542935,4.42289177597229,
4.82497284651523,5.22705391705816,5.6291349876011),.UNSPECIFIED.);
#15=B_SPLINE_CURVE_WITH_KNOTS('',3,(#7048,#7049,#7050,#7051,#7052,#7053,
#7054,#7055,#7056,#7057,#7058,#7059,#7060,#7061,#7062,#7063,#7064,#7065,
#7066,#7067,#7068,#7069,#7070,#7071,#7072,#7073,#7074,#7075,#7076,#7077,
#7078,#7079,#7080,#7081,#7082,#7083,#7084,#7085,#7086,#7087,#7088,#7089,
#7090),.UNSPECIFIED.,.T.,.F.,(4,3,3,3,3,3,3,3,3,3,3,3,3,3,4),(-5.62913498760111,
-5.22705391705817,-4.82497284651524,-4.4228917759723,-4.02081070542936,
-3.61872963488643,-3.21664856434349,-2.94859451731487,-2.41248642325762,
-2.14443237622899,-1.60832428217175,-1.20624321162881,-0.804162141085873,
-0.402081070542936,-1.24344978758018E-14),.UNSPECIFIED.);
#16=B_SPLINE_CURVE_WITH_KNOTS('',3,(#7093,#7094,#7095,#7096,#7097,#7098,
#7099,#7100,#7101,#7102,#7103,#7104,#7105,#7106,#7107,#7108,#7109),
 .UNSPECIFIED.,.T.,.F.,(4,1,1,1,1,1,1,1,1,1,1,1,1,1,4),(0.,0.402081070542936,
0.804162141085871,1.20624321162881,1.60832428217174,2.14443237622899,2.41248642325761,
2.94859451731486,3.21664856434349,3.61872963488642,4.02081070542936,4.42289177597229,
4.82497284651523,5.22705391705816,5.6291349876011),.UNSPECIFIED.);
#17=B_SPLINE_CURVE_WITH_KNOTS('',3,(#7250,#7251,#7252,#7253,#7254,#7255,
#7256,#7257,#7258,#7259,#7260,#7261,#7262),.UNSPECIFIED.,.F.,.F.,(4,3,3,
3,4),(0.,0.285714285712491,0.571428571427495,0.857142857142499,1.),
 .UNSPECIFIED.);
#18=B_SPLINE_CURVE_WITH_KNOTS('',3,(#7263,#7264,#7265,#7266,#7267,#7268,
#7269,#7270,#7271,#7272,#7273,#7274,#7275,#7276,#7277,#7278,#7279,#7280,
#7281,#7282,#7283,#7284,#7285,#7286,#7287,#7288,#7289,#7290,#7291,#7292,
#7293,#7294,#7295,#7296,#7297,#7298,#7299,#7300,#7301,#7302,#7303,#7304,
#7305),.UNSPECIFIED.,.T.,.F.,(4,3,3,3,3,3,3,3,3,3,3,3,3,3,4),(-5.62913498760111,
-5.22705391705818,-4.82497284651524,-4.4228917759723,-4.02081070542937,
-3.61872963488643,-3.21664856434349,-2.94859451731487,-2.41248642325762,
-2.144432376229,-1.60832428217175,-1.20624321162881,-0.804162141085873,
-0.402081070542937,-1.33226762955019E-14),.UNSPECIFIED.);
#19=B_SPLINE_SURFACE_WITH_KNOTS('',3,3,((#6897,#6898,#6899,#6900,#6901,
#6902,#6903,#6904,#6905,#6906,#6907,#6908,#6909,#6910,#6911,#6912,#6913),
(#6914,#6915,#6916,#6917,#6918,#6919,#6920,#6921,#6922,#6923,#6924,#6925,
#6926,#6927,#6928,#6929,#6930),(#6931,#6932,#6933,#6934,#6935,#6936,#6937,
#6938,#6939,#6940,#6941,#6942,#6943,#6944,#6945,#6946,#6947),(#6948,#6949,
#6950,#6951,#6952,#6953,#6954,#6955,#6956,#6957,#6958,#6959,#6960,#6961,
#6962,#6963,#6964),(#6965,#6966,#6967,#6968,#6969,#6970,#6971,#6972,#6973,
#6974,#6975,#6976,#6977,#6978,#6979,#6980,#6981),(#6982,#6983,#6984,#6985,
#6986,#6987,#6988,#6989,#6990,#6991,#6992,#6993,#6994,#6995,#6996,#6997,
#6998),(#6999,#7000,#7001,#7002,#7003,#7004,#7005,#7006,#7007,#7008,#7009,
#7010,#7011,#7012,#7013,#7014,#7015)),.UNSPECIFIED.,.F.,.T.,.F.,(4,1,1,
1,4),(4,1,1,1,1,1,1,1,1,1,1,1,1,1,4),(0.,0.285714285714286,0.571428571428571,
0.857142857142857,1.),(0.,0.402081070542936,0.804162141085871,1.20624321162881,
1.60832428217174,2.14443237622899,2.41248642325761,2.94859451731486,3.21664856434348,
3.61872963488642,4.02081070542935,4.42289177597229,4.82497284651523,5.22705391705816,
5.6291349876011),.UNSPECIFIED.);
#20=B_SPLINE_SURFACE_WITH_KNOTS('',3,3,((#7130,#7131,#7132,#7133,#7134,
#7135,#7136,#7137,#7138,#7139,#7140,#7141,#7142,#7143,#7144,#7145,#7146),
(#7147,#7148,#7149,#7150,#7151,#7152,#7153,#7154,#7155,#7156,#7157,#7158,
#7159,#7160,#7161,#7162,#7163),(#7164,#7165,#7166,#7167,#7168,#7169,#7170,
#7171,#7172,#7173,#7174,#7175,#7176,#7177,#7178,#7179,#7180),(#7181,#7182,
#7183,#7184,#7185,#7186,#7187,#7188,#7189,#7190,#7191,#7192,#7193,#7194,
#7195,#7196,#7197),(#7198,#7199,#7200,#7201,#7202,#7203,#7204,#7205,#7206,
#7207,#7208,#7209,#7210,#7211,#7212,#7213,#7214),(#7215,#7216,#7217,#7218,
#7219,#7220,#7221,#7222,#7223,#7224,#7225,#7226,#7227,#7228,#7229,#7230,
#7231),(#7232,#7233,#7234,#7235,#7236,#7237,#7238,#7239,#7240,#7241,#7242,
#7243,#7244,#7245,#7246,#7247,#7248)),.UNSPECIFIED.,.F.,.T.,.F.,(4,1,1,
1,4),(4,1,1,1,1,1,1,1,1,1,1,1,1,1,4),(0.,0.285714285714286,0.571428571428571,
0.857142857142857,1.),(0.,0.402081070542936,0.804162141085871,1.20624321162881,
1.60832428217174,2.14443237622899,2.41248642325761,2.94859451731486,3.21664856434349,
3.61872963488642,4.02081070542936,4.42289177597229,4.82497284651523,5.22705391705816,
5.6291349876011),.UNSPECIFIED.);
#21=ELLIPSE('',#4269,1.4142135623731,1.);
#22=ELLIPSE('',#4270,1.41421356237309,1.);
#23=ELLIPSE('',#4272,1.4142135623731,1.);
#24=ELLIPSE('',#4273,1.4142135623731,1.);
#25=ELLIPSE('',#4279,1.4142135623731,1.);
#26=ELLIPSE('',#4280,1.4142135623731,1.);
#27=ELLIPSE('',#4282,1.41421356237309,1.);
#28=ELLIPSE('',#4283,1.41421356237309,1.);
#29=ELLIPSE('',#4285,1.41421356237309,1.);
#30=ELLIPSE('',#4286,1.4142135623731,1.);
#31=ELLIPSE('',#4288,1.41421356237309,1.);
#32=ELLIPSE('',#4290,1.4142135623731,1.);
#33=ELLIPSE('',#4292,1.4142135623731,1.);
#34=ELLIPSE('',#4294,1.4142135623731,1.);
#35=ELLIPSE('',#4298,1.4142135623731,1.);
#36=ELLIPSE('',#4300,1.4142135623731,1.);
#37=TOROIDAL_SURFACE('',#4138,1.8,0.2);
#38=TOROIDAL_SURFACE('',#4145,1.8,0.2);
#39=TOROIDAL_SURFACE('',#4152,1.8,0.2);
#40=TOROIDAL_SURFACE('',#4159,1.8,0.2);
#41=TOROIDAL_SURFACE('',#4166,1.8,0.2);
#42=TOROIDAL_SURFACE('',#4173,1.8,0.2);
#43=TOROIDAL_SURFACE('',#4180,1.8,0.2);
#44=TOROIDAL_SURFACE('',#4187,1.8,0.2);
#45=TOROIDAL_SURFACE('',#4206,0.600000000000001,0.5);
#46=TOROIDAL_SURFACE('',#4213,0.6,0.5);
#47=TOROIDAL_SURFACE('',#4220,0.6,0.5);
#48=TOROIDAL_SURFACE('',#4227,0.6,0.5);
#49=TOROIDAL_SURFACE('',#4234,2.8,1.);
#50=TOROIDAL_SURFACE('',#4247,2.8,1.);
#51=TOROIDAL_SURFACE('',#4254,2.8,1.);
#52=TOROIDAL_SURFACE('',#4261,2.8,1.);
#53=TOROIDAL_SURFACE('',#4313,2.8,1.);
#54=TOROIDAL_SURFACE('',#4315,2.8,1.);
#55=TOROIDAL_SURFACE('',#4317,2.8,1.);
#56=TOROIDAL_SURFACE('',#4319,2.8,1.);
#57=TOROIDAL_SURFACE('',#4321,64.,1.);
#58=TOROIDAL_SURFACE('',#4326,64.,1.);
#59=TOROIDAL_SURFACE('',#4467,5.,1.8);
#60=TOROIDAL_SURFACE('',#4542,9.2,6.);
#61=STYLED_ITEM('',(#7449),#69);
#62=STYLED_ITEM('',(#7449),#70);
#63=STYLED_ITEM('',(#7449),#71);
#64=STYLED_ITEM('',(#7449),#72);
#65=STYLED_ITEM('',(#7449),#73);
#66=STYLED_ITEM('',(#7449),#74);
#67=STYLED_ITEM('',(#7449),#75);
#68=STYLED_ITEM('',(#7449),#76);
#69=MANIFOLD_SOLID_BREP('K\X\F6rper1',#4029);
#70=MANIFOLD_SOLID_BREP('K\X\F6rper5',#4030);
#71=MANIFOLD_SOLID_BREP('K\X\F6rper6',#4031);
#72=MANIFOLD_SOLID_BREP('K\X\F6rper8',#4032);
#73=MANIFOLD_SOLID_BREP('K\X\F6rper9',#4033);
#74=MANIFOLD_SOLID_BREP('K\X\F6rper10',#4034);
#75=MANIFOLD_SOLID_BREP('K\X\F6rper11',#4035);
#76=MANIFOLD_SOLID_BREP('K\X\F6rper12',#4036);
#77=CYLINDRICAL_SURFACE('',#4071,5.);
#78=CYLINDRICAL_SURFACE('',#4073,1.8);
#79=CYLINDRICAL_SURFACE('',#4075,5.);
#80=CYLINDRICAL_SURFACE('',#4077,1.8);
#81=CYLINDRICAL_SURFACE('',#4079,5.);
#82=CYLINDRICAL_SURFACE('',#4081,1.8);
#83=CYLINDRICAL_SURFACE('',#4083,5.);
#84=CYLINDRICAL_SURFACE('',#4085,1.8);
#85=CYLINDRICAL_SURFACE('',#4087,30.);
#86=CYLINDRICAL_SURFACE('',#4092,95.);
#87=CYLINDRICAL_SURFACE('',#4093,100.);
#88=CYLINDRICAL_SURFACE('',#4115,5.);
#89=CYLINDRICAL_SURFACE('',#4117,1.8);
#90=CYLINDRICAL_SURFACE('',#4119,5.);
#91=CYLINDRICAL_SURFACE('',#4121,1.8);
#92=CYLINDRICAL_SURFACE('',#4123,5.);
#93=CYLINDRICAL_SURFACE('',#4125,1.8);
#94=CYLINDRICAL_SURFACE('',#4127,5.);
#95=CYLINDRICAL_SURFACE('',#4129,1.8);
#96=CYLINDRICAL_SURFACE('',#4131,30.);
#97=CYLINDRICAL_SURFACE('',#4136,95.);
#98=CYLINDRICAL_SURFACE('',#4137,100.);
#99=CYLINDRICAL_SURFACE('',#4142,2.);
#100=CYLINDRICAL_SURFACE('',#4149,2.);
#101=CYLINDRICAL_SURFACE('',#4156,2.);
#102=CYLINDRICAL_SURFACE('',#4163,2.);
#103=CYLINDRICAL_SURFACE('',#4170,2.);
#104=CYLINDRICAL_SURFACE('',#4177,2.);
#105=CYLINDRICAL_SURFACE('',#4184,2.);
#106=CYLINDRICAL_SURFACE('',#4191,2.);
#107=CYLINDRICAL_SURFACE('',#4194,0.5);
#108=CYLINDRICAL_SURFACE('',#4202,2.);
#109=CYLINDRICAL_SURFACE('',#4212,1.1);
#110=CYLINDRICAL_SURFACE('',#4219,1.1);
#111=CYLINDRICAL_SURFACE('',#4226,1.1);
#112=CYLINDRICAL_SURFACE('',#4233,1.1);
#113=CYLINDRICAL_SURFACE('',#4244,1.8);
#114=CYLINDRICAL_SURFACE('',#4251,1.8);
#115=CYLINDRICAL_SURFACE('',#4258,1.8);
#116=CYLINDRICAL_SURFACE('',#4265,1.8);
#117=CYLINDRICAL_SURFACE('',#4268,1.);
#118=CYLINDRICAL_SURFACE('',#4271,1.);
#119=CYLINDRICAL_SURFACE('',#4274,1.);
#120=CYLINDRICAL_SURFACE('',#4275,1.);
#121=CYLINDRICAL_SURFACE('',#4278,1.);
#122=CYLINDRICAL_SURFACE('',#4281,1.);
#123=CYLINDRICAL_SURFACE('',#4284,1.);
#124=CYLINDRICAL_SURFACE('',#4287,1.);
#125=CYLINDRICAL_SURFACE('',#4289,1.);
#126=CYLINDRICAL_SURFACE('',#4291,1.);
#127=CYLINDRICAL_SURFACE('',#4293,1.);
#128=CYLINDRICAL_SURFACE('',#4295,1.);
#129=CYLINDRICAL_SURFACE('',#4296,1.);
#130=CYLINDRICAL_SURFACE('',#4297,1.);
#131=CYLINDRICAL_SURFACE('',#4299,1.);
#132=CYLINDRICAL_SURFACE('',#4301,1.);
#133=CYLINDRICAL_SURFACE('',#4324,65.);
#134=CYLINDRICAL_SURFACE('',#4356,5.);
#135=CYLINDRICAL_SURFACE('',#4358,1.8);
#136=CYLINDRICAL_SURFACE('',#4360,5.);
#137=CYLINDRICAL_SURFACE('',#4362,1.8);
#138=CYLINDRICAL_SURFACE('',#4364,5.);
#139=CYLINDRICAL_SURFACE('',#4366,1.8);
#140=CYLINDRICAL_SURFACE('',#4368,5.);
#141=CYLINDRICAL_SURFACE('',#4370,1.8);
#142=CYLINDRICAL_SURFACE('',#4372,30.);
#143=CYLINDRICAL_SURFACE('',#4377,95.);
#144=CYLINDRICAL_SURFACE('',#4378,100.);
#145=CYLINDRICAL_SURFACE('',#4400,5.);
#146=CYLINDRICAL_SURFACE('',#4402,1.8);
#147=CYLINDRICAL_SURFACE('',#4404,5.);
#148=CYLINDRICAL_SURFACE('',#4406,1.8);
#149=CYLINDRICAL_SURFACE('',#4408,5.);
#150=CYLINDRICAL_SURFACE('',#4410,1.8);
#151=CYLINDRICAL_SURFACE('',#4412,5.);
#152=CYLINDRICAL_SURFACE('',#4414,1.8);
#153=CYLINDRICAL_SURFACE('',#4416,30.);
#154=CYLINDRICAL_SURFACE('',#4421,95.);
#155=CYLINDRICAL_SURFACE('',#4422,100.);
#156=CYLINDRICAL_SURFACE('',#4444,5.);
#157=CYLINDRICAL_SURFACE('',#4446,1.8);
#158=CYLINDRICAL_SURFACE('',#4448,5.);
#159=CYLINDRICAL_SURFACE('',#4450,1.8);
#160=CYLINDRICAL_SURFACE('',#4452,5.);
#161=CYLINDRICAL_SURFACE('',#4454,1.8);
#162=CYLINDRICAL_SURFACE('',#4456,5.);
#163=CYLINDRICAL_SURFACE('',#4458,1.8);
#164=CYLINDRICAL_SURFACE('',#4460,30.);
#165=CYLINDRICAL_SURFACE('',#4465,95.);
#166=CYLINDRICAL_SURFACE('',#4466,100.);
#167=CYLINDRICAL_SURFACE('',#4472,3.2);
#168=CYLINDRICAL_SURFACE('',#4480,1.35);
#169=CYLINDRICAL_SURFACE('',#4483,1.35);
#170=CYLINDRICAL_SURFACE('',#4486,1.35);
#171=CYLINDRICAL_SURFACE('',#4489,1.35);
#172=CYLINDRICAL_SURFACE('',#4492,1.35);
#173=CYLINDRICAL_SURFACE('',#4495,1.35);
#174=CYLINDRICAL_SURFACE('',#4498,1.35);
#175=CYLINDRICAL_SURFACE('',#4501,1.35);
#176=CYLINDRICAL_SURFACE('',#4518,1.8);
#177=CYLINDRICAL_SURFACE('',#4520,1.8);
#178=CYLINDRICAL_SURFACE('',#4522,1.8);
#179=CYLINDRICAL_SURFACE('',#4524,1.8);
#180=CYLINDRICAL_SURFACE('',#4526,65.);
#181=CYLINDRICAL_SURFACE('',#4529,6.);
#182=CYLINDRICAL_SURFACE('',#4545,3.2);
#183=CYLINDRICAL_SURFACE('',#4550,59.4581048735714);
#184=CYLINDRICAL_SURFACE('',#4557,59.4581048735714);
#185=CYLINDRICAL_SURFACE('',#4564,59.4581048735714);
#186=CYLINDRICAL_SURFACE('',#4571,59.4581048735714);
#187=CYLINDRICAL_SURFACE('',#4589,47.5);
#188=CYLINDRICAL_SURFACE('',#4591,37.5);
#189=CYLINDRICAL_SURFACE('',#4593,1.8);
#190=CYLINDRICAL_SURFACE('',#4594,1.8);
#191=CYLINDRICAL_SURFACE('',#4595,1.8);
#192=CYLINDRICAL_SURFACE('',#4596,1.8);
#193=CYLINDRICAL_SURFACE('',#4597,65.);
#194=LINE('',#5955,#423);
#195=LINE('',#5961,#424);
#196=LINE('',#5966,#425);
#197=LINE('',#5970,#426);
#198=LINE('',#5974,#427);
#199=LINE('',#5978,#428);
#200=LINE('',#5982,#429);
#201=LINE('',#5986,#430);
#202=LINE('',#5990,#431);
#203=LINE('',#5994,#432);
#204=LINE('',#5999,#433);
#205=LINE('',#6004,#434);
#206=LINE('',#6006,#435);
#207=LINE('',#6036,#436);
#208=LINE('',#6042,#437);
#209=LINE('',#6047,#438);
#210=LINE('',#6051,#439);
#211=LINE('',#6055,#440);
#212=LINE('',#6059,#441);
#213=LINE('',#6063,#442);
#214=LINE('',#6067,#443);
#215=LINE('',#6071,#444);
#216=LINE('',#6075,#445);
#217=LINE('',#6080,#446);
#218=LINE('',#6085,#447);
#219=LINE('',#6087,#448);
#220=LINE('',#6096,#449);
#221=LINE('',#6107,#450);
#222=LINE('',#6118,#451);
#223=LINE('',#6129,#452);
#224=LINE('',#6140,#453);
#225=LINE('',#6151,#454);
#226=LINE('',#6162,#455);
#227=LINE('',#6173,#456);
#228=LINE('',#6181,#457);
#229=LINE('',#6184,#458);
#230=LINE('',#6187,#459);
#231=LINE('',#6189,#460);
#232=LINE('',#6191,#461);
#233=LINE('',#6193,#462);
#234=LINE('',#6195,#463);
#235=LINE('',#6197,#464);
#236=LINE('',#6198,#465);
#237=LINE('',#6212,#466);
#238=LINE('',#6215,#467);
#239=LINE('',#6218,#468);
#240=LINE('',#6220,#469);
#241=LINE('',#6222,#470);
#242=LINE('',#6224,#471);
#243=LINE('',#6226,#472);
#244=LINE('',#6228,#473);
#245=LINE('',#6229,#474);
#246=LINE('',#6240,#475);
#247=LINE('',#6251,#476);
#248=LINE('',#6262,#477);
#249=LINE('',#6273,#478);
#250=LINE('',#6291,#479);
#251=LINE('',#6293,#480);
#252=LINE('',#6295,#481);
#253=LINE('',#6296,#482);
#254=LINE('',#6303,#483);
#255=LINE('',#6315,#484);
#256=LINE('',#6327,#485);
#257=LINE('',#6339,#486);
#258=LINE('',#6345,#487);
#259=LINE('',#6351,#488);
#260=LINE('',#6354,#489);
#261=LINE('',#6356,#490);
#262=LINE('',#6358,#491);
#263=LINE('',#6359,#492);
#264=LINE('',#6361,#493);
#265=LINE('',#6363,#494);
#266=LINE('',#6365,#495);
#267=LINE('',#6366,#496);
#268=LINE('',#6370,#497);
#269=LINE('',#6374,#498);
#270=LINE('',#6379,#499);
#271=LINE('',#6383,#500);
#272=LINE('',#6388,#501);
#273=LINE('',#6392,#502);
#274=LINE('',#6396,#503);
#275=LINE('',#6398,#504);
#276=LINE('',#6401,#505);
#277=LINE('',#6404,#506);
#278=LINE('',#6407,#507);
#279=LINE('',#6411,#508);
#280=LINE('',#6414,#509);
#281=LINE('',#6416,#510);
#282=LINE('',#6417,#511);
#283=LINE('',#6419,#512);
#284=LINE('',#6420,#513);
#285=LINE('',#6423,#514);
#286=LINE('',#6425,#515);
#287=LINE('',#6429,#516);
#288=LINE('',#6431,#517);
#289=LINE('',#6434,#518);
#290=LINE('',#6435,#519);
#291=LINE('',#6437,#520);
#292=LINE('',#6439,#521);
#293=LINE('',#6441,#522);
#294=LINE('',#6443,#523);
#295=LINE('',#6445,#524);
#296=LINE('',#6471,#525);
#297=LINE('',#6476,#526);
#298=LINE('',#6478,#527);
#299=LINE('',#6480,#528);
#300=LINE('',#6482,#529);
#301=LINE('',#6484,#530);
#302=LINE('',#6486,#531);
#303=LINE('',#6517,#532);
#304=LINE('',#6523,#533);
#305=LINE('',#6528,#534);
#306=LINE('',#6532,#535);
#307=LINE('',#6536,#536);
#308=LINE('',#6540,#537);
#309=LINE('',#6544,#538);
#310=LINE('',#6548,#539);
#311=LINE('',#6552,#540);
#312=LINE('',#6556,#541);
#313=LINE('',#6561,#542);
#314=LINE('',#6566,#543);
#315=LINE('',#6568,#544);
#316=LINE('',#6598,#545);
#317=LINE('',#6604,#546);
#318=LINE('',#6609,#547);
#319=LINE('',#6613,#548);
#320=LINE('',#6617,#549);
#321=LINE('',#6621,#550);
#322=LINE('',#6625,#551);
#323=LINE('',#6629,#552);
#324=LINE('',#6633,#553);
#325=LINE('',#6637,#554);
#326=LINE('',#6642,#555);
#327=LINE('',#6647,#556);
#328=LINE('',#6649,#557);
#329=LINE('',#6679,#558);
#330=LINE('',#6685,#559);
#331=LINE('',#6690,#560);
#332=LINE('',#6694,#561);
#333=LINE('',#6698,#562);
#334=LINE('',#6702,#563);
#335=LINE('',#6706,#564);
#336=LINE('',#6710,#565);
#337=LINE('',#6714,#566);
#338=LINE('',#6718,#567);
#339=LINE('',#6723,#568);
#340=LINE('',#6728,#569);
#341=LINE('',#6730,#570);
#342=LINE('',#6742,#571);
#343=LINE('',#6748,#572);
#344=LINE('',#6750,#573);
#345=LINE('',#6752,#574);
#346=LINE('',#6753,#575);
#347=LINE('',#6762,#576);
#348=LINE('',#6764,#577);
#349=LINE('',#6766,#578);
#350=LINE('',#6767,#579);
#351=LINE('',#6774,#580);
#352=LINE('',#6780,#581);
#353=LINE('',#6786,#582);
#354=LINE('',#6792,#583);
#355=LINE('',#6798,#584);
#356=LINE('',#6804,#585);
#357=LINE('',#6810,#586);
#358=LINE('',#6816,#587);
#359=LINE('',#6821,#588);
#360=LINE('',#6823,#589);
#361=LINE('',#6825,#590);
#362=LINE('',#6826,#591);
#363=LINE('',#6829,#592);
#364=LINE('',#6831,#593);
#365=LINE('',#6832,#594);
#366=LINE('',#6835,#595);
#367=LINE('',#6837,#596);
#368=LINE('',#6838,#597);
#369=LINE('',#6840,#598);
#370=LINE('',#6841,#599);
#371=LINE('',#6844,#600);
#372=LINE('',#6846,#601);
#373=LINE('',#6847,#602);
#374=LINE('',#6850,#603);
#375=LINE('',#6851,#604);
#376=LINE('',#6854,#605);
#377=LINE('',#6855,#606);
#378=LINE('',#6857,#607);
#379=LINE('',#6861,#608);
#380=LINE('',#6863,#609);
#381=LINE('',#6864,#610);
#382=LINE('',#6867,#611);
#383=LINE('',#6868,#612);
#384=LINE('',#6871,#613);
#385=LINE('',#6872,#614);
#386=LINE('',#6874,#615);
#387=LINE('',#6878,#616);
#388=LINE('',#6882,#617);
#389=LINE('',#6886,#618);
#390=LINE('',#6890,#619);
#391=LINE('',#6894,#620);
#392=LINE('',#7110,#621);
#393=LINE('',#7116,#622);
#394=LINE('',#7119,#623);
#395=LINE('',#7311,#624);
#396=LINE('',#7316,#625);
#397=LINE('',#7323,#626);
#398=LINE('',#7328,#627);
#399=LINE('',#7332,#628);
#400=LINE('',#7339,#629);
#401=LINE('',#7342,#630);
#402=LINE('',#7352,#631);
#403=LINE('',#7355,#632);
#404=LINE('',#7365,#633);
#405=LINE('',#7368,#634);
#406=LINE('',#7378,#635);
#407=LINE('',#7381,#636);
#408=LINE('',#7389,#637);
#409=LINE('',#7393,#638);
#410=LINE('',#7407,#639);
#411=LINE('',#7408,#640);
#412=LINE('',#7410,#641);
#413=LINE('',#7411,#642);
#414=LINE('',#7413,#643);
#415=LINE('',#7414,#644);
#416=LINE('',#7416,#645);
#417=LINE('',#7418,#646);
#418=LINE('',#7421,#647);
#419=LINE('',#7423,#648);
#420=LINE('',#7425,#649);
#421=LINE('',#7427,#650);
#422=LINE('',#7429,#651);
#423=VECTOR('',#4634,80.);
#424=VECTOR('',#4641,82.5);
#425=VECTOR('',#4648,5.);
#426=VECTOR('',#4653,1.8);
#427=VECTOR('',#4658,5.);
#428=VECTOR('',#4663,1.8);
#429=VECTOR('',#4668,5.);
#430=VECTOR('',#4673,1.8);
#431=VECTOR('',#4678,5.);
#432=VECTOR('',#4683,1.8);
#433=VECTOR('',#4688,30.);
#434=VECTOR('',#4697,95.);
#435=VECTOR('',#4700,100.);
#436=VECTOR('',#4735,80.);
#437=VECTOR('',#4742,82.5);
#438=VECTOR('',#4749,5.);
#439=VECTOR('',#4754,1.8);
#440=VECTOR('',#4759,5.);
#441=VECTOR('',#4764,1.8);
#442=VECTOR('',#4769,5.);
#443=VECTOR('',#4774,1.8);
#444=VECTOR('',#4779,5.);
#445=VECTOR('',#4784,1.8);
#446=VECTOR('',#4789,30.);
#447=VECTOR('',#4798,95.);
#448=VECTOR('',#4801,100.);
#449=VECTOR('',#4812,2.);
#450=VECTOR('',#4827,2.);
#451=VECTOR('',#4842,2.);
#452=VECTOR('',#4857,2.);
#453=VECTOR('',#4872,2.);
#454=VECTOR('',#4887,2.);
#455=VECTOR('',#4902,2.);
#456=VECTOR('',#4917,2.);
#457=VECTOR('',#4926,10.);
#458=VECTOR('',#4929,10.);
#459=VECTOR('',#4932,10.);
#460=VECTOR('',#4933,10.);
#461=VECTOR('',#4934,10.);
#462=VECTOR('',#4935,10.);
#463=VECTOR('',#4936,10.);
#464=VECTOR('',#4937,10.);
#465=VECTOR('',#4938,10.);
#466=VECTOR('',#4951,10.);
#467=VECTOR('',#4954,10.);
#468=VECTOR('',#4957,10.);
#469=VECTOR('',#4958,10.);
#470=VECTOR('',#4959,10.);
#471=VECTOR('',#4960,10.);
#472=VECTOR('',#4961,10.);
#473=VECTOR('',#4962,10.);
#474=VECTOR('',#4963,10.);
#475=VECTOR('',#4978,1.1);
#476=VECTOR('',#4993,1.1);
#477=VECTOR('',#5008,1.1);
#478=VECTOR('',#5023,1.1);
#479=VECTOR('',#5042,10.);
#480=VECTOR('',#5043,10.);
#481=VECTOR('',#5044,10.);
#482=VECTOR('',#5045,10.);
#483=VECTOR('',#5052,1.8);
#484=VECTOR('',#5067,1.8);
#485=VECTOR('',#5082,1.8);
#486=VECTOR('',#5097,1.8);
#487=VECTOR('',#5104,10.);
#488=VECTOR('',#5111,10.);
#489=VECTOR('',#5116,10.);
#490=VECTOR('',#5119,10.);
#491=VECTOR('',#5122,10.);
#492=VECTOR('',#5123,10.);
#493=VECTOR('',#5126,10.);
#494=VECTOR('',#5127,10.);
#495=VECTOR('',#5128,10.);
#496=VECTOR('',#5129,10.);
#497=VECTOR('',#5132,10.);
#498=VECTOR('',#5135,10.);
#499=VECTOR('',#5140,10.);
#500=VECTOR('',#5143,10.);
#501=VECTOR('',#5148,10.);
#502=VECTOR('',#5151,10.);
#503=VECTOR('',#5156,10.);
#504=VECTOR('',#5159,10.);
#505=VECTOR('',#5162,10.);
#506=VECTOR('',#5165,10.);
#507=VECTOR('',#5168,10.);
#508=VECTOR('',#5173,10.);
#509=VECTOR('',#5176,10.);
#510=VECTOR('',#5179,10.);
#511=VECTOR('',#5180,10.);
#512=VECTOR('',#5183,10.);
#513=VECTOR('',#5184,10.);
#514=VECTOR('',#5187,10.);
#515=VECTOR('',#5188,10.);
#516=VECTOR('',#5193,10.);
#517=VECTOR('',#5194,10.);
#518=VECTOR('',#5199,10.);
#519=VECTOR('',#5200,10.);
#520=VECTOR('',#5203,10.);
#521=VECTOR('',#5206,10.);
#522=VECTOR('',#5209,10.);
#523=VECTOR('',#5212,10.);
#524=VECTOR('',#5215,10.);
#525=VECTOR('',#5252,65.);
#526=VECTOR('',#5261,10.);
#527=VECTOR('',#5264,10.);
#528=VECTOR('',#5267,10.);
#529=VECTOR('',#5270,10.);
#530=VECTOR('',#5273,10.);
#531=VECTOR('',#5276,10.);
#532=VECTOR('',#5313,80.);
#533=VECTOR('',#5320,82.5);
#534=VECTOR('',#5327,5.);
#535=VECTOR('',#5332,1.8);
#536=VECTOR('',#5337,5.);
#537=VECTOR('',#5342,1.8);
#538=VECTOR('',#5347,5.);
#539=VECTOR('',#5352,1.8);
#540=VECTOR('',#5357,5.);
#541=VECTOR('',#5362,1.8);
#542=VECTOR('',#5367,30.);
#543=VECTOR('',#5376,95.);
#544=VECTOR('',#5379,100.);
#545=VECTOR('',#5414,80.);
#546=VECTOR('',#5421,82.5);
#547=VECTOR('',#5428,5.);
#548=VECTOR('',#5433,1.8);
#549=VECTOR('',#5438,5.);
#550=VECTOR('',#5443,1.8);
#551=VECTOR('',#5448,5.);
#552=VECTOR('',#5453,1.8);
#553=VECTOR('',#5458,5.);
#554=VECTOR('',#5463,1.8);
#555=VECTOR('',#5468,30.);
#556=VECTOR('',#5477,95.);
#557=VECTOR('',#5480,100.);
#558=VECTOR('',#5515,80.);
#559=VECTOR('',#5522,82.5);
#560=VECTOR('',#5529,5.);
#561=VECTOR('',#5534,1.8);
#562=VECTOR('',#5539,5.);
#563=VECTOR('',#5544,1.8);
#564=VECTOR('',#5549,5.);
#565=VECTOR('',#5554,1.8);
#566=VECTOR('',#5559,5.);
#567=VECTOR('',#5564,1.8);
#568=VECTOR('',#5569,30.);
#569=VECTOR('',#5578,95.);
#570=VECTOR('',#5581,100.);
#571=VECTOR('',#5596,3.2);
#572=VECTOR('',#5601,10.);
#573=VECTOR('',#5602,10.);
#574=VECTOR('',#5603,10.);
#575=VECTOR('',#5604,10.);
#576=VECTOR('',#5611,10.);
#577=VECTOR('',#5612,10.);
#578=VECTOR('',#5613,10.);
#579=VECTOR('',#5614,10.);
#580=VECTOR('',#5621,1.35);
#581=VECTOR('',#5628,1.35);
#582=VECTOR('',#5635,1.35);
#583=VECTOR('',#5642,1.35);
#584=VECTOR('',#5649,1.35);
#585=VECTOR('',#5656,1.35);
#586=VECTOR('',#5663,1.35);
#587=VECTOR('',#5670,1.35);
#588=VECTOR('',#5675,10.);
#589=VECTOR('',#5676,10.);
#590=VECTOR('',#5677,10.);
#591=VECTOR('',#5678,10.);
#592=VECTOR('',#5681,10.);
#593=VECTOR('',#5682,10.);
#594=VECTOR('',#5683,10.);
#595=VECTOR('',#5686,10.);
#596=VECTOR('',#5687,10.);
#597=VECTOR('',#5688,10.);
#598=VECTOR('',#5691,10.);
#599=VECTOR('',#5692,10.);
#600=VECTOR('',#5695,10.);
#601=VECTOR('',#5696,10.);
#602=VECTOR('',#5697,10.);
#603=VECTOR('',#5700,10.);
#604=VECTOR('',#5701,10.);
#605=VECTOR('',#5704,10.);
#606=VECTOR('',#5705,10.);
#607=VECTOR('',#5708,10.);
#608=VECTOR('',#5713,10.);
#609=VECTOR('',#5714,10.);
#610=VECTOR('',#5715,10.);
#611=VECTOR('',#5718,10.);
#612=VECTOR('',#5719,10.);
#613=VECTOR('',#5722,10.);
#614=VECTOR('',#5723,10.);
#615=VECTOR('',#5726,10.);
#616=VECTOR('',#5731,1.8);
#617=VECTOR('',#5736,1.8);
#618=VECTOR('',#5741,1.8);
#619=VECTOR('',#5746,1.8);
#620=VECTOR('',#5751,65.);
#621=VECTOR('',#5758,6.);
#622=VECTOR('',#5763,10.);
#623=VECTOR('',#5766,10.);
#624=VECTOR('',#5781,10.);
#625=VECTOR('',#5786,10.);
#626=VECTOR('',#5795,3.2);
#627=VECTOR('',#5800,10.);
#628=VECTOR('',#5803,10.);
#629=VECTOR('',#5810,10.);
#630=VECTOR('',#5813,10.);
#631=VECTOR('',#5826,10.);
#632=VECTOR('',#5829,10.);
#633=VECTOR('',#5842,10.);
#634=VECTOR('',#5845,10.);
#635=VECTOR('',#5858,10.);
#636=VECTOR('',#5861,10.);
#637=VECTOR('',#5872,10.);
#638=VECTOR('',#5875,10.);
#639=VECTOR('',#5892,10.);
#640=VECTOR('',#5893,10.);
#641=VECTOR('',#5896,10.);
#642=VECTOR('',#5897,10.);
#643=VECTOR('',#5900,10.);
#644=VECTOR('',#5901,10.);
#645=VECTOR('',#5904,10.);
#646=VECTOR('',#5907,10.);
#647=VECTOR('',#5912,1.8);
#648=VECTOR('',#5915,1.8);
#649=VECTOR('',#5918,1.8);
#650=VECTOR('',#5921,1.8);
#651=VECTOR('',#5924,65.);
#652=CONICAL_SURFACE('',#4065,80.,0.70862627212767);
#653=CONICAL_SURFACE('',#4068,82.5,0.718829999621624);
#654=CONICAL_SURFACE('',#4109,80.,0.70862627212767);
#655=CONICAL_SURFACE('',#4112,82.5,0.718829999621624);
#656=CONICAL_SURFACE('',#4350,80.,0.70862627212767);
#657=CONICAL_SURFACE('',#4353,82.5,0.718829999621624);
#658=CONICAL_SURFACE('',#4394,80.,0.70862627212767);
#659=CONICAL_SURFACE('',#4397,82.5,0.718829999621624);
#660=CONICAL_SURFACE('',#4438,80.,0.70862627212767);
#661=CONICAL_SURFACE('',#4441,82.5,0.718829999621624);
#662=FACE_BOUND('',#1058,.T.);
#663=FACE_BOUND('',#1060,.T.);
#664=FACE_BOUND('',#1062,.T.);
#665=FACE_BOUND('',#1064,.T.);
#666=FACE_BOUND('',#1066,.T.);
#667=FACE_BOUND('',#1079,.T.);
#668=FACE_BOUND('',#1080,.T.);
#669=FACE_BOUND('',#1081,.T.);
#670=FACE_BOUND('',#1082,.T.);
#671=FACE_BOUND('',#1083,.T.);
#672=FACE_BOUND('',#1085,.T.);
#673=FACE_BOUND('',#1086,.T.);
#674=FACE_BOUND('',#1087,.T.);
#675=FACE_BOUND('',#1088,.T.);
#676=FACE_BOUND('',#1089,.T.);
#677=FACE_BOUND('',#1093,.T.);
#678=FACE_BOUND('',#1095,.T.);
#679=FACE_BOUND('',#1097,.T.);
#680=FACE_BOUND('',#1099,.T.);
#681=FACE_BOUND('',#1101,.T.);
#682=FACE_BOUND('',#1114,.T.);
#683=FACE_BOUND('',#1115,.T.);
#684=FACE_BOUND('',#1116,.T.);
#685=FACE_BOUND('',#1117,.T.);
#686=FACE_BOUND('',#1118,.T.);
#687=FACE_BOUND('',#1120,.T.);
#688=FACE_BOUND('',#1121,.T.);
#689=FACE_BOUND('',#1122,.T.);
#690=FACE_BOUND('',#1123,.T.);
#691=FACE_BOUND('',#1124,.T.);
#692=FACE_BOUND('',#1153,.T.);
#693=FACE_BOUND('',#1154,.T.);
#694=FACE_BOUND('',#1155,.T.);
#695=FACE_BOUND('',#1156,.T.);
#696=FACE_BOUND('',#1159,.T.);
#697=FACE_BOUND('',#1160,.T.);
#698=FACE_BOUND('',#1161,.T.);
#699=FACE_BOUND('',#1162,.T.);
#700=FACE_BOUND('',#1163,.T.);
#701=FACE_BOUND('',#1164,.T.);
#702=FACE_BOUND('',#1165,.T.);
#703=FACE_BOUND('',#1166,.T.);
#704=FACE_BOUND('',#1181,.T.);
#705=FACE_BOUND('',#1182,.T.);
#706=FACE_BOUND('',#1183,.T.);
#707=FACE_BOUND('',#1184,.T.);
#708=FACE_BOUND('',#1185,.T.);
#709=FACE_BOUND('',#1217,.T.);
#710=FACE_BOUND('',#1218,.T.);
#711=FACE_BOUND('',#1219,.T.);
#712=FACE_BOUND('',#1220,.T.);
#713=FACE_BOUND('',#1221,.T.);
#714=FACE_BOUND('',#1237,.T.);
#715=FACE_BOUND('',#1239,.T.);
#716=FACE_BOUND('',#1241,.T.);
#717=FACE_BOUND('',#1243,.T.);
#718=FACE_BOUND('',#1245,.T.);
#719=FACE_BOUND('',#1258,.T.);
#720=FACE_BOUND('',#1259,.T.);
#721=FACE_BOUND('',#1260,.T.);
#722=FACE_BOUND('',#1261,.T.);
#723=FACE_BOUND('',#1262,.T.);
#724=FACE_BOUND('',#1264,.T.);
#725=FACE_BOUND('',#1265,.T.);
#726=FACE_BOUND('',#1266,.T.);
#727=FACE_BOUND('',#1267,.T.);
#728=FACE_BOUND('',#1268,.T.);
#729=FACE_BOUND('',#1272,.T.);
#730=FACE_BOUND('',#1274,.T.);
#731=FACE_BOUND('',#1276,.T.);
#732=FACE_BOUND('',#1278,.T.);
#733=FACE_BOUND('',#1280,.T.);
#734=FACE_BOUND('',#1293,.T.);
#735=FACE_BOUND('',#1294,.T.);
#736=FACE_BOUND('',#1295,.T.);
#737=FACE_BOUND('',#1296,.T.);
#738=FACE_BOUND('',#1297,.T.);
#739=FACE_BOUND('',#1299,.T.);
#740=FACE_BOUND('',#1300,.T.);
#741=FACE_BOUND('',#1301,.T.);
#742=FACE_BOUND('',#1302,.T.);
#743=FACE_BOUND('',#1303,.T.);
#744=FACE_BOUND('',#1307,.T.);
#745=FACE_BOUND('',#1309,.T.);
#746=FACE_BOUND('',#1311,.T.);
#747=FACE_BOUND('',#1313,.T.);
#748=FACE_BOUND('',#1315,.T.);
#749=FACE_BOUND('',#1328,.T.);
#750=FACE_BOUND('',#1329,.T.);
#751=FACE_BOUND('',#1330,.T.);
#752=FACE_BOUND('',#1331,.T.);
#753=FACE_BOUND('',#1332,.T.);
#754=FACE_BOUND('',#1334,.T.);
#755=FACE_BOUND('',#1335,.T.);
#756=FACE_BOUND('',#1336,.T.);
#757=FACE_BOUND('',#1337,.T.);
#758=FACE_BOUND('',#1338,.T.);
#759=FACE_BOUND('',#1344,.T.);
#760=FACE_BOUND('',#1345,.T.);
#761=FACE_BOUND('',#1346,.T.);
#762=FACE_BOUND('',#1347,.T.);
#763=FACE_BOUND('',#1348,.T.);
#764=FACE_BOUND('',#1349,.T.);
#765=FACE_BOUND('',#1350,.T.);
#766=FACE_BOUND('',#1370,.T.);
#767=FACE_BOUND('',#1371,.T.);
#768=FACE_BOUND('',#1372,.T.);
#769=FACE_BOUND('',#1373,.T.);
#770=FACE_BOUND('',#1374,.T.);
#771=FACE_BOUND('',#1375,.T.);
#772=FACE_BOUND('',#1376,.T.);
#773=FACE_BOUND('',#1377,.T.);
#774=FACE_BOUND('',#1378,.T.);
#775=FACE_BOUND('',#1380,.T.);
#776=FACE_BOUND('',#1381,.T.);
#777=FACE_BOUND('',#1382,.T.);
#778=FACE_BOUND('',#1383,.T.);
#779=FACE_BOUND('',#1384,.T.);
#780=FACE_BOUND('',#1385,.T.);
#781=FACE_BOUND('',#1386,.T.);
#782=FACE_BOUND('',#1387,.T.);
#783=FACE_BOUND('',#1388,.T.);
#784=FACE_BOUND('',#1397,.T.);
#785=FACE_BOUND('',#1398,.T.);
#786=FACE_BOUND('',#1399,.T.);
#787=FACE_BOUND('',#1400,.T.);
#788=FACE_BOUND('',#1401,.T.);
#789=FACE_BOUND('',#1405,.T.);
#790=FACE_BOUND('',#1406,.T.);
#791=FACE_BOUND('',#1407,.T.);
#792=FACE_BOUND('',#1408,.T.);
#793=FACE_BOUND('',#1409,.T.);
#794=FACE_BOUND('',#1410,.T.);
#795=FACE_BOUND('',#1413,.T.);
#796=FACE_BOUND('',#1431,.T.);
#797=FACE_BOUND('',#1432,.T.);
#798=FACE_BOUND('',#1433,.T.);
#799=FACE_BOUND('',#1434,.T.);
#800=FACE_BOUND('',#1435,.T.);
#801=FACE_BOUND('',#1439,.T.);
#802=FACE_BOUND('',#1440,.T.);
#803=FACE_BOUND('',#1441,.T.);
#804=FACE_BOUND('',#1442,.T.);
#805=FACE_BOUND('',#1443,.T.);
#806=FACE_OUTER_BOUND('',#1057,.T.);
#807=FACE_OUTER_BOUND('',#1059,.T.);
#808=FACE_OUTER_BOUND('',#1061,.T.);
#809=FACE_OUTER_BOUND('',#1063,.T.);
#810=FACE_OUTER_BOUND('',#1065,.T.);
#811=FACE_OUTER_BOUND('',#1067,.T.);
#812=FACE_OUTER_BOUND('',#1068,.T.);
#813=FACE_OUTER_BOUND('',#1069,.T.);
#814=FACE_OUTER_BOUND('',#1070,.T.);
#815=FACE_OUTER_BOUND('',#1071,.T.);
#816=FACE_OUTER_BOUND('',#1072,.T.);
#817=FACE_OUTER_BOUND('',#1073,.T.);
#818=FACE_OUTER_BOUND('',#1074,.T.);
#819=FACE_OUTER_BOUND('',#1075,.T.);
#820=FACE_OUTER_BOUND('',#1076,.T.);
#821=FACE_OUTER_BOUND('',#1077,.T.);
#822=FACE_OUTER_BOUND('',#1078,.T.);
#823=FACE_OUTER_BOUND('',#1084,.T.);
#824=FACE_OUTER_BOUND('',#1090,.T.);
#825=FACE_OUTER_BOUND('',#1091,.T.);
#826=FACE_OUTER_BOUND('',#1092,.T.);
#827=FACE_OUTER_BOUND('',#1094,.T.);
#828=FACE_OUTER_BOUND('',#1096,.T.);
#829=FACE_OUTER_BOUND('',#1098,.T.);
#830=FACE_OUTER_BOUND('',#1100,.T.);
#831=FACE_OUTER_BOUND('',#1102,.T.);
#832=FACE_OUTER_BOUND('',#1103,.T.);
#833=FACE_OUTER_BOUND('',#1104,.T.);
#834=FACE_OUTER_BOUND('',#1105,.T.);
#835=FACE_OUTER_BOUND('',#1106,.T.);
#836=FACE_OUTER_BOUND('',#1107,.T.);
#837=FACE_OUTER_BOUND('',#1108,.T.);
#838=FACE_OUTER_BOUND('',#1109,.T.);
#839=FACE_OUTER_BOUND('',#1110,.T.);
#840=FACE_OUTER_BOUND('',#1111,.T.);
#841=FACE_OUTER_BOUND('',#1112,.T.);
#842=FACE_OUTER_BOUND('',#1113,.T.);
#843=FACE_OUTER_BOUND('',#1119,.T.);
#844=FACE_OUTER_BOUND('',#1125,.T.);
#845=FACE_OUTER_BOUND('',#1126,.T.);
#846=FACE_OUTER_BOUND('',#1127,.T.);
#847=FACE_OUTER_BOUND('',#1128,.T.);
#848=FACE_OUTER_BOUND('',#1129,.T.);
#849=FACE_OUTER_BOUND('',#1130,.T.);
#850=FACE_OUTER_BOUND('',#1131,.T.);
#851=FACE_OUTER_BOUND('',#1132,.T.);
#852=FACE_OUTER_BOUND('',#1133,.T.);
#853=FACE_OUTER_BOUND('',#1134,.T.);
#854=FACE_OUTER_BOUND('',#1135,.T.);
#855=FACE_OUTER_BOUND('',#1136,.T.);
#856=FACE_OUTER_BOUND('',#1137,.T.);
#857=FACE_OUTER_BOUND('',#1138,.T.);
#858=FACE_OUTER_BOUND('',#1139,.T.);
#859=FACE_OUTER_BOUND('',#1140,.T.);
#860=FACE_OUTER_BOUND('',#1141,.T.);
#861=FACE_OUTER_BOUND('',#1142,.T.);
#862=FACE_OUTER_BOUND('',#1143,.T.);
#863=FACE_OUTER_BOUND('',#1144,.T.);
#864=FACE_OUTER_BOUND('',#1145,.T.);
#865=FACE_OUTER_BOUND('',#1146,.T.);
#866=FACE_OUTER_BOUND('',#1147,.T.);
#867=FACE_OUTER_BOUND('',#1148,.T.);
#868=FACE_OUTER_BOUND('',#1149,.T.);
#869=FACE_OUTER_BOUND('',#1150,.T.);
#870=FACE_OUTER_BOUND('',#1151,.T.);
#871=FACE_OUTER_BOUND('',#1152,.T.);
#872=FACE_OUTER_BOUND('',#1157,.T.);
#873=FACE_OUTER_BOUND('',#1158,.T.);
#874=FACE_OUTER_BOUND('',#1167,.T.);
#875=FACE_OUTER_BOUND('',#1168,.T.);
#876=FACE_OUTER_BOUND('',#1169,.T.);
#877=FACE_OUTER_BOUND('',#1170,.T.);
#878=FACE_OUTER_BOUND('',#1171,.T.);
#879=FACE_OUTER_BOUND('',#1172,.T.);
#880=FACE_OUTER_BOUND('',#1173,.T.);
#881=FACE_OUTER_BOUND('',#1174,.T.);
#882=FACE_OUTER_BOUND('',#1175,.T.);
#883=FACE_OUTER_BOUND('',#1176,.T.);
#884=FACE_OUTER_BOUND('',#1177,.T.);
#885=FACE_OUTER_BOUND('',#1178,.T.);
#886=FACE_OUTER_BOUND('',#1179,.T.);
#887=FACE_OUTER_BOUND('',#1180,.T.);
#888=FACE_OUTER_BOUND('',#1186,.T.);
#889=FACE_OUTER_BOUND('',#1187,.T.);
#890=FACE_OUTER_BOUND('',#1188,.T.);
#891=FACE_OUTER_BOUND('',#1189,.T.);
#892=FACE_OUTER_BOUND('',#1190,.T.);
#893=FACE_OUTER_BOUND('',#1191,.T.);
#894=FACE_OUTER_BOUND('',#1192,.T.);
#895=FACE_OUTER_BOUND('',#1193,.T.);
#896=FACE_OUTER_BOUND('',#1194,.T.);
#897=FACE_OUTER_BOUND('',#1195,.T.);
#898=FACE_OUTER_BOUND('',#1196,.T.);
#899=FACE_OUTER_BOUND('',#1197,.T.);
#900=FACE_OUTER_BOUND('',#1198,.T.);
#901=FACE_OUTER_BOUND('',#1199,.T.);
#902=FACE_OUTER_BOUND('',#1200,.T.);
#903=FACE_OUTER_BOUND('',#1201,.T.);
#904=FACE_OUTER_BOUND('',#1202,.T.);
#905=FACE_OUTER_BOUND('',#1203,.T.);
#906=FACE_OUTER_BOUND('',#1204,.T.);
#907=FACE_OUTER_BOUND('',#1205,.T.);
#908=FACE_OUTER_BOUND('',#1206,.T.);
#909=FACE_OUTER_BOUND('',#1207,.T.);
#910=FACE_OUTER_BOUND('',#1208,.T.);
#911=FACE_OUTER_BOUND('',#1209,.T.);
#912=FACE_OUTER_BOUND('',#1210,.T.);
#913=FACE_OUTER_BOUND('',#1211,.T.);
#914=FACE_OUTER_BOUND('',#1212,.T.);
#915=FACE_OUTER_BOUND('',#1213,.T.);
#916=FACE_OUTER_BOUND('',#1214,.T.);
#917=FACE_OUTER_BOUND('',#1215,.T.);
#918=FACE_OUTER_BOUND('',#1216,.T.);
#919=FACE_OUTER_BOUND('',#1222,.T.);
#920=FACE_OUTER_BOUND('',#1223,.T.);
#921=FACE_OUTER_BOUND('',#1224,.T.);
#922=FACE_OUTER_BOUND('',#1225,.T.);
#923=FACE_OUTER_BOUND('',#1226,.T.);
#924=FACE_OUTER_BOUND('',#1227,.T.);
#925=FACE_OUTER_BOUND('',#1228,.T.);
#926=FACE_OUTER_BOUND('',#1229,.T.);
#927=FACE_OUTER_BOUND('',#1230,.T.);
#928=FACE_OUTER_BOUND('',#1231,.T.);
#929=FACE_OUTER_BOUND('',#1232,.T.);
#930=FACE_OUTER_BOUND('',#1233,.T.);
#931=FACE_OUTER_BOUND('',#1234,.T.);
#932=FACE_OUTER_BOUND('',#1235,.T.);
#933=FACE_OUTER_BOUND('',#1236,.T.);
#934=FACE_OUTER_BOUND('',#1238,.T.);
#935=FACE_OUTER_BOUND('',#1240,.T.);
#936=FACE_OUTER_BOUND('',#1242,.T.);
#937=FACE_OUTER_BOUND('',#1244,.T.);
#938=FACE_OUTER_BOUND('',#1246,.T.);
#939=FACE_OUTER_BOUND('',#1247,.T.);
#940=FACE_OUTER_BOUND('',#1248,.T.);
#941=FACE_OUTER_BOUND('',#1249,.T.);
#942=FACE_OUTER_BOUND('',#1250,.T.);
#943=FACE_OUTER_BOUND('',#1251,.T.);
#944=FACE_OUTER_BOUND('',#1252,.T.);
#945=FACE_OUTER_BOUND('',#1253,.T.);
#946=FACE_OUTER_BOUND('',#1254,.T.);
#947=FACE_OUTER_BOUND('',#1255,.T.);
#948=FACE_OUTER_BOUND('',#1256,.T.);
#949=FACE_OUTER_BOUND('',#1257,.T.);
#950=FACE_OUTER_BOUND('',#1263,.T.);
#951=FACE_OUTER_BOUND('',#1269,.T.);
#952=FACE_OUTER_BOUND('',#1270,.T.);
#953=FACE_OUTER_BOUND('',#1271,.T.);
#954=FACE_OUTER_BOUND('',#1273,.T.);
#955=FACE_OUTER_BOUND('',#1275,.T.);
#956=FACE_OUTER_BOUND('',#1277,.T.);
#957=FACE_OUTER_BOUND('',#1279,.T.);
#958=FACE_OUTER_BOUND('',#1281,.T.);
#959=FACE_OUTER_BOUND('',#1282,.T.);
#960=FACE_OUTER_BOUND('',#1283,.T.);
#961=FACE_OUTER_BOUND('',#1284,.T.);
#962=FACE_OUTER_BOUND('',#1285,.T.);
#963=FACE_OUTER_BOUND('',#1286,.T.);
#964=FACE_OUTER_BOUND('',#1287,.T.);
#965=FACE_OUTER_BOUND('',#1288,.T.);
#966=FACE_OUTER_BOUND('',#1289,.T.);
#967=FACE_OUTER_BOUND('',#1290,.T.);
#968=FACE_OUTER_BOUND('',#1291,.T.);
#969=FACE_OUTER_BOUND('',#1292,.T.);
#970=FACE_OUTER_BOUND('',#1298,.T.);
#971=FACE_OUTER_BOUND('',#1304,.T.);
#972=FACE_OUTER_BOUND('',#1305,.T.);
#973=FACE_OUTER_BOUND('',#1306,.T.);
#974=FACE_OUTER_BOUND('',#1308,.T.);
#975=FACE_OUTER_BOUND('',#1310,.T.);
#976=FACE_OUTER_BOUND('',#1312,.T.);
#977=FACE_OUTER_BOUND('',#1314,.T.);
#978=FACE_OUTER_BOUND('',#1316,.T.);
#979=FACE_OUTER_BOUND('',#1317,.T.);
#980=FACE_OUTER_BOUND('',#1318,.T.);
#981=FACE_OUTER_BOUND('',#1319,.T.);
#982=FACE_OUTER_BOUND('',#1320,.T.);
#983=FACE_OUTER_BOUND('',#1321,.T.);
#984=FACE_OUTER_BOUND('',#1322,.T.);
#985=FACE_OUTER_BOUND('',#1323,.T.);
#986=FACE_OUTER_BOUND('',#1324,.T.);
#987=FACE_OUTER_BOUND('',#1325,.T.);
#988=FACE_OUTER_BOUND('',#1326,.T.);
#989=FACE_OUTER_BOUND('',#1327,.T.);
#990=FACE_OUTER_BOUND('',#1333,.T.);
#991=FACE_OUTER_BOUND('',#1339,.T.);
#992=FACE_OUTER_BOUND('',#1340,.T.);
#993=FACE_OUTER_BOUND('',#1341,.T.);
#994=FACE_OUTER_BOUND('',#1342,.T.);
#995=FACE_OUTER_BOUND('',#1343,.T.);
#996=FACE_OUTER_BOUND('',#1351,.T.);
#997=FACE_OUTER_BOUND('',#1352,.T.);
#998=FACE_OUTER_BOUND('',#1353,.T.);
#999=FACE_OUTER_BOUND('',#1354,.T.);
#1000=FACE_OUTER_BOUND('',#1355,.T.);
#1001=FACE_OUTER_BOUND('',#1356,.T.);
#1002=FACE_OUTER_BOUND('',#1357,.T.);
#1003=FACE_OUTER_BOUND('',#1358,.T.);
#1004=FACE_OUTER_BOUND('',#1359,.T.);
#1005=FACE_OUTER_BOUND('',#1360,.T.);
#1006=FACE_OUTER_BOUND('',#1361,.T.);
#1007=FACE_OUTER_BOUND('',#1362,.T.);
#1008=FACE_OUTER_BOUND('',#1363,.T.);
#1009=FACE_OUTER_BOUND('',#1364,.T.);
#1010=FACE_OUTER_BOUND('',#1365,.T.);
#1011=FACE_OUTER_BOUND('',#1366,.T.);
#1012=FACE_OUTER_BOUND('',#1367,.T.);
#1013=FACE_OUTER_BOUND('',#1368,.T.);
#1014=FACE_OUTER_BOUND('',#1369,.T.);
#1015=FACE_OUTER_BOUND('',#1379,.T.);
#1016=FACE_OUTER_BOUND('',#1389,.T.);
#1017=FACE_OUTER_BOUND('',#1390,.T.);
#1018=FACE_OUTER_BOUND('',#1391,.T.);
#1019=FACE_OUTER_BOUND('',#1392,.T.);
#1020=FACE_OUTER_BOUND('',#1393,.T.);
#1021=FACE_OUTER_BOUND('',#1394,.T.);
#1022=FACE_OUTER_BOUND('',#1395,.T.);
#1023=FACE_OUTER_BOUND('',#1396,.T.);
#1024=FACE_OUTER_BOUND('',#1402,.T.);
#1025=FACE_OUTER_BOUND('',#1403,.T.);
#1026=FACE_OUTER_BOUND('',#1404,.T.);
#1027=FACE_OUTER_BOUND('',#1411,.T.);
#1028=FACE_OUTER_BOUND('',#1412,.T.);
#1029=FACE_OUTER_BOUND('',#1414,.T.);
#1030=FACE_OUTER_BOUND('',#1415,.T.);
#1031=FACE_OUTER_BOUND('',#1416,.T.);
#1032=FACE_OUTER_BOUND('',#1417,.T.);
#1033=FACE_OUTER_BOUND('',#1418,.T.);
#1034=FACE_OUTER_BOUND('',#1419,.T.);
#1035=FACE_OUTER_BOUND('',#1420,.T.);
#1036=FACE_OUTER_BOUND('',#1421,.T.);
#1037=FACE_OUTER_BOUND('',#1422,.T.);
#1038=FACE_OUTER_BOUND('',#1423,.T.);
#1039=FACE_OUTER_BOUND('',#1424,.T.);
#1040=FACE_OUTER_BOUND('',#1425,.T.);
#1041=FACE_OUTER_BOUND('',#1426,.T.);
#1042=FACE_OUTER_BOUND('',#1427,.T.);
#1043=FACE_OUTER_BOUND('',#1428,.T.);
#1044=FACE_OUTER_BOUND('',#1429,.T.);
#1045=FACE_OUTER_BOUND('',#1430,.T.);
#1046=FACE_OUTER_BOUND('',#1436,.T.);
#1047=FACE_OUTER_BOUND('',#1437,.T.);
#1048=FACE_OUTER_BOUND('',#1438,.T.);
#1049=FACE_OUTER_BOUND('',#1444,.T.);
#1050=FACE_OUTER_BOUND('',#1445,.T.);
#1051=FACE_OUTER_BOUND('',#1446,.T.);
#1052=FACE_OUTER_BOUND('',#1447,.T.);
#1053=FACE_OUTER_BOUND('',#1448,.T.);
#1054=FACE_OUTER_BOUND('',#1449,.T.);
#1055=FACE_OUTER_BOUND('',#1450,.T.);
#1056=FACE_OUTER_BOUND('',#1451,.T.);
#1057=EDGE_LOOP('',(#2612));
#1058=EDGE_LOOP('',(#2613));
#1059=EDGE_LOOP('',(#2614));
#1060=EDGE_LOOP('',(#2615));
#1061=EDGE_LOOP('',(#2616));
#1062=EDGE_LOOP('',(#2617));
#1063=EDGE_LOOP('',(#2618));
#1064=EDGE_LOOP('',(#2619));
#1065=EDGE_LOOP('',(#2620));
#1066=EDGE_LOOP('',(#2621));
#1067=EDGE_LOOP('',(#2622,#2623,#2624,#2625));
#1068=EDGE_LOOP('',(#2626,#2627,#2628,#2629));
#1069=EDGE_LOOP('',(#2630,#2631,#2632,#2633));
#1070=EDGE_LOOP('',(#2634,#2635,#2636,#2637));
#1071=EDGE_LOOP('',(#2638,#2639,#2640,#2641));
#1072=EDGE_LOOP('',(#2642,#2643,#2644,#2645));
#1073=EDGE_LOOP('',(#2646,#2647,#2648,#2649));
#1074=EDGE_LOOP('',(#2650,#2651,#2652,#2653));
#1075=EDGE_LOOP('',(#2654,#2655,#2656,#2657));
#1076=EDGE_LOOP('',(#2658,#2659,#2660,#2661));
#1077=EDGE_LOOP('',(#2662,#2663,#2664,#2665));
#1078=EDGE_LOOP('',(#2666));
#1079=EDGE_LOOP('',(#2667));
#1080=EDGE_LOOP('',(#2668));
#1081=EDGE_LOOP('',(#2669));
#1082=EDGE_LOOP('',(#2670));
#1083=EDGE_LOOP('',(#2671));
#1084=EDGE_LOOP('',(#2672));
#1085=EDGE_LOOP('',(#2673));
#1086=EDGE_LOOP('',(#2674));
#1087=EDGE_LOOP('',(#2675));
#1088=EDGE_LOOP('',(#2676));
#1089=EDGE_LOOP('',(#2677));
#1090=EDGE_LOOP('',(#2678,#2679,#2680,#2681));
#1091=EDGE_LOOP('',(#2682,#2683,#2684,#2685));
#1092=EDGE_LOOP('',(#2686));
#1093=EDGE_LOOP('',(#2687));
#1094=EDGE_LOOP('',(#2688));
#1095=EDGE_LOOP('',(#2689));
#1096=EDGE_LOOP('',(#2690));
#1097=EDGE_LOOP('',(#2691));
#1098=EDGE_LOOP('',(#2692));
#1099=EDGE_LOOP('',(#2693));
#1100=EDGE_LOOP('',(#2694));
#1101=EDGE_LOOP('',(#2695));
#1102=EDGE_LOOP('',(#2696,#2697,#2698,#2699));
#1103=EDGE_LOOP('',(#2700,#2701,#2702,#2703));
#1104=EDGE_LOOP('',(#2704,#2705,#2706,#2707));
#1105=EDGE_LOOP('',(#2708,#2709,#2710,#2711));
#1106=EDGE_LOOP('',(#2712,#2713,#2714,#2715));
#1107=EDGE_LOOP('',(#2716,#2717,#2718,#2719));
#1108=EDGE_LOOP('',(#2720,#2721,#2722,#2723));
#1109=EDGE_LOOP('',(#2724,#2725,#2726,#2727));
#1110=EDGE_LOOP('',(#2728,#2729,#2730,#2731));
#1111=EDGE_LOOP('',(#2732,#2733,#2734,#2735));
#1112=EDGE_LOOP('',(#2736,#2737,#2738,#2739));
#1113=EDGE_LOOP('',(#2740));
#1114=EDGE_LOOP('',(#2741));
#1115=EDGE_LOOP('',(#2742));
#1116=EDGE_LOOP('',(#2743));
#1117=EDGE_LOOP('',(#2744));
#1118=EDGE_LOOP('',(#2745));
#1119=EDGE_LOOP('',(#2746));
#1120=EDGE_LOOP('',(#2747));
#1121=EDGE_LOOP('',(#2748));
#1122=EDGE_LOOP('',(#2749));
#1123=EDGE_LOOP('',(#2750));
#1124=EDGE_LOOP('',(#2751));
#1125=EDGE_LOOP('',(#2752,#2753,#2754,#2755));
#1126=EDGE_LOOP('',(#2756,#2757,#2758,#2759));
#1127=EDGE_LOOP('',(#2760,#2761,#2762,#2763));
#1128=EDGE_LOOP('',(#2764,#2765,#2766,#2767));
#1129=EDGE_LOOP('',(#2768));
#1130=EDGE_LOOP('',(#2769,#2770,#2771,#2772));
#1131=EDGE_LOOP('',(#2773,#2774,#2775,#2776));
#1132=EDGE_LOOP('',(#2777));
#1133=EDGE_LOOP('',(#2778,#2779,#2780,#2781));
#1134=EDGE_LOOP('',(#2782,#2783,#2784,#2785));
#1135=EDGE_LOOP('',(#2786));
#1136=EDGE_LOOP('',(#2787,#2788,#2789,#2790));
#1137=EDGE_LOOP('',(#2791,#2792,#2793,#2794));
#1138=EDGE_LOOP('',(#2795));
#1139=EDGE_LOOP('',(#2796,#2797,#2798,#2799));
#1140=EDGE_LOOP('',(#2800,#2801,#2802,#2803));
#1141=EDGE_LOOP('',(#2804));
#1142=EDGE_LOOP('',(#2805,#2806,#2807,#2808));
#1143=EDGE_LOOP('',(#2809,#2810,#2811,#2812));
#1144=EDGE_LOOP('',(#2813));
#1145=EDGE_LOOP('',(#2814,#2815,#2816,#2817));
#1146=EDGE_LOOP('',(#2818,#2819,#2820,#2821));
#1147=EDGE_LOOP('',(#2822));
#1148=EDGE_LOOP('',(#2823,#2824,#2825,#2826));
#1149=EDGE_LOOP('',(#2827,#2828,#2829,#2830));
#1150=EDGE_LOOP('',(#2831));
#1151=EDGE_LOOP('',(#2832,#2833,#2834,#2835));
#1152=EDGE_LOOP('',(#2836,#2837,#2838,#2839,#2840,#2841,#2842,#2843));
#1153=EDGE_LOOP('',(#2844));
#1154=EDGE_LOOP('',(#2845));
#1155=EDGE_LOOP('',(#2846));
#1156=EDGE_LOOP('',(#2847));
#1157=EDGE_LOOP('',(#2848,#2849,#2850,#2851));
#1158=EDGE_LOOP('',(#2852,#2853,#2854,#2855,#2856,#2857,#2858,#2859));
#1159=EDGE_LOOP('',(#2860));
#1160=EDGE_LOOP('',(#2861));
#1161=EDGE_LOOP('',(#2862));
#1162=EDGE_LOOP('',(#2863));
#1163=EDGE_LOOP('',(#2864));
#1164=EDGE_LOOP('',(#2865));
#1165=EDGE_LOOP('',(#2866));
#1166=EDGE_LOOP('',(#2867));
#1167=EDGE_LOOP('',(#2868,#2869,#2870,#2871,#2872));
#1168=EDGE_LOOP('',(#2873));
#1169=EDGE_LOOP('',(#2874,#2875,#2876,#2877,#2878));
#1170=EDGE_LOOP('',(#2879,#2880,#2881,#2882,#2883));
#1171=EDGE_LOOP('',(#2884));
#1172=EDGE_LOOP('',(#2885,#2886,#2887,#2888,#2889));
#1173=EDGE_LOOP('',(#2890,#2891,#2892,#2893,#2894));
#1174=EDGE_LOOP('',(#2895));
#1175=EDGE_LOOP('',(#2896,#2897,#2898,#2899,#2900));
#1176=EDGE_LOOP('',(#2901,#2902,#2903,#2904,#2905));
#1177=EDGE_LOOP('',(#2906));
#1178=EDGE_LOOP('',(#2907,#2908,#2909,#2910,#2911));
#1179=EDGE_LOOP('',(#2912,#2913,#2914,#2915,#2916));
#1180=EDGE_LOOP('',(#2917));
#1181=EDGE_LOOP('',(#2918));
#1182=EDGE_LOOP('',(#2919));
#1183=EDGE_LOOP('',(#2920,#2921,#2922,#2923));
#1184=EDGE_LOOP('',(#2924));
#1185=EDGE_LOOP('',(#2925));
#1186=EDGE_LOOP('',(#2926,#2927,#2928,#2929,#2930,#2931));
#1187=EDGE_LOOP('',(#2932,#2933,#2934,#2935,#2936));
#1188=EDGE_LOOP('',(#2937,#2938,#2939,#2940,#2941,#2942));
#1189=EDGE_LOOP('',(#2943,#2944,#2945,#2946,#2947));
#1190=EDGE_LOOP('',(#2948,#2949,#2950,#2951,#2952,#2953));
#1191=EDGE_LOOP('',(#2954,#2955,#2956,#2957,#2958));
#1192=EDGE_LOOP('',(#2959,#2960,#2961,#2962,#2963,#2964));
#1193=EDGE_LOOP('',(#2965,#2966,#2967,#2968));
#1194=EDGE_LOOP('',(#2969,#2970,#2971,#2972));
#1195=EDGE_LOOP('',(#2973,#2974,#2975,#2976));
#1196=EDGE_LOOP('',(#2977,#2978,#2979,#2980));
#1197=EDGE_LOOP('',(#2981,#2982,#2983,#2984));
#1198=EDGE_LOOP('',(#2985,#2986,#2987,#2988,#2989,#2990,#2991,#2992,#2993,
#2994));
#1199=EDGE_LOOP('',(#2995,#2996,#2997,#2998));
#1200=EDGE_LOOP('',(#2999,#3000,#3001,#3002));
#1201=EDGE_LOOP('',(#3003,#3004,#3005,#3006));
#1202=EDGE_LOOP('',(#3007,#3008,#3009,#3010));
#1203=EDGE_LOOP('',(#3011,#3012,#3013,#3014));
#1204=EDGE_LOOP('',(#3015,#3016,#3017,#3018));
#1205=EDGE_LOOP('',(#3019,#3020,#3021,#3022));
#1206=EDGE_LOOP('',(#3023,#3024,#3025,#3026));
#1207=EDGE_LOOP('',(#3027,#3028,#3029,#3030));
#1208=EDGE_LOOP('',(#3031,#3032,#3033,#3034));
#1209=EDGE_LOOP('',(#3035,#3036,#3037,#3038));
#1210=EDGE_LOOP('',(#3039,#3040,#3041,#3042));
#1211=EDGE_LOOP('',(#3043,#3044,#3045,#3046));
#1212=EDGE_LOOP('',(#3047,#3048,#3049,#3050));
#1213=EDGE_LOOP('',(#3051,#3052,#3053,#3054));
#1214=EDGE_LOOP('',(#3055,#3056,#3057,#3058));
#1215=EDGE_LOOP('',(#3059,#3060,#3061,#3062));
#1216=EDGE_LOOP('',(#3063));
#1217=EDGE_LOOP('',(#3064));
#1218=EDGE_LOOP('',(#3065));
#1219=EDGE_LOOP('',(#3066));
#1220=EDGE_LOOP('',(#3067));
#1221=EDGE_LOOP('',(#3068,#3069,#3070,#3071,#3072,#3073,#3074,#3075,#3076,
#3077,#3078,#3079));
#1222=EDGE_LOOP('',(#3080,#3081,#3082,#3083,#3084));
#1223=EDGE_LOOP('',(#3085,#3086,#3087,#3088,#3089));
#1224=EDGE_LOOP('',(#3090,#3091,#3092,#3093,#3094));
#1225=EDGE_LOOP('',(#3095,#3096,#3097,#3098,#3099));
#1226=EDGE_LOOP('',(#3100,#3101,#3102,#3103));
#1227=EDGE_LOOP('',(#3104,#3105,#3106,#3107));
#1228=EDGE_LOOP('',(#3108,#3109,#3110,#3111));
#1229=EDGE_LOOP('',(#3112,#3113,#3114,#3115));
#1230=EDGE_LOOP('',(#3116,#3117,#3118,#3119));
#1231=EDGE_LOOP('',(#3120,#3121,#3122,#3123,#3124,#3125,#3126,#3127,#3128,
#3129));
#1232=EDGE_LOOP('',(#3130,#3131,#3132,#3133));
#1233=EDGE_LOOP('',(#3134,#3135,#3136,#3137));
#1234=EDGE_LOOP('',(#3138,#3139,#3140,#3141));
#1235=EDGE_LOOP('',(#3142,#3143,#3144,#3145));
#1236=EDGE_LOOP('',(#3146));
#1237=EDGE_LOOP('',(#3147));
#1238=EDGE_LOOP('',(#3148));
#1239=EDGE_LOOP('',(#3149));
#1240=EDGE_LOOP('',(#3150));
#1241=EDGE_LOOP('',(#3151));
#1242=EDGE_LOOP('',(#3152));
#1243=EDGE_LOOP('',(#3153));
#1244=EDGE_LOOP('',(#3154));
#1245=EDGE_LOOP('',(#3155));
#1246=EDGE_LOOP('',(#3156,#3157,#3158,#3159));
#1247=EDGE_LOOP('',(#3160,#3161,#3162,#3163));
#1248=EDGE_LOOP('',(#3164,#3165,#3166,#3167));
#1249=EDGE_LOOP('',(#3168,#3169,#3170,#3171));
#1250=EDGE_LOOP('',(#3172,#3173,#3174,#3175));
#1251=EDGE_LOOP('',(#3176,#3177,#3178,#3179));
#1252=EDGE_LOOP('',(#3180,#3181,#3182,#3183));
#1253=EDGE_LOOP('',(#3184,#3185,#3186,#3187));
#1254=EDGE_LOOP('',(#3188,#3189,#3190,#3191));
#1255=EDGE_LOOP('',(#3192,#3193,#3194,#3195));
#1256=EDGE_LOOP('',(#3196,#3197,#3198,#3199));
#1257=EDGE_LOOP('',(#3200));
#1258=EDGE_LOOP('',(#3201));
#1259=EDGE_LOOP('',(#3202));
#1260=EDGE_LOOP('',(#3203));
#1261=EDGE_LOOP('',(#3204));
#1262=EDGE_LOOP('',(#3205));
#1263=EDGE_LOOP('',(#3206));
#1264=EDGE_LOOP('',(#3207));
#1265=EDGE_LOOP('',(#3208));
#1266=EDGE_LOOP('',(#3209));
#1267=EDGE_LOOP('',(#3210));
#1268=EDGE_LOOP('',(#3211));
#1269=EDGE_LOOP('',(#3212,#3213,#3214,#3215));
#1270=EDGE_LOOP('',(#3216,#3217,#3218,#3219));
#1271=EDGE_LOOP('',(#3220));
#1272=EDGE_LOOP('',(#3221));
#1273=EDGE_LOOP('',(#3222));
#1274=EDGE_LOOP('',(#3223));
#1275=EDGE_LOOP('',(#3224));
#1276=EDGE_LOOP('',(#3225));
#1277=EDGE_LOOP('',(#3226));
#1278=EDGE_LOOP('',(#3227));
#1279=EDGE_LOOP('',(#3228));
#1280=EDGE_LOOP('',(#3229));
#1281=EDGE_LOOP('',(#3230,#3231,#3232,#3233));
#1282=EDGE_LOOP('',(#3234,#3235,#3236,#3237));
#1283=EDGE_LOOP('',(#3238,#3239,#3240,#3241));
#1284=EDGE_LOOP('',(#3242,#3243,#3244,#3245));
#1285=EDGE_LOOP('',(#3246,#3247,#3248,#3249));
#1286=EDGE_LOOP('',(#3250,#3251,#3252,#3253));
#1287=EDGE_LOOP('',(#3254,#3255,#3256,#3257));
#1288=EDGE_LOOP('',(#3258,#3259,#3260,#3261));
#1289=EDGE_LOOP('',(#3262,#3263,#3264,#3265));
#1290=EDGE_LOOP('',(#3266,#3267,#3268,#3269));
#1291=EDGE_LOOP('',(#3270,#3271,#3272,#3273));
#1292=EDGE_LOOP('',(#3274));
#1293=EDGE_LOOP('',(#3275));
#1294=EDGE_LOOP('',(#3276));
#1295=EDGE_LOOP('',(#3277));
#1296=EDGE_LOOP('',(#3278));
#1297=EDGE_LOOP('',(#3279));
#1298=EDGE_LOOP('',(#3280));
#1299=EDGE_LOOP('',(#3281));
#1300=EDGE_LOOP('',(#3282));
#1301=EDGE_LOOP('',(#3283));
#1302=EDGE_LOOP('',(#3284));
#1303=EDGE_LOOP('',(#3285));
#1304=EDGE_LOOP('',(#3286,#3287,#3288,#3289));
#1305=EDGE_LOOP('',(#3290,#3291,#3292,#3293));
#1306=EDGE_LOOP('',(#3294));
#1307=EDGE_LOOP('',(#3295));
#1308=EDGE_LOOP('',(#3296));
#1309=EDGE_LOOP('',(#3297));
#1310=EDGE_LOOP('',(#3298));
#1311=EDGE_LOOP('',(#3299));
#1312=EDGE_LOOP('',(#3300));
#1313=EDGE_LOOP('',(#3301));
#1314=EDGE_LOOP('',(#3302));
#1315=EDGE_LOOP('',(#3303));
#1316=EDGE_LOOP('',(#3304,#3305,#3306,#3307));
#1317=EDGE_LOOP('',(#3308,#3309,#3310,#3311));
#1318=EDGE_LOOP('',(#3312,#3313,#3314,#3315));
#1319=EDGE_LOOP('',(#3316,#3317,#3318,#3319));
#1320=EDGE_LOOP('',(#3320,#3321,#3322,#3323));
#1321=EDGE_LOOP('',(#3324,#3325,#3326,#3327));
#1322=EDGE_LOOP('',(#3328,#3329,#3330,#3331));
#1323=EDGE_LOOP('',(#3332,#3333,#3334,#3335));
#1324=EDGE_LOOP('',(#3336,#3337,#3338,#3339));
#1325=EDGE_LOOP('',(#3340,#3341,#3342,#3343));
#1326=EDGE_LOOP('',(#3344,#3345,#3346,#3347));
#1327=EDGE_LOOP('',(#3348));
#1328=EDGE_LOOP('',(#3349));
#1329=EDGE_LOOP('',(#3350));
#1330=EDGE_LOOP('',(#3351));
#1331=EDGE_LOOP('',(#3352));
#1332=EDGE_LOOP('',(#3353));
#1333=EDGE_LOOP('',(#3354));
#1334=EDGE_LOOP('',(#3355));
#1335=EDGE_LOOP('',(#3356));
#1336=EDGE_LOOP('',(#3357));
#1337=EDGE_LOOP('',(#3358));
#1338=EDGE_LOOP('',(#3359));
#1339=EDGE_LOOP('',(#3360,#3361,#3362,#3363));
#1340=EDGE_LOOP('',(#3364,#3365,#3366,#3367));
#1341=EDGE_LOOP('',(#3368,#3369,#3370,#3371,#3372));
#1342=EDGE_LOOP('',(#3373,#3374,#3375,#3376,#3377));
#1343=EDGE_LOOP('',(#3378));
#1344=EDGE_LOOP('',(#3379,#3380,#3381,#3382));
#1345=EDGE_LOOP('',(#3383));
#1346=EDGE_LOOP('',(#3384));
#1347=EDGE_LOOP('',(#3385));
#1348=EDGE_LOOP('',(#3386,#3387,#3388,#3389));
#1349=EDGE_LOOP('',(#3390));
#1350=EDGE_LOOP('',(#3391));
#1351=EDGE_LOOP('',(#3392,#3393,#3394,#3395));
#1352=EDGE_LOOP('',(#3396,#3397,#3398,#3399));
#1353=EDGE_LOOP('',(#3400,#3401,#3402,#3403));
#1354=EDGE_LOOP('',(#3404,#3405,#3406,#3407));
#1355=EDGE_LOOP('',(#3408,#3409,#3410,#3411));
#1356=EDGE_LOOP('',(#3412,#3413,#3414,#3415));
#1357=EDGE_LOOP('',(#3416,#3417,#3418,#3419));
#1358=EDGE_LOOP('',(#3420,#3421,#3422,#3423));
#1359=EDGE_LOOP('',(#3424,#3425,#3426,#3427));
#1360=EDGE_LOOP('',(#3428,#3429,#3430,#3431));
#1361=EDGE_LOOP('',(#3432,#3433,#3434,#3435));
#1362=EDGE_LOOP('',(#3436,#3437,#3438,#3439));
#1363=EDGE_LOOP('',(#3440,#3441,#3442,#3443));
#1364=EDGE_LOOP('',(#3444,#3445,#3446,#3447));
#1365=EDGE_LOOP('',(#3448,#3449,#3450,#3451));
#1366=EDGE_LOOP('',(#3452,#3453,#3454,#3455));
#1367=EDGE_LOOP('',(#3456,#3457,#3458,#3459));
#1368=EDGE_LOOP('',(#3460,#3461,#3462,#3463));
#1369=EDGE_LOOP('',(#3464,#3465,#3466,#3467));
#1370=EDGE_LOOP('',(#3468));
#1371=EDGE_LOOP('',(#3469));
#1372=EDGE_LOOP('',(#3470));
#1373=EDGE_LOOP('',(#3471));
#1374=EDGE_LOOP('',(#3472,#3473,#3474,#3475));
#1375=EDGE_LOOP('',(#3476));
#1376=EDGE_LOOP('',(#3477));
#1377=EDGE_LOOP('',(#3478));
#1378=EDGE_LOOP('',(#3479));
#1379=EDGE_LOOP('',(#3480,#3481,#3482,#3483));
#1380=EDGE_LOOP('',(#3484));
#1381=EDGE_LOOP('',(#3485));
#1382=EDGE_LOOP('',(#3486));
#1383=EDGE_LOOP('',(#3487));
#1384=EDGE_LOOP('',(#3488,#3489,#3490,#3491));
#1385=EDGE_LOOP('',(#3492));
#1386=EDGE_LOOP('',(#3493));
#1387=EDGE_LOOP('',(#3494));
#1388=EDGE_LOOP('',(#3495));
#1389=EDGE_LOOP('',(#3496,#3497,#3498,#3499));
#1390=EDGE_LOOP('',(#3500,#3501,#3502,#3503));
#1391=EDGE_LOOP('',(#3504,#3505,#3506,#3507));
#1392=EDGE_LOOP('',(#3508,#3509,#3510,#3511));
#1393=EDGE_LOOP('',(#3512,#3513,#3514,#3515));
#1394=EDGE_LOOP('',(#3516,#3517,#3518,#3519));
#1395=EDGE_LOOP('',(#3520,#3521,#3522,#3523));
#1396=EDGE_LOOP('',(#3524));
#1397=EDGE_LOOP('',(#3525));
#1398=EDGE_LOOP('',(#3526));
#1399=EDGE_LOOP('',(#3527));
#1400=EDGE_LOOP('',(#3528));
#1401=EDGE_LOOP('',(#3529));
#1402=EDGE_LOOP('',(#3530,#3531,#3532,#3533));
#1403=EDGE_LOOP('',(#3534,#3535,#3536,#3537));
#1404=EDGE_LOOP('',(#3538,#3539,#3540,#3541));
#1405=EDGE_LOOP('',(#3542));
#1406=EDGE_LOOP('',(#3543));
#1407=EDGE_LOOP('',(#3544));
#1408=EDGE_LOOP('',(#3545));
#1409=EDGE_LOOP('',(#3546));
#1410=EDGE_LOOP('',(#3547));
#1411=EDGE_LOOP('',(#3548,#3549,#3550,#3551));
#1412=EDGE_LOOP('',(#3552,#3553,#3554,#3555,#3556));
#1413=EDGE_LOOP('',(#3557));
#1414=EDGE_LOOP('',(#3558,#3559,#3560,#3561));
#1415=EDGE_LOOP('',(#3562,#3563,#3564,#3565));
#1416=EDGE_LOOP('',(#3566,#3567,#3568,#3569));
#1417=EDGE_LOOP('',(#3570,#3571,#3572,#3573));
#1418=EDGE_LOOP('',(#3574,#3575));
#1419=EDGE_LOOP('',(#3576,#3577));
#1420=EDGE_LOOP('',(#3578,#3579,#3580,#3581));
#1421=EDGE_LOOP('',(#3582,#3583));
#1422=EDGE_LOOP('',(#3584,#3585));
#1423=EDGE_LOOP('',(#3586,#3587,#3588,#3589));
#1424=EDGE_LOOP('',(#3590,#3591));
#1425=EDGE_LOOP('',(#3592,#3593));
#1426=EDGE_LOOP('',(#3594,#3595,#3596,#3597));
#1427=EDGE_LOOP('',(#3598,#3599));
#1428=EDGE_LOOP('',(#3600,#3601));
#1429=EDGE_LOOP('',(#3602,#3603,#3604,#3605));
#1430=EDGE_LOOP('',(#3606));
#1431=EDGE_LOOP('',(#3607));
#1432=EDGE_LOOP('',(#3608));
#1433=EDGE_LOOP('',(#3609));
#1434=EDGE_LOOP('',(#3610));
#1435=EDGE_LOOP('',(#3611));
#1436=EDGE_LOOP('',(#3612,#3613,#3614,#3615));
#1437=EDGE_LOOP('',(#3616,#3617,#3618,#3619));
#1438=EDGE_LOOP('',(#3620,#3621,#3622,#3623));
#1439=EDGE_LOOP('',(#3624,#3625,#3626,#3627));
#1440=EDGE_LOOP('',(#3628,#3629,#3630,#3631));
#1441=EDGE_LOOP('',(#3632,#3633,#3634,#3635));
#1442=EDGE_LOOP('',(#3636,#3637,#3638,#3639));
#1443=EDGE_LOOP('',(#3640,#3641,#3642,#3643));
#1444=EDGE_LOOP('',(#3644,#3645,#3646,#3647));
#1445=EDGE_LOOP('',(#3648,#3649,#3650,#3651));
#1446=EDGE_LOOP('',(#3652,#3653,#3654,#3655));
#1447=EDGE_LOOP('',(#3656,#3657,#3658,#3659));
#1448=EDGE_LOOP('',(#3660,#3661,#3662,#3663));
#1449=EDGE_LOOP('',(#3664,#3665,#3666,#3667));
#1450=EDGE_LOOP('',(#3668,#3669,#3670,#3671));
#1451=EDGE_LOOP('',(#3672,#3673,#3674,#3675,#3676,#3677,#3678,#3679));
#1452=CIRCLE('',#4051,100.);
#1453=CIRCLE('',#4052,95.);
#1454=CIRCLE('',#4054,5.);
#1455=CIRCLE('',#4055,1.8);
#1456=CIRCLE('',#4057,5.);
#1457=CIRCLE('',#4058,1.8);
#1458=CIRCLE('',#4060,5.);
#1459=CIRCLE('',#4061,1.8);
#1460=CIRCLE('',#4063,5.);
#1461=CIRCLE('',#4064,1.8);
#1462=CIRCLE('',#4066,65.);
#1463=CIRCLE('',#4067,95.);
#1464=CIRCLE('',#4069,65.);
#1465=CIRCLE('',#4070,100.);
#1466=CIRCLE('',#4072,5.);
#1467=CIRCLE('',#4074,1.8);
#1468=CIRCLE('',#4076,5.);
#1469=CIRCLE('',#4078,1.8);
#1470=CIRCLE('',#4080,5.);
#1471=CIRCLE('',#4082,1.8);
#1472=CIRCLE('',#4084,5.);
#1473=CIRCLE('',#4086,1.8);
#1474=CIRCLE('',#4088,30.);
#1475=CIRCLE('',#4089,30.);
#1476=CIRCLE('',#4095,100.);
#1477=CIRCLE('',#4096,95.);
#1478=CIRCLE('',#4098,5.);
#1479=CIRCLE('',#4099,1.8);
#1480=CIRCLE('',#4101,5.);
#1481=CIRCLE('',#4102,1.8);
#1482=CIRCLE('',#4104,5.);
#1483=CIRCLE('',#4105,1.8);
#1484=CIRCLE('',#4107,5.);
#1485=CIRCLE('',#4108,1.8);
#1486=CIRCLE('',#4110,65.);
#1487=CIRCLE('',#4111,95.);
#1488=CIRCLE('',#4113,65.);
#1489=CIRCLE('',#4114,100.);
#1490=CIRCLE('',#4116,5.);
#1491=CIRCLE('',#4118,1.8);
#1492=CIRCLE('',#4120,5.);
#1493=CIRCLE('',#4122,1.8);
#1494=CIRCLE('',#4124,5.);
#1495=CIRCLE('',#4126,1.8);
#1496=CIRCLE('',#4128,5.);
#1497=CIRCLE('',#4130,1.8);
#1498=CIRCLE('',#4132,30.);
#1499=CIRCLE('',#4133,30.);
#1500=CIRCLE('',#4139,1.8);
#1501=CIRCLE('',#4140,0.2);
#1502=CIRCLE('',#4141,2.);
#1503=CIRCLE('',#4143,2.);
#1504=CIRCLE('',#4146,1.8);
#1505=CIRCLE('',#4147,0.2);
#1506=CIRCLE('',#4148,2.);
#1507=CIRCLE('',#4150,2.);
#1508=CIRCLE('',#4153,1.8);
#1509=CIRCLE('',#4154,0.2);
#1510=CIRCLE('',#4155,2.);
#1511=CIRCLE('',#4157,2.);
#1512=CIRCLE('',#4160,1.8);
#1513=CIRCLE('',#4161,0.2);
#1514=CIRCLE('',#4162,2.);
#1515=CIRCLE('',#4164,2.);
#1516=CIRCLE('',#4167,1.8);
#1517=CIRCLE('',#4168,0.2);
#1518=CIRCLE('',#4169,2.);
#1519=CIRCLE('',#4171,2.);
#1520=CIRCLE('',#4174,1.8);
#1521=CIRCLE('',#4175,0.2);
#1522=CIRCLE('',#4176,2.);
#1523=CIRCLE('',#4178,2.);
#1524=CIRCLE('',#4181,1.8);
#1525=CIRCLE('',#4182,0.2);
#1526=CIRCLE('',#4183,2.);
#1527=CIRCLE('',#4185,2.);
#1528=CIRCLE('',#4188,1.8);
#1529=CIRCLE('',#4189,0.2);
#1530=CIRCLE('',#4190,2.);
#1531=CIRCLE('',#4192,2.);
#1532=CIRCLE('',#4195,0.5);
#1533=CIRCLE('',#4196,0.5);
#1534=CIRCLE('',#4198,1.1);
#1535=CIRCLE('',#4199,1.1);
#1536=CIRCLE('',#4200,1.1);
#1537=CIRCLE('',#4201,1.1);
#1538=CIRCLE('',#4203,2.);
#1539=CIRCLE('',#4204,2.);
#1540=CIRCLE('',#4207,1.1);
#1541=CIRCLE('',#4208,0.5);
#1542=CIRCLE('',#4209,0.600000000000001);
#1543=CIRCLE('',#4210,1.1);
#1544=CIRCLE('',#4214,1.1);
#1545=CIRCLE('',#4215,0.5);
#1546=CIRCLE('',#4216,0.6);
#1547=CIRCLE('',#4217,1.1);
#1548=CIRCLE('',#4221,1.1);
#1549=CIRCLE('',#4222,0.5);
#1550=CIRCLE('',#4223,0.6);
#1551=CIRCLE('',#4224,1.1);
#1552=CIRCLE('',#4228,1.1);
#1553=CIRCLE('',#4229,0.5);
#1554=CIRCLE('',#4230,0.6);
#1555=CIRCLE('',#4231,1.1);
#1556=CIRCLE('',#4235,1.8);
#1557=CIRCLE('',#4236,1.);
#1558=CIRCLE('',#4237,2.8);
#1559=CIRCLE('',#4238,1.8);
#1560=CIRCLE('',#4240,64.);
#1561=CIRCLE('',#4241,2.8);
#1562=CIRCLE('',#4242,2.8);
#1563=CIRCLE('',#4243,2.8);
#1564=CIRCLE('',#4245,1.8);
#1565=CIRCLE('',#4246,1.8);
#1566=CIRCLE('',#4248,1.8);
#1567=CIRCLE('',#4249,1.);
#1568=CIRCLE('',#4250,1.8);
#1569=CIRCLE('',#4252,1.8);
#1570=CIRCLE('',#4253,1.8);
#1571=CIRCLE('',#4255,1.8);
#1572=CIRCLE('',#4256,1.);
#1573=CIRCLE('',#4257,1.8);
#1574=CIRCLE('',#4259,1.8);
#1575=CIRCLE('',#4260,1.8);
#1576=CIRCLE('',#4262,1.8);
#1577=CIRCLE('',#4263,1.);
#1578=CIRCLE('',#4264,1.8);
#1579=CIRCLE('',#4266,1.8);
#1580=CIRCLE('',#4267,1.8);
#1581=CIRCLE('',#4308,64.);
#1582=CIRCLE('',#4309,2.8);
#1583=CIRCLE('',#4310,2.8);
#1584=CIRCLE('',#4311,2.8);
#1585=CIRCLE('',#4312,2.8);
#1586=CIRCLE('',#4314,1.);
#1587=CIRCLE('',#4316,1.);
#1588=CIRCLE('',#4318,1.);
#1589=CIRCLE('',#4320,1.);
#1590=CIRCLE('',#4322,1.);
#1591=CIRCLE('',#4323,65.);
#1592=CIRCLE('',#4325,65.);
#1593=CIRCLE('',#4327,1.);
#1594=CIRCLE('',#4336,100.);
#1595=CIRCLE('',#4337,95.);
#1596=CIRCLE('',#4339,5.);
#1597=CIRCLE('',#4340,1.8);
#1598=CIRCLE('',#4342,5.);
#1599=CIRCLE('',#4343,1.8);
#1600=CIRCLE('',#4345,5.);
#1601=CIRCLE('',#4346,1.8);
#1602=CIRCLE('',#4348,5.);
#1603=CIRCLE('',#4349,1.8);
#1604=CIRCLE('',#4351,65.);
#1605=CIRCLE('',#4352,95.);
#1606=CIRCLE('',#4354,65.);
#1607=CIRCLE('',#4355,100.);
#1608=CIRCLE('',#4357,5.);
#1609=CIRCLE('',#4359,1.8);
#1610=CIRCLE('',#4361,5.);
#1611=CIRCLE('',#4363,1.8);
#1612=CIRCLE('',#4365,5.);
#1613=CIRCLE('',#4367,1.8);
#1614=CIRCLE('',#4369,5.);
#1615=CIRCLE('',#4371,1.8);
#1616=CIRCLE('',#4373,30.);
#1617=CIRCLE('',#4374,30.);
#1618=CIRCLE('',#4380,100.);
#1619=CIRCLE('',#4381,95.);
#1620=CIRCLE('',#4383,5.);
#1621=CIRCLE('',#4384,1.8);
#1622=CIRCLE('',#4386,5.);
#1623=CIRCLE('',#4387,1.8);
#1624=CIRCLE('',#4389,5.);
#1625=CIRCLE('',#4390,1.8);
#1626=CIRCLE('',#4392,5.);
#1627=CIRCLE('',#4393,1.8);
#1628=CIRCLE('',#4395,65.);
#1629=CIRCLE('',#4396,95.);
#1630=CIRCLE('',#4398,65.);
#1631=CIRCLE('',#4399,100.);
#1632=CIRCLE('',#4401,5.);
#1633=CIRCLE('',#4403,1.8);
#1634=CIRCLE('',#4405,5.);
#1635=CIRCLE('',#4407,1.8);
#1636=CIRCLE('',#4409,5.);
#1637=CIRCLE('',#4411,1.8);
#1638=CIRCLE('',#4413,5.);
#1639=CIRCLE('',#4415,1.8);
#1640=CIRCLE('',#4417,30.);
#1641=CIRCLE('',#4418,30.);
#1642=CIRCLE('',#4424,100.);
#1643=CIRCLE('',#4425,95.);
#1644=CIRCLE('',#4427,5.);
#1645=CIRCLE('',#4428,1.8);
#1646=CIRCLE('',#4430,5.);
#1647=CIRCLE('',#4431,1.8);
#1648=CIRCLE('',#4433,5.);
#1649=CIRCLE('',#4434,1.8);
#1650=CIRCLE('',#4436,5.);
#1651=CIRCLE('',#4437,1.8);
#1652=CIRCLE('',#4439,65.);
#1653=CIRCLE('',#4440,95.);
#1654=CIRCLE('',#4442,65.);
#1655=CIRCLE('',#4443,100.);
#1656=CIRCLE('',#4445,5.);
#1657=CIRCLE('',#4447,1.8);
#1658=CIRCLE('',#4449,5.);
#1659=CIRCLE('',#4451,1.8);
#1660=CIRCLE('',#4453,5.);
#1661=CIRCLE('',#4455,1.8);
#1662=CIRCLE('',#4457,5.);
#1663=CIRCLE('',#4459,1.8);
#1664=CIRCLE('',#4461,30.);
#1665=CIRCLE('',#4462,30.);
#1666=CIRCLE('',#4468,5.);
#1667=CIRCLE('',#4469,1.8);
#1668=CIRCLE('',#4470,3.2);
#1669=CIRCLE('',#4471,3.2);
#1670=CIRCLE('',#4473,3.2);
#1671=CIRCLE('',#4475,65.);
#1672=CIRCLE('',#4476,1.8);
#1673=CIRCLE('',#4477,1.8);
#1674=CIRCLE('',#4478,1.8);
#1675=CIRCLE('',#4479,1.8);
#1676=CIRCLE('',#4481,1.35);
#1677=CIRCLE('',#4482,1.35);
#1678=CIRCLE('',#4484,1.35);
#1679=CIRCLE('',#4485,1.35);
#1680=CIRCLE('',#4487,1.35);
#1681=CIRCLE('',#4488,1.35);
#1682=CIRCLE('',#4490,1.35);
#1683=CIRCLE('',#4491,1.35);
#1684=CIRCLE('',#4493,1.35);
#1685=CIRCLE('',#4494,1.35);
#1686=CIRCLE('',#4496,1.35);
#1687=CIRCLE('',#4497,1.35);
#1688=CIRCLE('',#4499,1.35);
#1689=CIRCLE('',#4500,1.35);
#1690=CIRCLE('',#4502,1.35);
#1691=CIRCLE('',#4503,1.35);
#1692=CIRCLE('',#4519,1.8);
#1693=CIRCLE('',#4521,1.8);
#1694=CIRCLE('',#4523,1.8);
#1695=CIRCLE('',#4525,1.8);
#1696=CIRCLE('',#4527,65.);
#1697=CIRCLE('',#4531,47.5);
#1698=CIRCLE('',#4532,65.);
#1699=CIRCLE('',#4533,9.2);
#1700=CIRCLE('',#4534,1.8);
#1701=CIRCLE('',#4535,1.8);
#1702=CIRCLE('',#4536,1.8);
#1703=CIRCLE('',#4537,1.8);
#1704=CIRCLE('',#4539,47.5);
#1705=CIRCLE('',#4540,65.);
#1706=CIRCLE('',#4541,65.);
#1707=CIRCLE('',#4543,6.);
#1708=CIRCLE('',#4544,3.2);
#1709=CIRCLE('',#4546,3.2);
#1710=CIRCLE('',#4548,37.5);
#1711=CIRCLE('',#4549,47.5);
#1712=CIRCLE('',#4551,59.4581048735714);
#1713=CIRCLE('',#4552,59.4581048735714);
#1714=CIRCLE('',#4554,47.5);
#1715=CIRCLE('',#4556,47.5);
#1716=CIRCLE('',#4558,59.4581048735714);
#1717=CIRCLE('',#4559,59.4581048735714);
#1718=CIRCLE('',#4561,47.5);
#1719=CIRCLE('',#4563,47.5);
#1720=CIRCLE('',#4565,59.4581048735714);
#1721=CIRCLE('',#4566,59.4581048735714);
#1722=CIRCLE('',#4568,47.5);
#1723=CIRCLE('',#4570,47.5);
#1724=CIRCLE('',#4572,59.4581048735714);
#1725=CIRCLE('',#4573,59.4581048735714);
#1726=CIRCLE('',#4575,47.5);
#1727=CIRCLE('',#4577,47.5);
#1728=CIRCLE('',#4579,47.5);
#1729=CIRCLE('',#4580,37.5);
#1730=CIRCLE('',#4582,65.);
#1731=CIRCLE('',#4583,1.8);
#1732=CIRCLE('',#4584,1.8);
#1733=CIRCLE('',#4585,1.8);
#1734=CIRCLE('',#4586,1.8);
#1735=VERTEX_POINT('',#5927);
#1736=VERTEX_POINT('',#5929);
#1737=VERTEX_POINT('',#5932);
#1738=VERTEX_POINT('',#5934);
#1739=VERTEX_POINT('',#5937);
#1740=VERTEX_POINT('',#5939);
#1741=VERTEX_POINT('',#5942);
#1742=VERTEX_POINT('',#5944);
#1743=VERTEX_POINT('',#5947);
#1744=VERTEX_POINT('',#5949);
#1745=VERTEX_POINT('',#5952);
#1746=VERTEX_POINT('',#5954);
#1747=VERTEX_POINT('',#5958);
#1748=VERTEX_POINT('',#5960);
#1749=VERTEX_POINT('',#5964);
#1750=VERTEX_POINT('',#5968);
#1751=VERTEX_POINT('',#5972);
#1752=VERTEX_POINT('',#5976);
#1753=VERTEX_POINT('',#5980);
#1754=VERTEX_POINT('',#5984);
#1755=VERTEX_POINT('',#5988);
#1756=VERTEX_POINT('',#5992);
#1757=VERTEX_POINT('',#5996);
#1758=VERTEX_POINT('',#5998);
#1759=VERTEX_POINT('',#6008);
#1760=VERTEX_POINT('',#6010);
#1761=VERTEX_POINT('',#6013);
#1762=VERTEX_POINT('',#6015);
#1763=VERTEX_POINT('',#6018);
#1764=VERTEX_POINT('',#6020);
#1765=VERTEX_POINT('',#6023);
#1766=VERTEX_POINT('',#6025);
#1767=VERTEX_POINT('',#6028);
#1768=VERTEX_POINT('',#6030);
#1769=VERTEX_POINT('',#6033);
#1770=VERTEX_POINT('',#6035);
#1771=VERTEX_POINT('',#6039);
#1772=VERTEX_POINT('',#6041);
#1773=VERTEX_POINT('',#6045);
#1774=VERTEX_POINT('',#6049);
#1775=VERTEX_POINT('',#6053);
#1776=VERTEX_POINT('',#6057);
#1777=VERTEX_POINT('',#6061);
#1778=VERTEX_POINT('',#6065);
#1779=VERTEX_POINT('',#6069);
#1780=VERTEX_POINT('',#6073);
#1781=VERTEX_POINT('',#6077);
#1782=VERTEX_POINT('',#6079);
#1783=VERTEX_POINT('',#6089);
#1784=VERTEX_POINT('',#6091);
#1785=VERTEX_POINT('',#6095);
#1786=VERTEX_POINT('',#6100);
#1787=VERTEX_POINT('',#6102);
#1788=VERTEX_POINT('',#6106);
#1789=VERTEX_POINT('',#6111);
#1790=VERTEX_POINT('',#6113);
#1791=VERTEX_POINT('',#6117);
#1792=VERTEX_POINT('',#6122);
#1793=VERTEX_POINT('',#6124);
#1794=VERTEX_POINT('',#6128);
#1795=VERTEX_POINT('',#6133);
#1796=VERTEX_POINT('',#6135);
#1797=VERTEX_POINT('',#6139);
#1798=VERTEX_POINT('',#6144);
#1799=VERTEX_POINT('',#6146);
#1800=VERTEX_POINT('',#6150);
#1801=VERTEX_POINT('',#6155);
#1802=VERTEX_POINT('',#6157);
#1803=VERTEX_POINT('',#6161);
#1804=VERTEX_POINT('',#6166);
#1805=VERTEX_POINT('',#6168);
#1806=VERTEX_POINT('',#6172);
#1807=VERTEX_POINT('',#6177);
#1808=VERTEX_POINT('',#6178);
#1809=VERTEX_POINT('',#6180);
#1810=VERTEX_POINT('',#6182);
#1811=VERTEX_POINT('',#6186);
#1812=VERTEX_POINT('',#6188);
#1813=VERTEX_POINT('',#6190);
#1814=VERTEX_POINT('',#6192);
#1815=VERTEX_POINT('',#6194);
#1816=VERTEX_POINT('',#6196);
#1817=VERTEX_POINT('',#6199);
#1818=VERTEX_POINT('',#6201);
#1819=VERTEX_POINT('',#6203);
#1820=VERTEX_POINT('',#6205);
#1821=VERTEX_POINT('',#6208);
#1822=VERTEX_POINT('',#6209);
#1823=VERTEX_POINT('',#6211);
#1824=VERTEX_POINT('',#6213);
#1825=VERTEX_POINT('',#6217);
#1826=VERTEX_POINT('',#6219);
#1827=VERTEX_POINT('',#6221);
#1828=VERTEX_POINT('',#6223);
#1829=VERTEX_POINT('',#6225);
#1830=VERTEX_POINT('',#6227);
#1831=VERTEX_POINT('',#6231);
#1832=VERTEX_POINT('',#6232);
#1833=VERTEX_POINT('',#6234);
#1834=VERTEX_POINT('',#6242);
#1835=VERTEX_POINT('',#6243);
#1836=VERTEX_POINT('',#6245);
#1837=VERTEX_POINT('',#6253);
#1838=VERTEX_POINT('',#6254);
#1839=VERTEX_POINT('',#6256);
#1840=VERTEX_POINT('',#6264);
#1841=VERTEX_POINT('',#6265);
#1842=VERTEX_POINT('',#6267);
#1843=VERTEX_POINT('',#6275);
#1844=VERTEX_POINT('',#6276);
#1845=VERTEX_POINT('',#6278);
#1846=VERTEX_POINT('',#6283);
#1847=VERTEX_POINT('',#6285);
#1848=VERTEX_POINT('',#6287);
#1849=VERTEX_POINT('',#6289);
#1850=VERTEX_POINT('',#6290);
#1851=VERTEX_POINT('',#6292);
#1852=VERTEX_POINT('',#6294);
#1853=VERTEX_POINT('',#6297);
#1854=VERTEX_POINT('',#6300);
#1855=VERTEX_POINT('',#6301);
#1856=VERTEX_POINT('',#6306);
#1857=VERTEX_POINT('',#6307);
#1858=VERTEX_POINT('',#6312);
#1859=VERTEX_POINT('',#6313);
#1860=VERTEX_POINT('',#6318);
#1861=VERTEX_POINT('',#6319);
#1862=VERTEX_POINT('',#6324);
#1863=VERTEX_POINT('',#6325);
#1864=VERTEX_POINT('',#6330);
#1865=VERTEX_POINT('',#6331);
#1866=VERTEX_POINT('',#6336);
#1867=VERTEX_POINT('',#6337);
#1868=VERTEX_POINT('',#6342);
#1869=VERTEX_POINT('',#6344);
#1870=VERTEX_POINT('',#6348);
#1871=VERTEX_POINT('',#6350);
#1872=VERTEX_POINT('',#6362);
#1873=VERTEX_POINT('',#6364);
#1874=VERTEX_POINT('',#6368);
#1875=VERTEX_POINT('',#6369);
#1876=VERTEX_POINT('',#6371);
#1877=VERTEX_POINT('',#6373);
#1878=VERTEX_POINT('',#6377);
#1879=VERTEX_POINT('',#6378);
#1880=VERTEX_POINT('',#6380);
#1881=VERTEX_POINT('',#6382);
#1882=VERTEX_POINT('',#6386);
#1883=VERTEX_POINT('',#6387);
#1884=VERTEX_POINT('',#6389);
#1885=VERTEX_POINT('',#6391);
#1886=VERTEX_POINT('',#6395);
#1887=VERTEX_POINT('',#6400);
#1888=VERTEX_POINT('',#6402);
#1889=VERTEX_POINT('',#6406);
#1890=VERTEX_POINT('',#6410);
#1891=VERTEX_POINT('',#6412);
#1892=VERTEX_POINT('',#6422);
#1893=VERTEX_POINT('',#6424);
#1894=VERTEX_POINT('',#6428);
#1895=VERTEX_POINT('',#6430);
#1896=VERTEX_POINT('',#6447);
#1897=VERTEX_POINT('',#6449);
#1898=VERTEX_POINT('',#6451);
#1899=VERTEX_POINT('',#6453);
#1900=VERTEX_POINT('',#6455);
#1901=VERTEX_POINT('',#6466);
#1902=VERTEX_POINT('',#6470);
#1903=VERTEX_POINT('',#6489);
#1904=VERTEX_POINT('',#6491);
#1905=VERTEX_POINT('',#6494);
#1906=VERTEX_POINT('',#6496);
#1907=VERTEX_POINT('',#6499);
#1908=VERTEX_POINT('',#6501);
#1909=VERTEX_POINT('',#6504);
#1910=VERTEX_POINT('',#6506);
#1911=VERTEX_POINT('',#6509);
#1912=VERTEX_POINT('',#6511);
#1913=VERTEX_POINT('',#6514);
#1914=VERTEX_POINT('',#6516);
#1915=VERTEX_POINT('',#6520);
#1916=VERTEX_POINT('',#6522);
#1917=VERTEX_POINT('',#6526);
#1918=VERTEX_POINT('',#6530);
#1919=VERTEX_POINT('',#6534);
#1920=VERTEX_POINT('',#6538);
#1921=VERTEX_POINT('',#6542);
#1922=VERTEX_POINT('',#6546);
#1923=VERTEX_POINT('',#6550);
#1924=VERTEX_POINT('',#6554);
#1925=VERTEX_POINT('',#6558);
#1926=VERTEX_POINT('',#6560);
#1927=VERTEX_POINT('',#6570);
#1928=VERTEX_POINT('',#6572);
#1929=VERTEX_POINT('',#6575);
#1930=VERTEX_POINT('',#6577);
#1931=VERTEX_POINT('',#6580);
#1932=VERTEX_POINT('',#6582);
#1933=VERTEX_POINT('',#6585);
#1934=VERTEX_POINT('',#6587);
#1935=VERTEX_POINT('',#6590);
#1936=VERTEX_POINT('',#6592);
#1937=VERTEX_POINT('',#6595);
#1938=VERTEX_POINT('',#6597);
#1939=VERTEX_POINT('',#6601);
#1940=VERTEX_POINT('',#6603);
#1941=VERTEX_POINT('',#6607);
#1942=VERTEX_POINT('',#6611);
#1943=VERTEX_POINT('',#6615);
#1944=VERTEX_POINT('',#6619);
#1945=VERTEX_POINT('',#6623);
#1946=VERTEX_POINT('',#6627);
#1947=VERTEX_POINT('',#6631);
#1948=VERTEX_POINT('',#6635);
#1949=VERTEX_POINT('',#6639);
#1950=VERTEX_POINT('',#6641);
#1951=VERTEX_POINT('',#6651);
#1952=VERTEX_POINT('',#6653);
#1953=VERTEX_POINT('',#6656);
#1954=VERTEX_POINT('',#6658);
#1955=VERTEX_POINT('',#6661);
#1956=VERTEX_POINT('',#6663);
#1957=VERTEX_POINT('',#6666);
#1958=VERTEX_POINT('',#6668);
#1959=VERTEX_POINT('',#6671);
#1960=VERTEX_POINT('',#6673);
#1961=VERTEX_POINT('',#6676);
#1962=VERTEX_POINT('',#6678);
#1963=VERTEX_POINT('',#6682);
#1964=VERTEX_POINT('',#6684);
#1965=VERTEX_POINT('',#6688);
#1966=VERTEX_POINT('',#6692);
#1967=VERTEX_POINT('',#6696);
#1968=VERTEX_POINT('',#6700);
#1969=VERTEX_POINT('',#6704);
#1970=VERTEX_POINT('',#6708);
#1971=VERTEX_POINT('',#6712);
#1972=VERTEX_POINT('',#6716);
#1973=VERTEX_POINT('',#6720);
#1974=VERTEX_POINT('',#6722);
#1975=VERTEX_POINT('',#6732);
#1976=VERTEX_POINT('',#6734);
#1977=VERTEX_POINT('',#6736);
#1978=VERTEX_POINT('',#6740);
#1979=VERTEX_POINT('',#6744);
#1980=VERTEX_POINT('',#6746);
#1981=VERTEX_POINT('',#6747);
#1982=VERTEX_POINT('',#6749);
#1983=VERTEX_POINT('',#6751);
#1984=VERTEX_POINT('',#6754);
#1985=VERTEX_POINT('',#6756);
#1986=VERTEX_POINT('',#6758);
#1987=VERTEX_POINT('',#6760);
#1988=VERTEX_POINT('',#6761);
#1989=VERTEX_POINT('',#6763);
#1990=VERTEX_POINT('',#6765);
#1991=VERTEX_POINT('',#6768);
#1992=VERTEX_POINT('',#6771);
#1993=VERTEX_POINT('',#6773);
#1994=VERTEX_POINT('',#6777);
#1995=VERTEX_POINT('',#6779);
#1996=VERTEX_POINT('',#6783);
#1997=VERTEX_POINT('',#6785);
#1998=VERTEX_POINT('',#6789);
#1999=VERTEX_POINT('',#6791);
#2000=VERTEX_POINT('',#6795);
#2001=VERTEX_POINT('',#6797);
#2002=VERTEX_POINT('',#6801);
#2003=VERTEX_POINT('',#6803);
#2004=VERTEX_POINT('',#6807);
#2005=VERTEX_POINT('',#6809);
#2006=VERTEX_POINT('',#6813);
#2007=VERTEX_POINT('',#6815);
#2008=VERTEX_POINT('',#6819);
#2009=VERTEX_POINT('',#6820);
#2010=VERTEX_POINT('',#6822);
#2011=VERTEX_POINT('',#6824);
#2012=VERTEX_POINT('',#6828);
#2013=VERTEX_POINT('',#6830);
#2014=VERTEX_POINT('',#6834);
#2015=VERTEX_POINT('',#6836);
#2016=VERTEX_POINT('',#6843);
#2017=VERTEX_POINT('',#6845);
#2018=VERTEX_POINT('',#6849);
#2019=VERTEX_POINT('',#6853);
#2020=VERTEX_POINT('',#6860);
#2021=VERTEX_POINT('',#6862);
#2022=VERTEX_POINT('',#6866);
#2023=VERTEX_POINT('',#6870);
#2024=VERTEX_POINT('',#6877);
#2025=VERTEX_POINT('',#6881);
#2026=VERTEX_POINT('',#6885);
#2027=VERTEX_POINT('',#6889);
#2028=VERTEX_POINT('',#6893);
#2029=VERTEX_POINT('',#7016);
#2030=VERTEX_POINT('',#7017);
#2031=VERTEX_POINT('',#7092);
#2032=VERTEX_POINT('',#7112);
#2033=VERTEX_POINT('',#7113);
#2034=VERTEX_POINT('',#7115);
#2035=VERTEX_POINT('',#7117);
#2036=VERTEX_POINT('',#7120);
#2037=VERTEX_POINT('',#7122);
#2038=VERTEX_POINT('',#7124);
#2039=VERTEX_POINT('',#7126);
#2040=VERTEX_POINT('',#7128);
#2041=VERTEX_POINT('',#7249);
#2042=VERTEX_POINT('',#7307);
#2043=VERTEX_POINT('',#7308);
#2044=VERTEX_POINT('',#7310);
#2045=VERTEX_POINT('',#7312);
#2046=VERTEX_POINT('',#7314);
#2047=VERTEX_POINT('',#7318);
#2048=VERTEX_POINT('',#7322);
#2049=VERTEX_POINT('',#7326);
#2050=VERTEX_POINT('',#7327);
#2051=VERTEX_POINT('',#7329);
#2052=VERTEX_POINT('',#7331);
#2053=VERTEX_POINT('',#7335);
#2054=VERTEX_POINT('',#7336);
#2055=VERTEX_POINT('',#7338);
#2056=VERTEX_POINT('',#7340);
#2057=VERTEX_POINT('',#7348);
#2058=VERTEX_POINT('',#7349);
#2059=VERTEX_POINT('',#7351);
#2060=VERTEX_POINT('',#7353);
#2061=VERTEX_POINT('',#7361);
#2062=VERTEX_POINT('',#7362);
#2063=VERTEX_POINT('',#7364);
#2064=VERTEX_POINT('',#7366);
#2065=VERTEX_POINT('',#7374);
#2066=VERTEX_POINT('',#7375);
#2067=VERTEX_POINT('',#7377);
#2068=VERTEX_POINT('',#7379);
#2069=VERTEX_POINT('',#7387);
#2070=VERTEX_POINT('',#7388);
#2071=VERTEX_POINT('',#7390);
#2072=VERTEX_POINT('',#7392);
#2073=VERTEX_POINT('',#7396);
#2074=VERTEX_POINT('',#7398);
#2075=VERTEX_POINT('',#7400);
#2076=VERTEX_POINT('',#7402);
#2077=VERTEX_POINT('',#7404);
#2078=EDGE_CURVE('',#1735,#1735,#1452,.T.);
#2079=EDGE_CURVE('',#1736,#1736,#1453,.T.);
#2080=EDGE_CURVE('',#1737,#1737,#1454,.T.);
#2081=EDGE_CURVE('',#1738,#1738,#1455,.T.);
#2082=EDGE_CURVE('',#1739,#1739,#1456,.T.);
#2083=EDGE_CURVE('',#1740,#1740,#1457,.T.);
#2084=EDGE_CURVE('',#1741,#1741,#1458,.T.);
#2085=EDGE_CURVE('',#1742,#1742,#1459,.T.);
#2086=EDGE_CURVE('',#1743,#1743,#1460,.T.);
#2087=EDGE_CURVE('',#1744,#1744,#1461,.T.);
#2088=EDGE_CURVE('',#1745,#1745,#1462,.T.);
#2089=EDGE_CURVE('',#1745,#1746,#194,.T.);
#2090=EDGE_CURVE('',#1746,#1746,#1463,.T.);
#2091=EDGE_CURVE('',#1747,#1747,#1464,.T.);
#2092=EDGE_CURVE('',#1747,#1748,#195,.T.);
#2093=EDGE_CURVE('',#1748,#1748,#1465,.T.);
#2094=EDGE_CURVE('',#1749,#1749,#1466,.T.);
#2095=EDGE_CURVE('',#1749,#1737,#196,.T.);
#2096=EDGE_CURVE('',#1750,#1750,#1467,.T.);
#2097=EDGE_CURVE('',#1750,#1738,#197,.T.);
#2098=EDGE_CURVE('',#1751,#1751,#1468,.T.);
#2099=EDGE_CURVE('',#1751,#1739,#198,.T.);
#2100=EDGE_CURVE('',#1752,#1752,#1469,.T.);
#2101=EDGE_CURVE('',#1752,#1740,#199,.T.);
#2102=EDGE_CURVE('',#1753,#1753,#1470,.T.);
#2103=EDGE_CURVE('',#1753,#1743,#200,.T.);
#2104=EDGE_CURVE('',#1754,#1754,#1471,.T.);
#2105=EDGE_CURVE('',#1754,#1744,#201,.T.);
#2106=EDGE_CURVE('',#1755,#1755,#1472,.T.);
#2107=EDGE_CURVE('',#1755,#1741,#202,.T.);
#2108=EDGE_CURVE('',#1756,#1756,#1473,.T.);
#2109=EDGE_CURVE('',#1756,#1742,#203,.T.);
#2110=EDGE_CURVE('',#1757,#1757,#1474,.T.);
#2111=EDGE_CURVE('',#1757,#1758,#204,.T.);
#2112=EDGE_CURVE('',#1758,#1758,#1475,.T.);
#2113=EDGE_CURVE('',#1746,#1736,#205,.T.);
#2114=EDGE_CURVE('',#1748,#1735,#206,.T.);
#2115=EDGE_CURVE('',#1759,#1759,#1476,.T.);
#2116=EDGE_CURVE('',#1760,#1760,#1477,.T.);
#2117=EDGE_CURVE('',#1761,#1761,#1478,.T.);
#2118=EDGE_CURVE('',#1762,#1762,#1479,.T.);
#2119=EDGE_CURVE('',#1763,#1763,#1480,.T.);
#2120=EDGE_CURVE('',#1764,#1764,#1481,.T.);
#2121=EDGE_CURVE('',#1765,#1765,#1482,.T.);
#2122=EDGE_CURVE('',#1766,#1766,#1483,.T.);
#2123=EDGE_CURVE('',#1767,#1767,#1484,.T.);
#2124=EDGE_CURVE('',#1768,#1768,#1485,.T.);
#2125=EDGE_CURVE('',#1769,#1769,#1486,.T.);
#2126=EDGE_CURVE('',#1769,#1770,#207,.T.);
#2127=EDGE_CURVE('',#1770,#1770,#1487,.T.);
#2128=EDGE_CURVE('',#1771,#1771,#1488,.T.);
#2129=EDGE_CURVE('',#1771,#1772,#208,.T.);
#2130=EDGE_CURVE('',#1772,#1772,#1489,.T.);
#2131=EDGE_CURVE('',#1773,#1773,#1490,.T.);
#2132=EDGE_CURVE('',#1773,#1761,#209,.T.);
#2133=EDGE_CURVE('',#1774,#1774,#1491,.T.);
#2134=EDGE_CURVE('',#1774,#1762,#210,.T.);
#2135=EDGE_CURVE('',#1775,#1775,#1492,.T.);
#2136=EDGE_CURVE('',#1775,#1763,#211,.T.);
#2137=EDGE_CURVE('',#1776,#1776,#1493,.T.);
#2138=EDGE_CURVE('',#1776,#1764,#212,.T.);
#2139=EDGE_CURVE('',#1777,#1777,#1494,.T.);
#2140=EDGE_CURVE('',#1777,#1767,#213,.T.);
#2141=EDGE_CURVE('',#1778,#1778,#1495,.T.);
#2142=EDGE_CURVE('',#1778,#1768,#214,.T.);
#2143=EDGE_CURVE('',#1779,#1779,#1496,.T.);
#2144=EDGE_CURVE('',#1779,#1765,#215,.T.);
#2145=EDGE_CURVE('',#1780,#1780,#1497,.T.);
#2146=EDGE_CURVE('',#1780,#1766,#216,.T.);
#2147=EDGE_CURVE('',#1781,#1781,#1498,.T.);
#2148=EDGE_CURVE('',#1781,#1782,#217,.T.);
#2149=EDGE_CURVE('',#1782,#1782,#1499,.T.);
#2150=EDGE_CURVE('',#1770,#1760,#218,.T.);
#2151=EDGE_CURVE('',#1772,#1759,#219,.T.);
#2152=EDGE_CURVE('',#1783,#1783,#1500,.T.);
#2153=EDGE_CURVE('',#1783,#1784,#1501,.T.);
#2154=EDGE_CURVE('',#1784,#1784,#1502,.T.);
#2155=EDGE_CURVE('',#1784,#1785,#220,.T.);
#2156=EDGE_CURVE('',#1785,#1785,#1503,.T.);
#2157=EDGE_CURVE('',#1786,#1786,#1504,.T.);
#2158=EDGE_CURVE('',#1786,#1787,#1505,.T.);
#2159=EDGE_CURVE('',#1787,#1787,#1506,.T.);
#2160=EDGE_CURVE('',#1787,#1788,#221,.T.);
#2161=EDGE_CURVE('',#1788,#1788,#1507,.T.);
#2162=EDGE_CURVE('',#1789,#1789,#1508,.T.);
#2163=EDGE_CURVE('',#1789,#1790,#1509,.T.);
#2164=EDGE_CURVE('',#1790,#1790,#1510,.T.);
#2165=EDGE_CURVE('',#1790,#1791,#222,.T.);
#2166=EDGE_CURVE('',#1791,#1791,#1511,.T.);
#2167=EDGE_CURVE('',#1792,#1792,#1512,.T.);
#2168=EDGE_CURVE('',#1792,#1793,#1513,.T.);
#2169=EDGE_CURVE('',#1793,#1793,#1514,.T.);
#2170=EDGE_CURVE('',#1793,#1794,#223,.T.);
#2171=EDGE_CURVE('',#1794,#1794,#1515,.T.);
#2172=EDGE_CURVE('',#1795,#1795,#1516,.T.);
#2173=EDGE_CURVE('',#1795,#1796,#1517,.T.);
#2174=EDGE_CURVE('',#1796,#1796,#1518,.T.);
#2175=EDGE_CURVE('',#1796,#1797,#224,.T.);
#2176=EDGE_CURVE('',#1797,#1797,#1519,.T.);
#2177=EDGE_CURVE('',#1798,#1798,#1520,.T.);
#2178=EDGE_CURVE('',#1798,#1799,#1521,.T.);
#2179=EDGE_CURVE('',#1799,#1799,#1522,.T.);
#2180=EDGE_CURVE('',#1799,#1800,#225,.T.);
#2181=EDGE_CURVE('',#1800,#1800,#1523,.T.);
#2182=EDGE_CURVE('',#1801,#1801,#1524,.T.);
#2183=EDGE_CURVE('',#1801,#1802,#1525,.T.);
#2184=EDGE_CURVE('',#1802,#1802,#1526,.T.);
#2185=EDGE_CURVE('',#1802,#1803,#226,.T.);
#2186=EDGE_CURVE('',#1803,#1803,#1527,.T.);
#2187=EDGE_CURVE('',#1804,#1804,#1528,.T.);
#2188=EDGE_CURVE('',#1804,#1805,#1529,.T.);
#2189=EDGE_CURVE('',#1805,#1805,#1530,.T.);
#2190=EDGE_CURVE('',#1805,#1806,#227,.T.);
#2191=EDGE_CURVE('',#1806,#1806,#1531,.T.);
#2192=EDGE_CURVE('',#1807,#1808,#1532,.F.);
#2193=EDGE_CURVE('',#1808,#1809,#228,.T.);
#2194=EDGE_CURVE('',#1810,#1809,#1533,.T.);
#2195=EDGE_CURVE('',#1810,#1807,#229,.T.);
#2196=EDGE_CURVE('',#1807,#1811,#230,.T.);
#2197=EDGE_CURVE('',#1812,#1810,#231,.T.);
#2198=EDGE_CURVE('',#1812,#1813,#232,.T.);
#2199=EDGE_CURVE('',#1813,#1814,#233,.T.);
#2200=EDGE_CURVE('',#1814,#1815,#234,.T.);
#2201=EDGE_CURVE('',#1816,#1815,#235,.T.);
#2202=EDGE_CURVE('',#1816,#1811,#236,.T.);
#2203=EDGE_CURVE('',#1817,#1817,#1534,.T.);
#2204=EDGE_CURVE('',#1818,#1818,#1535,.T.);
#2205=EDGE_CURVE('',#1819,#1819,#1536,.T.);
#2206=EDGE_CURVE('',#1820,#1820,#1537,.T.);
#2207=EDGE_CURVE('',#1821,#1822,#1538,.F.);
#2208=EDGE_CURVE('',#1822,#1823,#237,.T.);
#2209=EDGE_CURVE('',#1824,#1823,#1539,.T.);
#2210=EDGE_CURVE('',#1824,#1821,#238,.T.);
#2211=EDGE_CURVE('',#1821,#1825,#239,.T.);
#2212=EDGE_CURVE('',#1826,#1824,#240,.T.);
#2213=EDGE_CURVE('',#1827,#1826,#241,.T.);
#2214=EDGE_CURVE('',#1828,#1827,#242,.T.);
#2215=EDGE_CURVE('',#1829,#1828,#243,.T.);
#2216=EDGE_CURVE('',#1830,#1829,#244,.T.);
#2217=EDGE_CURVE('',#1825,#1830,#245,.T.);
#2218=EDGE_CURVE('',#1831,#1832,#1540,.T.);
#2219=EDGE_CURVE('',#1832,#1833,#1541,.T.);
#2220=EDGE_CURVE('',#1833,#1833,#1542,.T.);
#2221=EDGE_CURVE('',#1832,#1831,#1543,.T.);
#2222=EDGE_CURVE('',#1819,#1831,#246,.T.);
#2223=EDGE_CURVE('',#1834,#1835,#1544,.T.);
#2224=EDGE_CURVE('',#1835,#1836,#1545,.T.);
#2225=EDGE_CURVE('',#1836,#1836,#1546,.T.);
#2226=EDGE_CURVE('',#1835,#1834,#1547,.T.);
#2227=EDGE_CURVE('',#1817,#1834,#247,.T.);
#2228=EDGE_CURVE('',#1837,#1838,#1548,.T.);
#2229=EDGE_CURVE('',#1838,#1839,#1549,.T.);
#2230=EDGE_CURVE('',#1839,#1839,#1550,.T.);
#2231=EDGE_CURVE('',#1838,#1837,#1551,.T.);
#2232=EDGE_CURVE('',#1818,#1837,#248,.T.);
#2233=EDGE_CURVE('',#1840,#1841,#1552,.T.);
#2234=EDGE_CURVE('',#1841,#1842,#1553,.T.);
#2235=EDGE_CURVE('',#1842,#1842,#1554,.T.);
#2236=EDGE_CURVE('',#1841,#1840,#1555,.T.);
#2237=EDGE_CURVE('',#1820,#1840,#249,.T.);
#2238=EDGE_CURVE('',#1843,#1844,#1556,.T.);
#2239=EDGE_CURVE('',#1844,#1845,#1557,.T.);
#2240=EDGE_CURVE('',#1845,#1845,#1558,.T.);
#2241=EDGE_CURVE('',#1844,#1843,#1559,.T.);
#2242=EDGE_CURVE('',#1846,#1846,#1560,.T.);
#2243=EDGE_CURVE('',#1847,#1847,#1561,.T.);
#2244=EDGE_CURVE('',#1848,#1848,#1562,.T.);
#2245=EDGE_CURVE('',#1849,#1850,#250,.T.);
#2246=EDGE_CURVE('',#1851,#1849,#251,.T.);
#2247=EDGE_CURVE('',#1852,#1851,#252,.T.);
#2248=EDGE_CURVE('',#1850,#1852,#253,.T.);
#2249=EDGE_CURVE('',#1853,#1853,#1563,.T.);
#2250=EDGE_CURVE('',#1854,#1855,#1564,.T.);
#2251=EDGE_CURVE('',#1854,#1843,#254,.T.);
#2252=EDGE_CURVE('',#1855,#1854,#1565,.T.);
#2253=EDGE_CURVE('',#1856,#1857,#1566,.T.);
#2254=EDGE_CURVE('',#1857,#1847,#1567,.T.);
#2255=EDGE_CURVE('',#1857,#1856,#1568,.T.);
#2256=EDGE_CURVE('',#1858,#1859,#1569,.T.);
#2257=EDGE_CURVE('',#1858,#1856,#255,.T.);
#2258=EDGE_CURVE('',#1859,#1858,#1570,.T.);
#2259=EDGE_CURVE('',#1860,#1861,#1571,.T.);
#2260=EDGE_CURVE('',#1861,#1853,#1572,.T.);
#2261=EDGE_CURVE('',#1861,#1860,#1573,.T.);
#2262=EDGE_CURVE('',#1862,#1863,#1574,.T.);
#2263=EDGE_CURVE('',#1862,#1860,#256,.T.);
#2264=EDGE_CURVE('',#1863,#1862,#1575,.T.);
#2265=EDGE_CURVE('',#1864,#1865,#1576,.T.);
#2266=EDGE_CURVE('',#1865,#1848,#1577,.T.);
#2267=EDGE_CURVE('',#1865,#1864,#1578,.T.);
#2268=EDGE_CURVE('',#1866,#1867,#1579,.T.);
#2269=EDGE_CURVE('',#1866,#1864,#257,.T.);
#2270=EDGE_CURVE('',#1867,#1866,#1580,.T.);
#2271=EDGE_CURVE('',#1851,#1868,#21,.T.);
#2272=EDGE_CURVE('',#1868,#1869,#258,.T.);
#2273=EDGE_CURVE('',#1852,#1869,#22,.T.);
#2274=EDGE_CURVE('',#1850,#1870,#23,.T.);
#2275=EDGE_CURVE('',#1870,#1871,#259,.T.);
#2276=EDGE_CURVE('',#1871,#1849,#24,.T.);
#2277=EDGE_CURVE('',#1869,#1870,#260,.T.);
#2278=EDGE_CURVE('',#1871,#1868,#261,.T.);
#2279=EDGE_CURVE('',#1868,#1808,#262,.T.);
#2280=EDGE_CURVE('',#1871,#1809,#263,.T.);
#2281=EDGE_CURVE('',#1870,#1822,#264,.T.);
#2282=EDGE_CURVE('',#1872,#1825,#265,.T.);
#2283=EDGE_CURVE('',#1873,#1872,#266,.T.);
#2284=EDGE_CURVE('',#1812,#1873,#267,.T.);
#2285=EDGE_CURVE('',#1874,#1875,#268,.T.);
#2286=EDGE_CURVE('',#1875,#1876,#25,.T.);
#2287=EDGE_CURVE('',#1876,#1877,#269,.T.);
#2288=EDGE_CURVE('',#1877,#1874,#26,.T.);
#2289=EDGE_CURVE('',#1878,#1879,#270,.T.);
#2290=EDGE_CURVE('',#1879,#1880,#27,.T.);
#2291=EDGE_CURVE('',#1880,#1881,#271,.T.);
#2292=EDGE_CURVE('',#1881,#1878,#28,.T.);
#2293=EDGE_CURVE('',#1882,#1883,#272,.T.);
#2294=EDGE_CURVE('',#1883,#1884,#29,.T.);
#2295=EDGE_CURVE('',#1884,#1885,#273,.T.);
#2296=EDGE_CURVE('',#1885,#1882,#30,.T.);
#2297=EDGE_CURVE('',#1879,#1886,#274,.T.);
#2298=EDGE_CURVE('',#1886,#1872,#31,.T.);
#2299=EDGE_CURVE('',#1872,#1880,#275,.T.);
#2300=EDGE_CURVE('',#1883,#1887,#276,.T.);
#2301=EDGE_CURVE('',#1887,#1888,#32,.T.);
#2302=EDGE_CURVE('',#1888,#1884,#277,.T.);
#2303=EDGE_CURVE('',#1886,#1889,#278,.T.);
#2304=EDGE_CURVE('',#1889,#1873,#33,.T.);
#2305=EDGE_CURVE('',#1887,#1890,#279,.T.);
#2306=EDGE_CURVE('',#1890,#1891,#34,.T.);
#2307=EDGE_CURVE('',#1891,#1888,#280,.T.);
#2308=EDGE_CURVE('',#1889,#1891,#281,.T.);
#2309=EDGE_CURVE('',#1890,#1873,#282,.T.);
#2310=EDGE_CURVE('',#1875,#1882,#283,.T.);
#2311=EDGE_CURVE('',#1885,#1876,#284,.T.);
#2312=EDGE_CURVE('',#1892,#1878,#285,.T.);
#2313=EDGE_CURVE('',#1881,#1893,#286,.T.);
#2314=EDGE_CURVE('',#1893,#1892,#35,.T.);
#2315=EDGE_CURVE('',#1894,#1892,#287,.T.);
#2316=EDGE_CURVE('',#1893,#1895,#288,.T.);
#2317=EDGE_CURVE('',#1895,#1894,#36,.T.);
#2318=EDGE_CURVE('',#1877,#1894,#289,.T.);
#2319=EDGE_CURVE('',#1895,#1874,#290,.T.);
#2320=EDGE_CURVE('',#1830,#1880,#291,.T.);
#2321=EDGE_CURVE('',#1813,#1890,#292,.T.);
#2322=EDGE_CURVE('',#1814,#1887,#293,.T.);
#2323=EDGE_CURVE('',#1815,#1883,#294,.T.);
#2324=EDGE_CURVE('',#1816,#1882,#295,.T.);
#2325=EDGE_CURVE('',#1896,#1896,#1581,.T.);
#2326=EDGE_CURVE('',#1897,#1897,#1582,.T.);
#2327=EDGE_CURVE('',#1898,#1898,#1583,.T.);
#2328=EDGE_CURVE('',#1899,#1899,#1584,.T.);
#2329=EDGE_CURVE('',#1900,#1900,#1585,.T.);
#2330=EDGE_CURVE('',#1897,#1855,#1586,.T.);
#2331=EDGE_CURVE('',#1900,#1859,#1587,.T.);
#2332=EDGE_CURVE('',#1898,#1863,#1588,.T.);
#2333=EDGE_CURVE('',#1899,#1867,#1589,.T.);
#2334=EDGE_CURVE('',#1896,#1901,#1590,.T.);
#2335=EDGE_CURVE('',#1901,#1901,#1591,.T.);
#2336=EDGE_CURVE('',#1901,#1902,#296,.T.);
#2337=EDGE_CURVE('',#1902,#1902,#1592,.T.);
#2338=EDGE_CURVE('',#1902,#1846,#1593,.T.);
#2339=EDGE_CURVE('',#1811,#1875,#297,.T.);
#2340=EDGE_CURVE('',#1869,#1823,#298,.T.);
#2341=EDGE_CURVE('',#1826,#1874,#299,.T.);
#2342=EDGE_CURVE('',#1829,#1881,#300,.T.);
#2343=EDGE_CURVE('',#1828,#1893,#301,.T.);
#2344=EDGE_CURVE('',#1827,#1895,#302,.T.);
#2345=EDGE_CURVE('',#1903,#1903,#1594,.T.);
#2346=EDGE_CURVE('',#1904,#1904,#1595,.T.);
#2347=EDGE_CURVE('',#1905,#1905,#1596,.T.);
#2348=EDGE_CURVE('',#1906,#1906,#1597,.T.);
#2349=EDGE_CURVE('',#1907,#1907,#1598,.T.);
#2350=EDGE_CURVE('',#1908,#1908,#1599,.T.);
#2351=EDGE_CURVE('',#1909,#1909,#1600,.T.);
#2352=EDGE_CURVE('',#1910,#1910,#1601,.T.);
#2353=EDGE_CURVE('',#1911,#1911,#1602,.T.);
#2354=EDGE_CURVE('',#1912,#1912,#1603,.T.);
#2355=EDGE_CURVE('',#1913,#1913,#1604,.T.);
#2356=EDGE_CURVE('',#1913,#1914,#303,.T.);
#2357=EDGE_CURVE('',#1914,#1914,#1605,.T.);
#2358=EDGE_CURVE('',#1915,#1915,#1606,.T.);
#2359=EDGE_CURVE('',#1915,#1916,#304,.T.);
#2360=EDGE_CURVE('',#1916,#1916,#1607,.T.);
#2361=EDGE_CURVE('',#1917,#1917,#1608,.T.);
#2362=EDGE_CURVE('',#1917,#1905,#305,.T.);
#2363=EDGE_CURVE('',#1918,#1918,#1609,.T.);
#2364=EDGE_CURVE('',#1918,#1906,#306,.T.);
#2365=EDGE_CURVE('',#1919,#1919,#1610,.T.);
#2366=EDGE_CURVE('',#1919,#1907,#307,.T.);
#2367=EDGE_CURVE('',#1920,#1920,#1611,.T.);
#2368=EDGE_CURVE('',#1920,#1908,#308,.T.);
#2369=EDGE_CURVE('',#1921,#1921,#1612,.T.);
#2370=EDGE_CURVE('',#1921,#1911,#309,.T.);
#2371=EDGE_CURVE('',#1922,#1922,#1613,.T.);
#2372=EDGE_CURVE('',#1922,#1912,#310,.T.);
#2373=EDGE_CURVE('',#1923,#1923,#1614,.T.);
#2374=EDGE_CURVE('',#1923,#1909,#311,.T.);
#2375=EDGE_CURVE('',#1924,#1924,#1615,.T.);
#2376=EDGE_CURVE('',#1924,#1910,#312,.T.);
#2377=EDGE_CURVE('',#1925,#1925,#1616,.T.);
#2378=EDGE_CURVE('',#1925,#1926,#313,.T.);
#2379=EDGE_CURVE('',#1926,#1926,#1617,.T.);
#2380=EDGE_CURVE('',#1914,#1904,#314,.T.);
#2381=EDGE_CURVE('',#1916,#1903,#315,.T.);
#2382=EDGE_CURVE('',#1927,#1927,#1618,.T.);
#2383=EDGE_CURVE('',#1928,#1928,#1619,.T.);
#2384=EDGE_CURVE('',#1929,#1929,#1620,.T.);
#2385=EDGE_CURVE('',#1930,#1930,#1621,.T.);
#2386=EDGE_CURVE('',#1931,#1931,#1622,.T.);
#2387=EDGE_CURVE('',#1932,#1932,#1623,.T.);
#2388=EDGE_CURVE('',#1933,#1933,#1624,.T.);
#2389=EDGE_CURVE('',#1934,#1934,#1625,.T.);
#2390=EDGE_CURVE('',#1935,#1935,#1626,.T.);
#2391=EDGE_CURVE('',#1936,#1936,#1627,.T.);
#2392=EDGE_CURVE('',#1937,#1937,#1628,.T.);
#2393=EDGE_CURVE('',#1937,#1938,#316,.T.);
#2394=EDGE_CURVE('',#1938,#1938,#1629,.T.);
#2395=EDGE_CURVE('',#1939,#1939,#1630,.T.);
#2396=EDGE_CURVE('',#1939,#1940,#317,.T.);
#2397=EDGE_CURVE('',#1940,#1940,#1631,.T.);
#2398=EDGE_CURVE('',#1941,#1941,#1632,.T.);
#2399=EDGE_CURVE('',#1941,#1929,#318,.T.);
#2400=EDGE_CURVE('',#1942,#1942,#1633,.T.);
#2401=EDGE_CURVE('',#1942,#1930,#319,.T.);
#2402=EDGE_CURVE('',#1943,#1943,#1634,.T.);
#2403=EDGE_CURVE('',#1943,#1931,#320,.T.);
#2404=EDGE_CURVE('',#1944,#1944,#1635,.T.);
#2405=EDGE_CURVE('',#1944,#1932,#321,.T.);
#2406=EDGE_CURVE('',#1945,#1945,#1636,.T.);
#2407=EDGE_CURVE('',#1945,#1935,#322,.T.);
#2408=EDGE_CURVE('',#1946,#1946,#1637,.T.);
#2409=EDGE_CURVE('',#1946,#1936,#323,.T.);
#2410=EDGE_CURVE('',#1947,#1947,#1638,.T.);
#2411=EDGE_CURVE('',#1947,#1933,#324,.T.);
#2412=EDGE_CURVE('',#1948,#1948,#1639,.T.);
#2413=EDGE_CURVE('',#1948,#1934,#325,.T.);
#2414=EDGE_CURVE('',#1949,#1949,#1640,.T.);
#2415=EDGE_CURVE('',#1949,#1950,#326,.T.);
#2416=EDGE_CURVE('',#1950,#1950,#1641,.T.);
#2417=EDGE_CURVE('',#1938,#1928,#327,.T.);
#2418=EDGE_CURVE('',#1940,#1927,#328,.T.);
#2419=EDGE_CURVE('',#1951,#1951,#1642,.T.);
#2420=EDGE_CURVE('',#1952,#1952,#1643,.T.);
#2421=EDGE_CURVE('',#1953,#1953,#1644,.T.);
#2422=EDGE_CURVE('',#1954,#1954,#1645,.T.);
#2423=EDGE_CURVE('',#1955,#1955,#1646,.T.);
#2424=EDGE_CURVE('',#1956,#1956,#1647,.T.);
#2425=EDGE_CURVE('',#1957,#1957,#1648,.T.);
#2426=EDGE_CURVE('',#1958,#1958,#1649,.T.);
#2427=EDGE_CURVE('',#1959,#1959,#1650,.T.);
#2428=EDGE_CURVE('',#1960,#1960,#1651,.T.);
#2429=EDGE_CURVE('',#1961,#1961,#1652,.T.);
#2430=EDGE_CURVE('',#1961,#1962,#329,.T.);
#2431=EDGE_CURVE('',#1962,#1962,#1653,.T.);
#2432=EDGE_CURVE('',#1963,#1963,#1654,.T.);
#2433=EDGE_CURVE('',#1963,#1964,#330,.T.);
#2434=EDGE_CURVE('',#1964,#1964,#1655,.T.);
#2435=EDGE_CURVE('',#1965,#1965,#1656,.T.);
#2436=EDGE_CURVE('',#1965,#1953,#331,.T.);
#2437=EDGE_CURVE('',#1966,#1966,#1657,.T.);
#2438=EDGE_CURVE('',#1966,#1954,#332,.T.);
#2439=EDGE_CURVE('',#1967,#1967,#1658,.T.);
#2440=EDGE_CURVE('',#1967,#1955,#333,.T.);
#2441=EDGE_CURVE('',#1968,#1968,#1659,.T.);
#2442=EDGE_CURVE('',#1968,#1956,#334,.T.);
#2443=EDGE_CURVE('',#1969,#1969,#1660,.T.);
#2444=EDGE_CURVE('',#1969,#1959,#335,.T.);
#2445=EDGE_CURVE('',#1970,#1970,#1661,.T.);
#2446=EDGE_CURVE('',#1970,#1960,#336,.T.);
#2447=EDGE_CURVE('',#1971,#1971,#1662,.T.);
#2448=EDGE_CURVE('',#1971,#1957,#337,.T.);
#2449=EDGE_CURVE('',#1972,#1972,#1663,.T.);
#2450=EDGE_CURVE('',#1972,#1958,#338,.T.);
#2451=EDGE_CURVE('',#1973,#1973,#1664,.T.);
#2452=EDGE_CURVE('',#1973,#1974,#339,.T.);
#2453=EDGE_CURVE('',#1974,#1974,#1665,.T.);
#2454=EDGE_CURVE('',#1962,#1952,#340,.T.);
#2455=EDGE_CURVE('',#1964,#1951,#341,.T.);
#2456=EDGE_CURVE('',#1975,#1975,#1666,.T.);
#2457=EDGE_CURVE('',#1975,#1976,#1667,.T.);
#2458=EDGE_CURVE('',#1976,#1977,#1668,.T.);
#2459=EDGE_CURVE('',#1977,#1976,#1669,.T.);
#2460=EDGE_CURVE('',#1978,#1978,#1670,.T.);
#2461=EDGE_CURVE('',#1978,#1977,#342,.T.);
#2462=EDGE_CURVE('',#1979,#1979,#1671,.T.);
#2463=EDGE_CURVE('',#1980,#1981,#343,.T.);
#2464=EDGE_CURVE('',#1981,#1982,#344,.T.);
#2465=EDGE_CURVE('',#1982,#1983,#345,.T.);
#2466=EDGE_CURVE('',#1983,#1980,#346,.T.);
#2467=EDGE_CURVE('',#1984,#1984,#1672,.T.);
#2468=EDGE_CURVE('',#1985,#1985,#1673,.T.);
#2469=EDGE_CURVE('',#1986,#1986,#1674,.T.);
#2470=EDGE_CURVE('',#1987,#1988,#347,.T.);
#2471=EDGE_CURVE('',#1988,#1989,#348,.T.);
#2472=EDGE_CURVE('',#1989,#1990,#349,.T.);
#2473=EDGE_CURVE('',#1990,#1987,#350,.T.);
#2474=EDGE_CURVE('',#1991,#1991,#1675,.T.);
#2475=EDGE_CURVE('',#1992,#1992,#1676,.T.);
#2476=EDGE_CURVE('',#1992,#1993,#351,.T.);
#2477=EDGE_CURVE('',#1993,#1993,#1677,.T.);
#2478=EDGE_CURVE('',#1994,#1994,#1678,.T.);
#2479=EDGE_CURVE('',#1994,#1995,#352,.T.);
#2480=EDGE_CURVE('',#1995,#1995,#1679,.T.);
#2481=EDGE_CURVE('',#1996,#1996,#1680,.T.);
#2482=EDGE_CURVE('',#1996,#1997,#353,.T.);
#2483=EDGE_CURVE('',#1997,#1997,#1681,.T.);
#2484=EDGE_CURVE('',#1998,#1998,#1682,.T.);
#2485=EDGE_CURVE('',#1998,#1999,#354,.T.);
#2486=EDGE_CURVE('',#1999,#1999,#1683,.T.);
#2487=EDGE_CURVE('',#2000,#2000,#1684,.T.);
#2488=EDGE_CURVE('',#2000,#2001,#355,.T.);
#2489=EDGE_CURVE('',#2001,#2001,#1685,.T.);
#2490=EDGE_CURVE('',#2002,#2002,#1686,.T.);
#2491=EDGE_CURVE('',#2002,#2003,#356,.T.);
#2492=EDGE_CURVE('',#2003,#2003,#1687,.T.);
#2493=EDGE_CURVE('',#2004,#2004,#1688,.T.);
#2494=EDGE_CURVE('',#2004,#2005,#357,.T.);
#2495=EDGE_CURVE('',#2005,#2005,#1689,.T.);
#2496=EDGE_CURVE('',#2006,#2006,#1690,.T.);
#2497=EDGE_CURVE('',#2006,#2007,#358,.T.);
#2498=EDGE_CURVE('',#2007,#2007,#1691,.T.);
#2499=EDGE_CURVE('',#2008,#2009,#359,.T.);
#2500=EDGE_CURVE('',#2010,#2008,#360,.T.);
#2501=EDGE_CURVE('',#2011,#2010,#361,.T.);
#2502=EDGE_CURVE('',#2011,#2009,#362,.T.);
#2503=EDGE_CURVE('',#2009,#2012,#363,.T.);
#2504=EDGE_CURVE('',#2013,#2011,#364,.T.);
#2505=EDGE_CURVE('',#2013,#2012,#365,.T.);
#2506=EDGE_CURVE('',#2012,#2014,#366,.T.);
#2507=EDGE_CURVE('',#2015,#2013,#367,.T.);
#2508=EDGE_CURVE('',#2015,#2014,#368,.T.);
#2509=EDGE_CURVE('',#2014,#2008,#369,.T.);
#2510=EDGE_CURVE('',#2010,#2015,#370,.T.);
#2511=EDGE_CURVE('',#1988,#2016,#371,.T.);
#2512=EDGE_CURVE('',#2017,#2016,#372,.T.);
#2513=EDGE_CURVE('',#1989,#2017,#373,.T.);
#2514=EDGE_CURVE('',#1987,#2018,#374,.T.);
#2515=EDGE_CURVE('',#2016,#2018,#375,.T.);
#2516=EDGE_CURVE('',#2019,#2017,#376,.T.);
#2517=EDGE_CURVE('',#1990,#2019,#377,.T.);
#2518=EDGE_CURVE('',#2018,#2019,#378,.T.);
#2519=EDGE_CURVE('',#1981,#2020,#379,.T.);
#2520=EDGE_CURVE('',#2021,#2020,#380,.T.);
#2521=EDGE_CURVE('',#1982,#2021,#381,.T.);
#2522=EDGE_CURVE('',#1980,#2022,#382,.T.);
#2523=EDGE_CURVE('',#2020,#2022,#383,.T.);
#2524=EDGE_CURVE('',#2023,#2021,#384,.T.);
#2525=EDGE_CURVE('',#1983,#2023,#385,.T.);
#2526=EDGE_CURVE('',#2022,#2023,#386,.T.);
#2527=EDGE_CURVE('',#1984,#2024,#387,.T.);
#2528=EDGE_CURVE('',#2024,#2024,#1692,.T.);
#2529=EDGE_CURVE('',#1985,#2025,#388,.T.);
#2530=EDGE_CURVE('',#2025,#2025,#1693,.T.);
#2531=EDGE_CURVE('',#1986,#2026,#389,.T.);
#2532=EDGE_CURVE('',#2026,#2026,#1694,.T.);
#2533=EDGE_CURVE('',#1991,#2027,#390,.T.);
#2534=EDGE_CURVE('',#2027,#2027,#1695,.T.);
#2535=EDGE_CURVE('',#1979,#2028,#391,.T.);
#2536=EDGE_CURVE('',#2028,#2028,#1696,.T.);
#2537=EDGE_CURVE('',#2029,#2030,#13,.T.);
#2538=EDGE_CURVE('',#2030,#2030,#14,.T.);
#2539=EDGE_CURVE('',#2029,#2029,#15,.T.);
#2540=EDGE_CURVE('',#2031,#2031,#16,.T.);
#2541=EDGE_CURVE('',#2031,#2030,#392,.T.);
#2542=EDGE_CURVE('',#2032,#2033,#1697,.T.);
#2543=EDGE_CURVE('',#2033,#2034,#393,.T.);
#2544=EDGE_CURVE('',#2034,#2035,#1698,.T.);
#2545=EDGE_CURVE('',#2035,#2032,#394,.T.);
#2546=EDGE_CURVE('',#2036,#2036,#1699,.T.);
#2547=EDGE_CURVE('',#2037,#2037,#1700,.T.);
#2548=EDGE_CURVE('',#2038,#2038,#1701,.T.);
#2549=EDGE_CURVE('',#2039,#2039,#1702,.T.);
#2550=EDGE_CURVE('',#2040,#2040,#1703,.T.);
#2551=EDGE_CURVE('',#2041,#2031,#17,.T.);
#2552=EDGE_CURVE('',#2041,#2041,#18,.T.);
#2553=EDGE_CURVE('',#2042,#2043,#1704,.T.);
#2554=EDGE_CURVE('',#2043,#2044,#395,.T.);
#2555=EDGE_CURVE('',#2044,#2045,#1705,.T.);
#2556=EDGE_CURVE('',#2045,#2046,#1706,.T.);
#2557=EDGE_CURVE('',#2046,#2042,#396,.T.);
#2558=EDGE_CURVE('',#2036,#2047,#1707,.T.);
#2559=EDGE_CURVE('',#2047,#2047,#1708,.T.);
#2560=EDGE_CURVE('',#2047,#2048,#397,.T.);
#2561=EDGE_CURVE('',#2048,#2048,#1709,.T.);
#2562=EDGE_CURVE('',#2049,#2050,#398,.T.);
#2563=EDGE_CURVE('',#2050,#2051,#1710,.T.);
#2564=EDGE_CURVE('',#2051,#2052,#399,.T.);
#2565=EDGE_CURVE('',#2052,#2049,#1711,.T.);
#2566=EDGE_CURVE('',#2053,#2054,#1712,.T.);
#2567=EDGE_CURVE('',#2055,#2054,#400,.T.);
#2568=EDGE_CURVE('',#2055,#2056,#1713,.T.);
#2569=EDGE_CURVE('',#2053,#2056,#401,.T.);
#2570=EDGE_CURVE('',#2056,#2055,#1714,.T.);
#2571=EDGE_CURVE('',#2054,#2053,#1715,.T.);
#2572=EDGE_CURVE('',#2057,#2058,#1716,.T.);
#2573=EDGE_CURVE('',#2059,#2058,#402,.T.);
#2574=EDGE_CURVE('',#2059,#2060,#1717,.T.);
#2575=EDGE_CURVE('',#2057,#2060,#403,.T.);
#2576=EDGE_CURVE('',#2060,#2059,#1718,.T.);
#2577=EDGE_CURVE('',#2058,#2057,#1719,.T.);
#2578=EDGE_CURVE('',#2061,#2062,#1720,.T.);
#2579=EDGE_CURVE('',#2063,#2062,#404,.T.);
#2580=EDGE_CURVE('',#2063,#2064,#1721,.T.);
#2581=EDGE_CURVE('',#2061,#2064,#405,.T.);
#2582=EDGE_CURVE('',#2064,#2063,#1722,.T.);
#2583=EDGE_CURVE('',#2062,#2061,#1723,.T.);
#2584=EDGE_CURVE('',#2065,#2066,#1724,.T.);
#2585=EDGE_CURVE('',#2067,#2066,#406,.T.);
#2586=EDGE_CURVE('',#2067,#2068,#1725,.T.);
#2587=EDGE_CURVE('',#2065,#2068,#407,.T.);
#2588=EDGE_CURVE('',#2068,#2067,#1726,.T.);
#2589=EDGE_CURVE('',#2066,#2065,#1727,.T.);
#2590=EDGE_CURVE('',#2069,#2070,#408,.T.);
#2591=EDGE_CURVE('',#2070,#2071,#1728,.T.);
#2592=EDGE_CURVE('',#2071,#2072,#409,.T.);
#2593=EDGE_CURVE('',#2072,#2069,#1729,.T.);
#2594=EDGE_CURVE('',#2073,#2073,#1730,.T.);
#2595=EDGE_CURVE('',#2074,#2074,#1731,.T.);
#2596=EDGE_CURVE('',#2075,#2075,#1732,.T.);
#2597=EDGE_CURVE('',#2076,#2076,#1733,.T.);
#2598=EDGE_CURVE('',#2077,#2077,#1734,.T.);
#2599=EDGE_CURVE('',#2044,#2035,#410,.T.);
#2600=EDGE_CURVE('',#2043,#2032,#411,.T.);
#2601=EDGE_CURVE('',#2034,#2046,#412,.T.);
#2602=EDGE_CURVE('',#2042,#2033,#413,.T.);
#2603=EDGE_CURVE('',#2049,#2070,#414,.T.);
#2604=EDGE_CURVE('',#2052,#2071,#415,.T.);
#2605=EDGE_CURVE('',#2051,#2072,#416,.T.);
#2606=EDGE_CURVE('',#2069,#2050,#417,.T.);
#2607=EDGE_CURVE('',#2037,#2076,#418,.T.);
#2608=EDGE_CURVE('',#2038,#2077,#419,.T.);
#2609=EDGE_CURVE('',#2039,#2074,#420,.T.);
#2610=EDGE_CURVE('',#2040,#2075,#421,.T.);
#2611=EDGE_CURVE('',#2045,#2073,#422,.T.);
#2612=ORIENTED_EDGE('',*,*,#2078,.T.);
#2613=ORIENTED_EDGE('',*,*,#2079,.T.);
#2614=ORIENTED_EDGE('',*,*,#2080,.F.);
#2615=ORIENTED_EDGE('',*,*,#2081,.F.);
#2616=ORIENTED_EDGE('',*,*,#2082,.F.);
#2617=ORIENTED_EDGE('',*,*,#2083,.F.);
#2618=ORIENTED_EDGE('',*,*,#2084,.F.);
#2619=ORIENTED_EDGE('',*,*,#2085,.F.);
#2620=ORIENTED_EDGE('',*,*,#2086,.F.);
#2621=ORIENTED_EDGE('',*,*,#2087,.F.);
#2622=ORIENTED_EDGE('',*,*,#2088,.T.);
#2623=ORIENTED_EDGE('',*,*,#2089,.T.);
#2624=ORIENTED_EDGE('',*,*,#2090,.T.);
#2625=ORIENTED_EDGE('',*,*,#2089,.F.);
#2626=ORIENTED_EDGE('',*,*,#2091,.F.);
#2627=ORIENTED_EDGE('',*,*,#2092,.T.);
#2628=ORIENTED_EDGE('',*,*,#2093,.T.);
#2629=ORIENTED_EDGE('',*,*,#2092,.F.);
#2630=ORIENTED_EDGE('',*,*,#2094,.T.);
#2631=ORIENTED_EDGE('',*,*,#2095,.T.);
#2632=ORIENTED_EDGE('',*,*,#2080,.T.);
#2633=ORIENTED_EDGE('',*,*,#2095,.F.);
#2634=ORIENTED_EDGE('',*,*,#2096,.F.);
#2635=ORIENTED_EDGE('',*,*,#2097,.T.);
#2636=ORIENTED_EDGE('',*,*,#2081,.T.);
#2637=ORIENTED_EDGE('',*,*,#2097,.F.);
#2638=ORIENTED_EDGE('',*,*,#2098,.T.);
#2639=ORIENTED_EDGE('',*,*,#2099,.T.);
#2640=ORIENTED_EDGE('',*,*,#2082,.T.);
#2641=ORIENTED_EDGE('',*,*,#2099,.F.);
#2642=ORIENTED_EDGE('',*,*,#2100,.F.);
#2643=ORIENTED_EDGE('',*,*,#2101,.T.);
#2644=ORIENTED_EDGE('',*,*,#2083,.T.);
#2645=ORIENTED_EDGE('',*,*,#2101,.F.);
#2646=ORIENTED_EDGE('',*,*,#2102,.T.);
#2647=ORIENTED_EDGE('',*,*,#2103,.T.);
#2648=ORIENTED_EDGE('',*,*,#2086,.T.);
#2649=ORIENTED_EDGE('',*,*,#2103,.F.);
#2650=ORIENTED_EDGE('',*,*,#2104,.F.);
#2651=ORIENTED_EDGE('',*,*,#2105,.T.);
#2652=ORIENTED_EDGE('',*,*,#2087,.T.);
#2653=ORIENTED_EDGE('',*,*,#2105,.F.);
#2654=ORIENTED_EDGE('',*,*,#2106,.T.);
#2655=ORIENTED_EDGE('',*,*,#2107,.T.);
#2656=ORIENTED_EDGE('',*,*,#2084,.T.);
#2657=ORIENTED_EDGE('',*,*,#2107,.F.);
#2658=ORIENTED_EDGE('',*,*,#2108,.F.);
#2659=ORIENTED_EDGE('',*,*,#2109,.T.);
#2660=ORIENTED_EDGE('',*,*,#2085,.T.);
#2661=ORIENTED_EDGE('',*,*,#2109,.F.);
#2662=ORIENTED_EDGE('',*,*,#2110,.F.);
#2663=ORIENTED_EDGE('',*,*,#2111,.T.);
#2664=ORIENTED_EDGE('',*,*,#2112,.T.);
#2665=ORIENTED_EDGE('',*,*,#2111,.F.);
#2666=ORIENTED_EDGE('',*,*,#2091,.T.);
#2667=ORIENTED_EDGE('',*,*,#2096,.T.);
#2668=ORIENTED_EDGE('',*,*,#2100,.T.);
#2669=ORIENTED_EDGE('',*,*,#2104,.T.);
#2670=ORIENTED_EDGE('',*,*,#2108,.T.);
#2671=ORIENTED_EDGE('',*,*,#2110,.T.);
#2672=ORIENTED_EDGE('',*,*,#2088,.F.);
#2673=ORIENTED_EDGE('',*,*,#2112,.F.);
#2674=ORIENTED_EDGE('',*,*,#2102,.F.);
#2675=ORIENTED_EDGE('',*,*,#2106,.F.);
#2676=ORIENTED_EDGE('',*,*,#2094,.F.);
#2677=ORIENTED_EDGE('',*,*,#2098,.F.);
#2678=ORIENTED_EDGE('',*,*,#2090,.F.);
#2679=ORIENTED_EDGE('',*,*,#2113,.T.);
#2680=ORIENTED_EDGE('',*,*,#2079,.F.);
#2681=ORIENTED_EDGE('',*,*,#2113,.F.);
#2682=ORIENTED_EDGE('',*,*,#2093,.F.);
#2683=ORIENTED_EDGE('',*,*,#2114,.T.);
#2684=ORIENTED_EDGE('',*,*,#2078,.F.);
#2685=ORIENTED_EDGE('',*,*,#2114,.F.);
#2686=ORIENTED_EDGE('',*,*,#2115,.T.);
#2687=ORIENTED_EDGE('',*,*,#2116,.T.);
#2688=ORIENTED_EDGE('',*,*,#2117,.F.);
#2689=ORIENTED_EDGE('',*,*,#2118,.F.);
#2690=ORIENTED_EDGE('',*,*,#2119,.F.);
#2691=ORIENTED_EDGE('',*,*,#2120,.F.);
#2692=ORIENTED_EDGE('',*,*,#2121,.F.);
#2693=ORIENTED_EDGE('',*,*,#2122,.F.);
#2694=ORIENTED_EDGE('',*,*,#2123,.F.);
#2695=ORIENTED_EDGE('',*,*,#2124,.F.);
#2696=ORIENTED_EDGE('',*,*,#2125,.T.);
#2697=ORIENTED_EDGE('',*,*,#2126,.T.);
#2698=ORIENTED_EDGE('',*,*,#2127,.T.);
#2699=ORIENTED_EDGE('',*,*,#2126,.F.);
#2700=ORIENTED_EDGE('',*,*,#2128,.F.);
#2701=ORIENTED_EDGE('',*,*,#2129,.T.);
#2702=ORIENTED_EDGE('',*,*,#2130,.T.);
#2703=ORIENTED_EDGE('',*,*,#2129,.F.);
#2704=ORIENTED_EDGE('',*,*,#2131,.T.);
#2705=ORIENTED_EDGE('',*,*,#2132,.T.);
#2706=ORIENTED_EDGE('',*,*,#2117,.T.);
#2707=ORIENTED_EDGE('',*,*,#2132,.F.);
#2708=ORIENTED_EDGE('',*,*,#2133,.F.);
#2709=ORIENTED_EDGE('',*,*,#2134,.T.);
#2710=ORIENTED_EDGE('',*,*,#2118,.T.);
#2711=ORIENTED_EDGE('',*,*,#2134,.F.);
#2712=ORIENTED_EDGE('',*,*,#2135,.T.);
#2713=ORIENTED_EDGE('',*,*,#2136,.T.);
#2714=ORIENTED_EDGE('',*,*,#2119,.T.);
#2715=ORIENTED_EDGE('',*,*,#2136,.F.);
#2716=ORIENTED_EDGE('',*,*,#2137,.F.);
#2717=ORIENTED_EDGE('',*,*,#2138,.T.);
#2718=ORIENTED_EDGE('',*,*,#2120,.T.);
#2719=ORIENTED_EDGE('',*,*,#2138,.F.);
#2720=ORIENTED_EDGE('',*,*,#2139,.T.);
#2721=ORIENTED_EDGE('',*,*,#2140,.T.);
#2722=ORIENTED_EDGE('',*,*,#2123,.T.);
#2723=ORIENTED_EDGE('',*,*,#2140,.F.);
#2724=ORIENTED_EDGE('',*,*,#2141,.F.);
#2725=ORIENTED_EDGE('',*,*,#2142,.T.);
#2726=ORIENTED_EDGE('',*,*,#2124,.T.);
#2727=ORIENTED_EDGE('',*,*,#2142,.F.);
#2728=ORIENTED_EDGE('',*,*,#2143,.T.);
#2729=ORIENTED_EDGE('',*,*,#2144,.T.);
#2730=ORIENTED_EDGE('',*,*,#2121,.T.);
#2731=ORIENTED_EDGE('',*,*,#2144,.F.);
#2732=ORIENTED_EDGE('',*,*,#2145,.F.);
#2733=ORIENTED_EDGE('',*,*,#2146,.T.);
#2734=ORIENTED_EDGE('',*,*,#2122,.T.);
#2735=ORIENTED_EDGE('',*,*,#2146,.F.);
#2736=ORIENTED_EDGE('',*,*,#2147,.F.);
#2737=ORIENTED_EDGE('',*,*,#2148,.T.);
#2738=ORIENTED_EDGE('',*,*,#2149,.T.);
#2739=ORIENTED_EDGE('',*,*,#2148,.F.);
#2740=ORIENTED_EDGE('',*,*,#2128,.T.);
#2741=ORIENTED_EDGE('',*,*,#2133,.T.);
#2742=ORIENTED_EDGE('',*,*,#2137,.T.);
#2743=ORIENTED_EDGE('',*,*,#2141,.T.);
#2744=ORIENTED_EDGE('',*,*,#2145,.T.);
#2745=ORIENTED_EDGE('',*,*,#2147,.T.);
#2746=ORIENTED_EDGE('',*,*,#2125,.F.);
#2747=ORIENTED_EDGE('',*,*,#2149,.F.);
#2748=ORIENTED_EDGE('',*,*,#2139,.F.);
#2749=ORIENTED_EDGE('',*,*,#2143,.F.);
#2750=ORIENTED_EDGE('',*,*,#2131,.F.);
#2751=ORIENTED_EDGE('',*,*,#2135,.F.);
#2752=ORIENTED_EDGE('',*,*,#2127,.F.);
#2753=ORIENTED_EDGE('',*,*,#2150,.T.);
#2754=ORIENTED_EDGE('',*,*,#2116,.F.);
#2755=ORIENTED_EDGE('',*,*,#2150,.F.);
#2756=ORIENTED_EDGE('',*,*,#2130,.F.);
#2757=ORIENTED_EDGE('',*,*,#2151,.T.);
#2758=ORIENTED_EDGE('',*,*,#2115,.F.);
#2759=ORIENTED_EDGE('',*,*,#2151,.F.);
#2760=ORIENTED_EDGE('',*,*,#2152,.T.);
#2761=ORIENTED_EDGE('',*,*,#2153,.T.);
#2762=ORIENTED_EDGE('',*,*,#2154,.T.);
#2763=ORIENTED_EDGE('',*,*,#2153,.F.);
#2764=ORIENTED_EDGE('',*,*,#2154,.F.);
#2765=ORIENTED_EDGE('',*,*,#2155,.T.);
#2766=ORIENTED_EDGE('',*,*,#2156,.F.);
#2767=ORIENTED_EDGE('',*,*,#2155,.F.);
#2768=ORIENTED_EDGE('',*,*,#2152,.F.);
#2769=ORIENTED_EDGE('',*,*,#2157,.T.);
#2770=ORIENTED_EDGE('',*,*,#2158,.T.);
#2771=ORIENTED_EDGE('',*,*,#2159,.T.);
#2772=ORIENTED_EDGE('',*,*,#2158,.F.);
#2773=ORIENTED_EDGE('',*,*,#2159,.F.);
#2774=ORIENTED_EDGE('',*,*,#2160,.T.);
#2775=ORIENTED_EDGE('',*,*,#2161,.F.);
#2776=ORIENTED_EDGE('',*,*,#2160,.F.);
#2777=ORIENTED_EDGE('',*,*,#2157,.F.);
#2778=ORIENTED_EDGE('',*,*,#2162,.T.);
#2779=ORIENTED_EDGE('',*,*,#2163,.T.);
#2780=ORIENTED_EDGE('',*,*,#2164,.T.);
#2781=ORIENTED_EDGE('',*,*,#2163,.F.);
#2782=ORIENTED_EDGE('',*,*,#2164,.F.);
#2783=ORIENTED_EDGE('',*,*,#2165,.T.);
#2784=ORIENTED_EDGE('',*,*,#2166,.F.);
#2785=ORIENTED_EDGE('',*,*,#2165,.F.);
#2786=ORIENTED_EDGE('',*,*,#2162,.F.);
#2787=ORIENTED_EDGE('',*,*,#2167,.T.);
#2788=ORIENTED_EDGE('',*,*,#2168,.T.);
#2789=ORIENTED_EDGE('',*,*,#2169,.T.);
#2790=ORIENTED_EDGE('',*,*,#2168,.F.);
#2791=ORIENTED_EDGE('',*,*,#2169,.F.);
#2792=ORIENTED_EDGE('',*,*,#2170,.T.);
#2793=ORIENTED_EDGE('',*,*,#2171,.F.);
#2794=ORIENTED_EDGE('',*,*,#2170,.F.);
#2795=ORIENTED_EDGE('',*,*,#2167,.F.);
#2796=ORIENTED_EDGE('',*,*,#2172,.T.);
#2797=ORIENTED_EDGE('',*,*,#2173,.T.);
#2798=ORIENTED_EDGE('',*,*,#2174,.T.);
#2799=ORIENTED_EDGE('',*,*,#2173,.F.);
#2800=ORIENTED_EDGE('',*,*,#2174,.F.);
#2801=ORIENTED_EDGE('',*,*,#2175,.T.);
#2802=ORIENTED_EDGE('',*,*,#2176,.F.);
#2803=ORIENTED_EDGE('',*,*,#2175,.F.);
#2804=ORIENTED_EDGE('',*,*,#2172,.F.);
#2805=ORIENTED_EDGE('',*,*,#2177,.T.);
#2806=ORIENTED_EDGE('',*,*,#2178,.T.);
#2807=ORIENTED_EDGE('',*,*,#2179,.T.);
#2808=ORIENTED_EDGE('',*,*,#2178,.F.);
#2809=ORIENTED_EDGE('',*,*,#2179,.F.);
#2810=ORIENTED_EDGE('',*,*,#2180,.T.);
#2811=ORIENTED_EDGE('',*,*,#2181,.F.);
#2812=ORIENTED_EDGE('',*,*,#2180,.F.);
#2813=ORIENTED_EDGE('',*,*,#2177,.F.);
#2814=ORIENTED_EDGE('',*,*,#2182,.T.);
#2815=ORIENTED_EDGE('',*,*,#2183,.T.);
#2816=ORIENTED_EDGE('',*,*,#2184,.T.);
#2817=ORIENTED_EDGE('',*,*,#2183,.F.);
#2818=ORIENTED_EDGE('',*,*,#2184,.F.);
#2819=ORIENTED_EDGE('',*,*,#2185,.T.);
#2820=ORIENTED_EDGE('',*,*,#2186,.F.);
#2821=ORIENTED_EDGE('',*,*,#2185,.F.);
#2822=ORIENTED_EDGE('',*,*,#2182,.F.);
#2823=ORIENTED_EDGE('',*,*,#2187,.T.);
#2824=ORIENTED_EDGE('',*,*,#2188,.T.);
#2825=ORIENTED_EDGE('',*,*,#2189,.T.);
#2826=ORIENTED_EDGE('',*,*,#2188,.F.);
#2827=ORIENTED_EDGE('',*,*,#2189,.F.);
#2828=ORIENTED_EDGE('',*,*,#2190,.T.);
#2829=ORIENTED_EDGE('',*,*,#2191,.F.);
#2830=ORIENTED_EDGE('',*,*,#2190,.F.);
#2831=ORIENTED_EDGE('',*,*,#2187,.F.);
#2832=ORIENTED_EDGE('',*,*,#2192,.T.);
#2833=ORIENTED_EDGE('',*,*,#2193,.T.);
#2834=ORIENTED_EDGE('',*,*,#2194,.F.);
#2835=ORIENTED_EDGE('',*,*,#2195,.T.);
#2836=ORIENTED_EDGE('',*,*,#2196,.F.);
#2837=ORIENTED_EDGE('',*,*,#2195,.F.);
#2838=ORIENTED_EDGE('',*,*,#2197,.F.);
#2839=ORIENTED_EDGE('',*,*,#2198,.T.);
#2840=ORIENTED_EDGE('',*,*,#2199,.T.);
#2841=ORIENTED_EDGE('',*,*,#2200,.T.);
#2842=ORIENTED_EDGE('',*,*,#2201,.F.);
#2843=ORIENTED_EDGE('',*,*,#2202,.T.);
#2844=ORIENTED_EDGE('',*,*,#2203,.T.);
#2845=ORIENTED_EDGE('',*,*,#2204,.T.);
#2846=ORIENTED_EDGE('',*,*,#2205,.T.);
#2847=ORIENTED_EDGE('',*,*,#2206,.T.);
#2848=ORIENTED_EDGE('',*,*,#2207,.T.);
#2849=ORIENTED_EDGE('',*,*,#2208,.T.);
#2850=ORIENTED_EDGE('',*,*,#2209,.F.);
#2851=ORIENTED_EDGE('',*,*,#2210,.T.);
#2852=ORIENTED_EDGE('',*,*,#2211,.F.);
#2853=ORIENTED_EDGE('',*,*,#2210,.F.);
#2854=ORIENTED_EDGE('',*,*,#2212,.F.);
#2855=ORIENTED_EDGE('',*,*,#2213,.F.);
#2856=ORIENTED_EDGE('',*,*,#2214,.F.);
#2857=ORIENTED_EDGE('',*,*,#2215,.F.);
#2858=ORIENTED_EDGE('',*,*,#2216,.F.);
#2859=ORIENTED_EDGE('',*,*,#2217,.F.);
#2860=ORIENTED_EDGE('',*,*,#2191,.T.);
#2861=ORIENTED_EDGE('',*,*,#2161,.T.);
#2862=ORIENTED_EDGE('',*,*,#2156,.T.);
#2863=ORIENTED_EDGE('',*,*,#2176,.T.);
#2864=ORIENTED_EDGE('',*,*,#2186,.T.);
#2865=ORIENTED_EDGE('',*,*,#2166,.T.);
#2866=ORIENTED_EDGE('',*,*,#2181,.T.);
#2867=ORIENTED_EDGE('',*,*,#2171,.T.);
#2868=ORIENTED_EDGE('',*,*,#2218,.T.);
#2869=ORIENTED_EDGE('',*,*,#2219,.T.);
#2870=ORIENTED_EDGE('',*,*,#2220,.T.);
#2871=ORIENTED_EDGE('',*,*,#2219,.F.);
#2872=ORIENTED_EDGE('',*,*,#2221,.T.);
#2873=ORIENTED_EDGE('',*,*,#2220,.F.);
#2874=ORIENTED_EDGE('',*,*,#2205,.F.);
#2875=ORIENTED_EDGE('',*,*,#2222,.T.);
#2876=ORIENTED_EDGE('',*,*,#2221,.F.);
#2877=ORIENTED_EDGE('',*,*,#2218,.F.);
#2878=ORIENTED_EDGE('',*,*,#2222,.F.);
#2879=ORIENTED_EDGE('',*,*,#2223,.T.);
#2880=ORIENTED_EDGE('',*,*,#2224,.T.);
#2881=ORIENTED_EDGE('',*,*,#2225,.T.);
#2882=ORIENTED_EDGE('',*,*,#2224,.F.);
#2883=ORIENTED_EDGE('',*,*,#2226,.T.);
#2884=ORIENTED_EDGE('',*,*,#2225,.F.);
#2885=ORIENTED_EDGE('',*,*,#2203,.F.);
#2886=ORIENTED_EDGE('',*,*,#2227,.T.);
#2887=ORIENTED_EDGE('',*,*,#2226,.F.);
#2888=ORIENTED_EDGE('',*,*,#2223,.F.);
#2889=ORIENTED_EDGE('',*,*,#2227,.F.);
#2890=ORIENTED_EDGE('',*,*,#2228,.T.);
#2891=ORIENTED_EDGE('',*,*,#2229,.T.);
#2892=ORIENTED_EDGE('',*,*,#2230,.T.);
#2893=ORIENTED_EDGE('',*,*,#2229,.F.);
#2894=ORIENTED_EDGE('',*,*,#2231,.T.);
#2895=ORIENTED_EDGE('',*,*,#2230,.F.);
#2896=ORIENTED_EDGE('',*,*,#2204,.F.);
#2897=ORIENTED_EDGE('',*,*,#2232,.T.);
#2898=ORIENTED_EDGE('',*,*,#2231,.F.);
#2899=ORIENTED_EDGE('',*,*,#2228,.F.);
#2900=ORIENTED_EDGE('',*,*,#2232,.F.);
#2901=ORIENTED_EDGE('',*,*,#2233,.T.);
#2902=ORIENTED_EDGE('',*,*,#2234,.T.);
#2903=ORIENTED_EDGE('',*,*,#2235,.T.);
#2904=ORIENTED_EDGE('',*,*,#2234,.F.);
#2905=ORIENTED_EDGE('',*,*,#2236,.T.);
#2906=ORIENTED_EDGE('',*,*,#2235,.F.);
#2907=ORIENTED_EDGE('',*,*,#2206,.F.);
#2908=ORIENTED_EDGE('',*,*,#2237,.T.);
#2909=ORIENTED_EDGE('',*,*,#2236,.F.);
#2910=ORIENTED_EDGE('',*,*,#2233,.F.);
#2911=ORIENTED_EDGE('',*,*,#2237,.F.);
#2912=ORIENTED_EDGE('',*,*,#2238,.T.);
#2913=ORIENTED_EDGE('',*,*,#2239,.T.);
#2914=ORIENTED_EDGE('',*,*,#2240,.T.);
#2915=ORIENTED_EDGE('',*,*,#2239,.F.);
#2916=ORIENTED_EDGE('',*,*,#2241,.T.);
#2917=ORIENTED_EDGE('',*,*,#2242,.F.);
#2918=ORIENTED_EDGE('',*,*,#2243,.F.);
#2919=ORIENTED_EDGE('',*,*,#2244,.F.);
#2920=ORIENTED_EDGE('',*,*,#2245,.F.);
#2921=ORIENTED_EDGE('',*,*,#2246,.F.);
#2922=ORIENTED_EDGE('',*,*,#2247,.F.);
#2923=ORIENTED_EDGE('',*,*,#2248,.F.);
#2924=ORIENTED_EDGE('',*,*,#2249,.F.);
#2925=ORIENTED_EDGE('',*,*,#2240,.F.);
#2926=ORIENTED_EDGE('',*,*,#2250,.F.);
#2927=ORIENTED_EDGE('',*,*,#2251,.T.);
#2928=ORIENTED_EDGE('',*,*,#2241,.F.);
#2929=ORIENTED_EDGE('',*,*,#2238,.F.);
#2930=ORIENTED_EDGE('',*,*,#2251,.F.);
#2931=ORIENTED_EDGE('',*,*,#2252,.F.);
#2932=ORIENTED_EDGE('',*,*,#2253,.T.);
#2933=ORIENTED_EDGE('',*,*,#2254,.T.);
#2934=ORIENTED_EDGE('',*,*,#2243,.T.);
#2935=ORIENTED_EDGE('',*,*,#2254,.F.);
#2936=ORIENTED_EDGE('',*,*,#2255,.T.);
#2937=ORIENTED_EDGE('',*,*,#2256,.F.);
#2938=ORIENTED_EDGE('',*,*,#2257,.T.);
#2939=ORIENTED_EDGE('',*,*,#2255,.F.);
#2940=ORIENTED_EDGE('',*,*,#2253,.F.);
#2941=ORIENTED_EDGE('',*,*,#2257,.F.);
#2942=ORIENTED_EDGE('',*,*,#2258,.F.);
#2943=ORIENTED_EDGE('',*,*,#2259,.T.);
#2944=ORIENTED_EDGE('',*,*,#2260,.T.);
#2945=ORIENTED_EDGE('',*,*,#2249,.T.);
#2946=ORIENTED_EDGE('',*,*,#2260,.F.);
#2947=ORIENTED_EDGE('',*,*,#2261,.T.);
#2948=ORIENTED_EDGE('',*,*,#2262,.F.);
#2949=ORIENTED_EDGE('',*,*,#2263,.T.);
#2950=ORIENTED_EDGE('',*,*,#2261,.F.);
#2951=ORIENTED_EDGE('',*,*,#2259,.F.);
#2952=ORIENTED_EDGE('',*,*,#2263,.F.);
#2953=ORIENTED_EDGE('',*,*,#2264,.F.);
#2954=ORIENTED_EDGE('',*,*,#2265,.T.);
#2955=ORIENTED_EDGE('',*,*,#2266,.T.);
#2956=ORIENTED_EDGE('',*,*,#2244,.T.);
#2957=ORIENTED_EDGE('',*,*,#2266,.F.);
#2958=ORIENTED_EDGE('',*,*,#2267,.T.);
#2959=ORIENTED_EDGE('',*,*,#2268,.F.);
#2960=ORIENTED_EDGE('',*,*,#2269,.T.);
#2961=ORIENTED_EDGE('',*,*,#2267,.F.);
#2962=ORIENTED_EDGE('',*,*,#2265,.F.);
#2963=ORIENTED_EDGE('',*,*,#2269,.F.);
#2964=ORIENTED_EDGE('',*,*,#2270,.F.);
#2965=ORIENTED_EDGE('',*,*,#2247,.T.);
#2966=ORIENTED_EDGE('',*,*,#2271,.T.);
#2967=ORIENTED_EDGE('',*,*,#2272,.T.);
#2968=ORIENTED_EDGE('',*,*,#2273,.F.);
#2969=ORIENTED_EDGE('',*,*,#2245,.T.);
#2970=ORIENTED_EDGE('',*,*,#2274,.T.);
#2971=ORIENTED_EDGE('',*,*,#2275,.T.);
#2972=ORIENTED_EDGE('',*,*,#2276,.T.);
#2973=ORIENTED_EDGE('',*,*,#2277,.T.);
#2974=ORIENTED_EDGE('',*,*,#2274,.F.);
#2975=ORIENTED_EDGE('',*,*,#2248,.T.);
#2976=ORIENTED_EDGE('',*,*,#2273,.T.);
#2977=ORIENTED_EDGE('',*,*,#2246,.T.);
#2978=ORIENTED_EDGE('',*,*,#2276,.F.);
#2979=ORIENTED_EDGE('',*,*,#2278,.T.);
#2980=ORIENTED_EDGE('',*,*,#2271,.F.);
#2981=ORIENTED_EDGE('',*,*,#2193,.F.);
#2982=ORIENTED_EDGE('',*,*,#2279,.F.);
#2983=ORIENTED_EDGE('',*,*,#2278,.F.);
#2984=ORIENTED_EDGE('',*,*,#2280,.T.);
#2985=ORIENTED_EDGE('',*,*,#2275,.F.);
#2986=ORIENTED_EDGE('',*,*,#2281,.T.);
#2987=ORIENTED_EDGE('',*,*,#2207,.F.);
#2988=ORIENTED_EDGE('',*,*,#2211,.T.);
#2989=ORIENTED_EDGE('',*,*,#2282,.F.);
#2990=ORIENTED_EDGE('',*,*,#2283,.F.);
#2991=ORIENTED_EDGE('',*,*,#2284,.F.);
#2992=ORIENTED_EDGE('',*,*,#2197,.T.);
#2993=ORIENTED_EDGE('',*,*,#2194,.T.);
#2994=ORIENTED_EDGE('',*,*,#2280,.F.);
#2995=ORIENTED_EDGE('',*,*,#2285,.T.);
#2996=ORIENTED_EDGE('',*,*,#2286,.T.);
#2997=ORIENTED_EDGE('',*,*,#2287,.T.);
#2998=ORIENTED_EDGE('',*,*,#2288,.T.);
#2999=ORIENTED_EDGE('',*,*,#2289,.T.);
#3000=ORIENTED_EDGE('',*,*,#2290,.T.);
#3001=ORIENTED_EDGE('',*,*,#2291,.T.);
#3002=ORIENTED_EDGE('',*,*,#2292,.T.);
#3003=ORIENTED_EDGE('',*,*,#2293,.T.);
#3004=ORIENTED_EDGE('',*,*,#2294,.T.);
#3005=ORIENTED_EDGE('',*,*,#2295,.T.);
#3006=ORIENTED_EDGE('',*,*,#2296,.T.);
#3007=ORIENTED_EDGE('',*,*,#2297,.T.);
#3008=ORIENTED_EDGE('',*,*,#2298,.T.);
#3009=ORIENTED_EDGE('',*,*,#2299,.T.);
#3010=ORIENTED_EDGE('',*,*,#2290,.F.);
#3011=ORIENTED_EDGE('',*,*,#2300,.T.);
#3012=ORIENTED_EDGE('',*,*,#2301,.T.);
#3013=ORIENTED_EDGE('',*,*,#2302,.T.);
#3014=ORIENTED_EDGE('',*,*,#2294,.F.);
#3015=ORIENTED_EDGE('',*,*,#2303,.T.);
#3016=ORIENTED_EDGE('',*,*,#2304,.T.);
#3017=ORIENTED_EDGE('',*,*,#2283,.T.);
#3018=ORIENTED_EDGE('',*,*,#2298,.F.);
#3019=ORIENTED_EDGE('',*,*,#2305,.T.);
#3020=ORIENTED_EDGE('',*,*,#2306,.T.);
#3021=ORIENTED_EDGE('',*,*,#2307,.T.);
#3022=ORIENTED_EDGE('',*,*,#2301,.F.);
#3023=ORIENTED_EDGE('',*,*,#2308,.T.);
#3024=ORIENTED_EDGE('',*,*,#2306,.F.);
#3025=ORIENTED_EDGE('',*,*,#2309,.T.);
#3026=ORIENTED_EDGE('',*,*,#2304,.F.);
#3027=ORIENTED_EDGE('',*,*,#2310,.T.);
#3028=ORIENTED_EDGE('',*,*,#2296,.F.);
#3029=ORIENTED_EDGE('',*,*,#2311,.T.);
#3030=ORIENTED_EDGE('',*,*,#2286,.F.);
#3031=ORIENTED_EDGE('',*,*,#2312,.T.);
#3032=ORIENTED_EDGE('',*,*,#2292,.F.);
#3033=ORIENTED_EDGE('',*,*,#2313,.T.);
#3034=ORIENTED_EDGE('',*,*,#2314,.T.);
#3035=ORIENTED_EDGE('',*,*,#2315,.T.);
#3036=ORIENTED_EDGE('',*,*,#2314,.F.);
#3037=ORIENTED_EDGE('',*,*,#2316,.T.);
#3038=ORIENTED_EDGE('',*,*,#2317,.T.);
#3039=ORIENTED_EDGE('',*,*,#2318,.T.);
#3040=ORIENTED_EDGE('',*,*,#2317,.F.);
#3041=ORIENTED_EDGE('',*,*,#2319,.T.);
#3042=ORIENTED_EDGE('',*,*,#2288,.F.);
#3043=ORIENTED_EDGE('',*,*,#2299,.F.);
#3044=ORIENTED_EDGE('',*,*,#2282,.T.);
#3045=ORIENTED_EDGE('',*,*,#2217,.T.);
#3046=ORIENTED_EDGE('',*,*,#2320,.T.);
#3047=ORIENTED_EDGE('',*,*,#2309,.F.);
#3048=ORIENTED_EDGE('',*,*,#2321,.F.);
#3049=ORIENTED_EDGE('',*,*,#2198,.F.);
#3050=ORIENTED_EDGE('',*,*,#2284,.T.);
#3051=ORIENTED_EDGE('',*,*,#2305,.F.);
#3052=ORIENTED_EDGE('',*,*,#2322,.F.);
#3053=ORIENTED_EDGE('',*,*,#2199,.F.);
#3054=ORIENTED_EDGE('',*,*,#2321,.T.);
#3055=ORIENTED_EDGE('',*,*,#2300,.F.);
#3056=ORIENTED_EDGE('',*,*,#2323,.F.);
#3057=ORIENTED_EDGE('',*,*,#2200,.F.);
#3058=ORIENTED_EDGE('',*,*,#2322,.T.);
#3059=ORIENTED_EDGE('',*,*,#2293,.F.);
#3060=ORIENTED_EDGE('',*,*,#2324,.F.);
#3061=ORIENTED_EDGE('',*,*,#2201,.T.);
#3062=ORIENTED_EDGE('',*,*,#2323,.T.);
#3063=ORIENTED_EDGE('',*,*,#2325,.F.);
#3064=ORIENTED_EDGE('',*,*,#2326,.F.);
#3065=ORIENTED_EDGE('',*,*,#2327,.F.);
#3066=ORIENTED_EDGE('',*,*,#2328,.F.);
#3067=ORIENTED_EDGE('',*,*,#2329,.F.);
#3068=ORIENTED_EDGE('',*,*,#2295,.F.);
#3069=ORIENTED_EDGE('',*,*,#2302,.F.);
#3070=ORIENTED_EDGE('',*,*,#2307,.F.);
#3071=ORIENTED_EDGE('',*,*,#2308,.F.);
#3072=ORIENTED_EDGE('',*,*,#2303,.F.);
#3073=ORIENTED_EDGE('',*,*,#2297,.F.);
#3074=ORIENTED_EDGE('',*,*,#2289,.F.);
#3075=ORIENTED_EDGE('',*,*,#2312,.F.);
#3076=ORIENTED_EDGE('',*,*,#2315,.F.);
#3077=ORIENTED_EDGE('',*,*,#2318,.F.);
#3078=ORIENTED_EDGE('',*,*,#2287,.F.);
#3079=ORIENTED_EDGE('',*,*,#2311,.F.);
#3080=ORIENTED_EDGE('',*,*,#2326,.T.);
#3081=ORIENTED_EDGE('',*,*,#2330,.T.);
#3082=ORIENTED_EDGE('',*,*,#2252,.T.);
#3083=ORIENTED_EDGE('',*,*,#2250,.T.);
#3084=ORIENTED_EDGE('',*,*,#2330,.F.);
#3085=ORIENTED_EDGE('',*,*,#2329,.T.);
#3086=ORIENTED_EDGE('',*,*,#2331,.T.);
#3087=ORIENTED_EDGE('',*,*,#2258,.T.);
#3088=ORIENTED_EDGE('',*,*,#2256,.T.);
#3089=ORIENTED_EDGE('',*,*,#2331,.F.);
#3090=ORIENTED_EDGE('',*,*,#2327,.T.);
#3091=ORIENTED_EDGE('',*,*,#2332,.T.);
#3092=ORIENTED_EDGE('',*,*,#2264,.T.);
#3093=ORIENTED_EDGE('',*,*,#2262,.T.);
#3094=ORIENTED_EDGE('',*,*,#2332,.F.);
#3095=ORIENTED_EDGE('',*,*,#2328,.T.);
#3096=ORIENTED_EDGE('',*,*,#2333,.T.);
#3097=ORIENTED_EDGE('',*,*,#2270,.T.);
#3098=ORIENTED_EDGE('',*,*,#2268,.T.);
#3099=ORIENTED_EDGE('',*,*,#2333,.F.);
#3100=ORIENTED_EDGE('',*,*,#2325,.T.);
#3101=ORIENTED_EDGE('',*,*,#2334,.T.);
#3102=ORIENTED_EDGE('',*,*,#2335,.T.);
#3103=ORIENTED_EDGE('',*,*,#2334,.F.);
#3104=ORIENTED_EDGE('',*,*,#2335,.F.);
#3105=ORIENTED_EDGE('',*,*,#2336,.T.);
#3106=ORIENTED_EDGE('',*,*,#2337,.F.);
#3107=ORIENTED_EDGE('',*,*,#2336,.F.);
#3108=ORIENTED_EDGE('',*,*,#2337,.T.);
#3109=ORIENTED_EDGE('',*,*,#2338,.T.);
#3110=ORIENTED_EDGE('',*,*,#2242,.T.);
#3111=ORIENTED_EDGE('',*,*,#2338,.F.);
#3112=ORIENTED_EDGE('',*,*,#2310,.F.);
#3113=ORIENTED_EDGE('',*,*,#2339,.F.);
#3114=ORIENTED_EDGE('',*,*,#2202,.F.);
#3115=ORIENTED_EDGE('',*,*,#2324,.T.);
#3116=ORIENTED_EDGE('',*,*,#2208,.F.);
#3117=ORIENTED_EDGE('',*,*,#2281,.F.);
#3118=ORIENTED_EDGE('',*,*,#2277,.F.);
#3119=ORIENTED_EDGE('',*,*,#2340,.T.);
#3120=ORIENTED_EDGE('',*,*,#2272,.F.);
#3121=ORIENTED_EDGE('',*,*,#2279,.T.);
#3122=ORIENTED_EDGE('',*,*,#2192,.F.);
#3123=ORIENTED_EDGE('',*,*,#2196,.T.);
#3124=ORIENTED_EDGE('',*,*,#2339,.T.);
#3125=ORIENTED_EDGE('',*,*,#2285,.F.);
#3126=ORIENTED_EDGE('',*,*,#2341,.F.);
#3127=ORIENTED_EDGE('',*,*,#2212,.T.);
#3128=ORIENTED_EDGE('',*,*,#2209,.T.);
#3129=ORIENTED_EDGE('',*,*,#2340,.F.);
#3130=ORIENTED_EDGE('',*,*,#2291,.F.);
#3131=ORIENTED_EDGE('',*,*,#2320,.F.);
#3132=ORIENTED_EDGE('',*,*,#2216,.T.);
#3133=ORIENTED_EDGE('',*,*,#2342,.T.);
#3134=ORIENTED_EDGE('',*,*,#2313,.F.);
#3135=ORIENTED_EDGE('',*,*,#2342,.F.);
#3136=ORIENTED_EDGE('',*,*,#2215,.T.);
#3137=ORIENTED_EDGE('',*,*,#2343,.T.);
#3138=ORIENTED_EDGE('',*,*,#2316,.F.);
#3139=ORIENTED_EDGE('',*,*,#2343,.F.);
#3140=ORIENTED_EDGE('',*,*,#2214,.T.);
#3141=ORIENTED_EDGE('',*,*,#2344,.T.);
#3142=ORIENTED_EDGE('',*,*,#2319,.F.);
#3143=ORIENTED_EDGE('',*,*,#2344,.F.);
#3144=ORIENTED_EDGE('',*,*,#2213,.T.);
#3145=ORIENTED_EDGE('',*,*,#2341,.T.);
#3146=ORIENTED_EDGE('',*,*,#2345,.T.);
#3147=ORIENTED_EDGE('',*,*,#2346,.T.);
#3148=ORIENTED_EDGE('',*,*,#2347,.F.);
#3149=ORIENTED_EDGE('',*,*,#2348,.F.);
#3150=ORIENTED_EDGE('',*,*,#2349,.F.);
#3151=ORIENTED_EDGE('',*,*,#2350,.F.);
#3152=ORIENTED_EDGE('',*,*,#2351,.F.);
#3153=ORIENTED_EDGE('',*,*,#2352,.F.);
#3154=ORIENTED_EDGE('',*,*,#2353,.F.);
#3155=ORIENTED_EDGE('',*,*,#2354,.F.);
#3156=ORIENTED_EDGE('',*,*,#2355,.T.);
#3157=ORIENTED_EDGE('',*,*,#2356,.T.);
#3158=ORIENTED_EDGE('',*,*,#2357,.T.);
#3159=ORIENTED_EDGE('',*,*,#2356,.F.);
#3160=ORIENTED_EDGE('',*,*,#2358,.F.);
#3161=ORIENTED_EDGE('',*,*,#2359,.T.);
#3162=ORIENTED_EDGE('',*,*,#2360,.T.);
#3163=ORIENTED_EDGE('',*,*,#2359,.F.);
#3164=ORIENTED_EDGE('',*,*,#2361,.T.);
#3165=ORIENTED_EDGE('',*,*,#2362,.T.);
#3166=ORIENTED_EDGE('',*,*,#2347,.T.);
#3167=ORIENTED_EDGE('',*,*,#2362,.F.);
#3168=ORIENTED_EDGE('',*,*,#2363,.F.);
#3169=ORIENTED_EDGE('',*,*,#2364,.T.);
#3170=ORIENTED_EDGE('',*,*,#2348,.T.);
#3171=ORIENTED_EDGE('',*,*,#2364,.F.);
#3172=ORIENTED_EDGE('',*,*,#2365,.T.);
#3173=ORIENTED_EDGE('',*,*,#2366,.T.);
#3174=ORIENTED_EDGE('',*,*,#2349,.T.);
#3175=ORIENTED_EDGE('',*,*,#2366,.F.);
#3176=ORIENTED_EDGE('',*,*,#2367,.F.);
#3177=ORIENTED_EDGE('',*,*,#2368,.T.);
#3178=ORIENTED_EDGE('',*,*,#2350,.T.);
#3179=ORIENTED_EDGE('',*,*,#2368,.F.);
#3180=ORIENTED_EDGE('',*,*,#2369,.T.);
#3181=ORIENTED_EDGE('',*,*,#2370,.T.);
#3182=ORIENTED_EDGE('',*,*,#2353,.T.);
#3183=ORIENTED_EDGE('',*,*,#2370,.F.);
#3184=ORIENTED_EDGE('',*,*,#2371,.F.);
#3185=ORIENTED_EDGE('',*,*,#2372,.T.);
#3186=ORIENTED_EDGE('',*,*,#2354,.T.);
#3187=ORIENTED_EDGE('',*,*,#2372,.F.);
#3188=ORIENTED_EDGE('',*,*,#2373,.T.);
#3189=ORIENTED_EDGE('',*,*,#2374,.T.);
#3190=ORIENTED_EDGE('',*,*,#2351,.T.);
#3191=ORIENTED_EDGE('',*,*,#2374,.F.);
#3192=ORIENTED_EDGE('',*,*,#2375,.F.);
#3193=ORIENTED_EDGE('',*,*,#2376,.T.);
#3194=ORIENTED_EDGE('',*,*,#2352,.T.);
#3195=ORIENTED_EDGE('',*,*,#2376,.F.);
#3196=ORIENTED_EDGE('',*,*,#2377,.F.);
#3197=ORIENTED_EDGE('',*,*,#2378,.T.);
#3198=ORIENTED_EDGE('',*,*,#2379,.T.);
#3199=ORIENTED_EDGE('',*,*,#2378,.F.);
#3200=ORIENTED_EDGE('',*,*,#2358,.T.);
#3201=ORIENTED_EDGE('',*,*,#2363,.T.);
#3202=ORIENTED_EDGE('',*,*,#2367,.T.);
#3203=ORIENTED_EDGE('',*,*,#2371,.T.);
#3204=ORIENTED_EDGE('',*,*,#2375,.T.);
#3205=ORIENTED_EDGE('',*,*,#2377,.T.);
#3206=ORIENTED_EDGE('',*,*,#2355,.F.);
#3207=ORIENTED_EDGE('',*,*,#2379,.F.);
#3208=ORIENTED_EDGE('',*,*,#2369,.F.);
#3209=ORIENTED_EDGE('',*,*,#2373,.F.);
#3210=ORIENTED_EDGE('',*,*,#2361,.F.);
#3211=ORIENTED_EDGE('',*,*,#2365,.F.);
#3212=ORIENTED_EDGE('',*,*,#2357,.F.);
#3213=ORIENTED_EDGE('',*,*,#2380,.T.);
#3214=ORIENTED_EDGE('',*,*,#2346,.F.);
#3215=ORIENTED_EDGE('',*,*,#2380,.F.);
#3216=ORIENTED_EDGE('',*,*,#2360,.F.);
#3217=ORIENTED_EDGE('',*,*,#2381,.T.);
#3218=ORIENTED_EDGE('',*,*,#2345,.F.);
#3219=ORIENTED_EDGE('',*,*,#2381,.F.);
#3220=ORIENTED_EDGE('',*,*,#2382,.T.);
#3221=ORIENTED_EDGE('',*,*,#2383,.T.);
#3222=ORIENTED_EDGE('',*,*,#2384,.F.);
#3223=ORIENTED_EDGE('',*,*,#2385,.F.);
#3224=ORIENTED_EDGE('',*,*,#2386,.F.);
#3225=ORIENTED_EDGE('',*,*,#2387,.F.);
#3226=ORIENTED_EDGE('',*,*,#2388,.F.);
#3227=ORIENTED_EDGE('',*,*,#2389,.F.);
#3228=ORIENTED_EDGE('',*,*,#2390,.F.);
#3229=ORIENTED_EDGE('',*,*,#2391,.F.);
#3230=ORIENTED_EDGE('',*,*,#2392,.T.);
#3231=ORIENTED_EDGE('',*,*,#2393,.T.);
#3232=ORIENTED_EDGE('',*,*,#2394,.T.);
#3233=ORIENTED_EDGE('',*,*,#2393,.F.);
#3234=ORIENTED_EDGE('',*,*,#2395,.F.);
#3235=ORIENTED_EDGE('',*,*,#2396,.T.);
#3236=ORIENTED_EDGE('',*,*,#2397,.T.);
#3237=ORIENTED_EDGE('',*,*,#2396,.F.);
#3238=ORIENTED_EDGE('',*,*,#2398,.T.);
#3239=ORIENTED_EDGE('',*,*,#2399,.T.);
#3240=ORIENTED_EDGE('',*,*,#2384,.T.);
#3241=ORIENTED_EDGE('',*,*,#2399,.F.);
#3242=ORIENTED_EDGE('',*,*,#2400,.F.);
#3243=ORIENTED_EDGE('',*,*,#2401,.T.);
#3244=ORIENTED_EDGE('',*,*,#2385,.T.);
#3245=ORIENTED_EDGE('',*,*,#2401,.F.);
#3246=ORIENTED_EDGE('',*,*,#2402,.T.);
#3247=ORIENTED_EDGE('',*,*,#2403,.T.);
#3248=ORIENTED_EDGE('',*,*,#2386,.T.);
#3249=ORIENTED_EDGE('',*,*,#2403,.F.);
#3250=ORIENTED_EDGE('',*,*,#2404,.F.);
#3251=ORIENTED_EDGE('',*,*,#2405,.T.);
#3252=ORIENTED_EDGE('',*,*,#2387,.T.);
#3253=ORIENTED_EDGE('',*,*,#2405,.F.);
#3254=ORIENTED_EDGE('',*,*,#2406,.T.);
#3255=ORIENTED_EDGE('',*,*,#2407,.T.);
#3256=ORIENTED_EDGE('',*,*,#2390,.T.);
#3257=ORIENTED_EDGE('',*,*,#2407,.F.);
#3258=ORIENTED_EDGE('',*,*,#2408,.F.);
#3259=ORIENTED_EDGE('',*,*,#2409,.T.);
#3260=ORIENTED_EDGE('',*,*,#2391,.T.);
#3261=ORIENTED_EDGE('',*,*,#2409,.F.);
#3262=ORIENTED_EDGE('',*,*,#2410,.T.);
#3263=ORIENTED_EDGE('',*,*,#2411,.T.);
#3264=ORIENTED_EDGE('',*,*,#2388,.T.);
#3265=ORIENTED_EDGE('',*,*,#2411,.F.);
#3266=ORIENTED_EDGE('',*,*,#2412,.F.);
#3267=ORIENTED_EDGE('',*,*,#2413,.T.);
#3268=ORIENTED_EDGE('',*,*,#2389,.T.);
#3269=ORIENTED_EDGE('',*,*,#2413,.F.);
#3270=ORIENTED_EDGE('',*,*,#2414,.F.);
#3271=ORIENTED_EDGE('',*,*,#2415,.T.);
#3272=ORIENTED_EDGE('',*,*,#2416,.T.);
#3273=ORIENTED_EDGE('',*,*,#2415,.F.);
#3274=ORIENTED_EDGE('',*,*,#2395,.T.);
#3275=ORIENTED_EDGE('',*,*,#2400,.T.);
#3276=ORIENTED_EDGE('',*,*,#2404,.T.);
#3277=ORIENTED_EDGE('',*,*,#2408,.T.);
#3278=ORIENTED_EDGE('',*,*,#2412,.T.);
#3279=ORIENTED_EDGE('',*,*,#2414,.T.);
#3280=ORIENTED_EDGE('',*,*,#2392,.F.);
#3281=ORIENTED_EDGE('',*,*,#2416,.F.);
#3282=ORIENTED_EDGE('',*,*,#2406,.F.);
#3283=ORIENTED_EDGE('',*,*,#2410,.F.);
#3284=ORIENTED_EDGE('',*,*,#2398,.F.);
#3285=ORIENTED_EDGE('',*,*,#2402,.F.);
#3286=ORIENTED_EDGE('',*,*,#2394,.F.);
#3287=ORIENTED_EDGE('',*,*,#2417,.T.);
#3288=ORIENTED_EDGE('',*,*,#2383,.F.);
#3289=ORIENTED_EDGE('',*,*,#2417,.F.);
#3290=ORIENTED_EDGE('',*,*,#2397,.F.);
#3291=ORIENTED_EDGE('',*,*,#2418,.T.);
#3292=ORIENTED_EDGE('',*,*,#2382,.F.);
#3293=ORIENTED_EDGE('',*,*,#2418,.F.);
#3294=ORIENTED_EDGE('',*,*,#2419,.T.);
#3295=ORIENTED_EDGE('',*,*,#2420,.T.);
#3296=ORIENTED_EDGE('',*,*,#2421,.F.);
#3297=ORIENTED_EDGE('',*,*,#2422,.F.);
#3298=ORIENTED_EDGE('',*,*,#2423,.F.);
#3299=ORIENTED_EDGE('',*,*,#2424,.F.);
#3300=ORIENTED_EDGE('',*,*,#2425,.F.);
#3301=ORIENTED_EDGE('',*,*,#2426,.F.);
#3302=ORIENTED_EDGE('',*,*,#2427,.F.);
#3303=ORIENTED_EDGE('',*,*,#2428,.F.);
#3304=ORIENTED_EDGE('',*,*,#2429,.T.);
#3305=ORIENTED_EDGE('',*,*,#2430,.T.);
#3306=ORIENTED_EDGE('',*,*,#2431,.T.);
#3307=ORIENTED_EDGE('',*,*,#2430,.F.);
#3308=ORIENTED_EDGE('',*,*,#2432,.F.);
#3309=ORIENTED_EDGE('',*,*,#2433,.T.);
#3310=ORIENTED_EDGE('',*,*,#2434,.T.);
#3311=ORIENTED_EDGE('',*,*,#2433,.F.);
#3312=ORIENTED_EDGE('',*,*,#2435,.T.);
#3313=ORIENTED_EDGE('',*,*,#2436,.T.);
#3314=ORIENTED_EDGE('',*,*,#2421,.T.);
#3315=ORIENTED_EDGE('',*,*,#2436,.F.);
#3316=ORIENTED_EDGE('',*,*,#2437,.F.);
#3317=ORIENTED_EDGE('',*,*,#2438,.T.);
#3318=ORIENTED_EDGE('',*,*,#2422,.T.);
#3319=ORIENTED_EDGE('',*,*,#2438,.F.);
#3320=ORIENTED_EDGE('',*,*,#2439,.T.);
#3321=ORIENTED_EDGE('',*,*,#2440,.T.);
#3322=ORIENTED_EDGE('',*,*,#2423,.T.);
#3323=ORIENTED_EDGE('',*,*,#2440,.F.);
#3324=ORIENTED_EDGE('',*,*,#2441,.F.);
#3325=ORIENTED_EDGE('',*,*,#2442,.T.);
#3326=ORIENTED_EDGE('',*,*,#2424,.T.);
#3327=ORIENTED_EDGE('',*,*,#2442,.F.);
#3328=ORIENTED_EDGE('',*,*,#2443,.T.);
#3329=ORIENTED_EDGE('',*,*,#2444,.T.);
#3330=ORIENTED_EDGE('',*,*,#2427,.T.);
#3331=ORIENTED_EDGE('',*,*,#2444,.F.);
#3332=ORIENTED_EDGE('',*,*,#2445,.F.);
#3333=ORIENTED_EDGE('',*,*,#2446,.T.);
#3334=ORIENTED_EDGE('',*,*,#2428,.T.);
#3335=ORIENTED_EDGE('',*,*,#2446,.F.);
#3336=ORIENTED_EDGE('',*,*,#2447,.T.);
#3337=ORIENTED_EDGE('',*,*,#2448,.T.);
#3338=ORIENTED_EDGE('',*,*,#2425,.T.);
#3339=ORIENTED_EDGE('',*,*,#2448,.F.);
#3340=ORIENTED_EDGE('',*,*,#2449,.F.);
#3341=ORIENTED_EDGE('',*,*,#2450,.T.);
#3342=ORIENTED_EDGE('',*,*,#2426,.T.);
#3343=ORIENTED_EDGE('',*,*,#2450,.F.);
#3344=ORIENTED_EDGE('',*,*,#2451,.F.);
#3345=ORIENTED_EDGE('',*,*,#2452,.T.);
#3346=ORIENTED_EDGE('',*,*,#2453,.T.);
#3347=ORIENTED_EDGE('',*,*,#2452,.F.);
#3348=ORIENTED_EDGE('',*,*,#2432,.T.);
#3349=ORIENTED_EDGE('',*,*,#2437,.T.);
#3350=ORIENTED_EDGE('',*,*,#2441,.T.);
#3351=ORIENTED_EDGE('',*,*,#2445,.T.);
#3352=ORIENTED_EDGE('',*,*,#2449,.T.);
#3353=ORIENTED_EDGE('',*,*,#2451,.T.);
#3354=ORIENTED_EDGE('',*,*,#2429,.F.);
#3355=ORIENTED_EDGE('',*,*,#2453,.F.);
#3356=ORIENTED_EDGE('',*,*,#2443,.F.);
#3357=ORIENTED_EDGE('',*,*,#2447,.F.);
#3358=ORIENTED_EDGE('',*,*,#2435,.F.);
#3359=ORIENTED_EDGE('',*,*,#2439,.F.);
#3360=ORIENTED_EDGE('',*,*,#2431,.F.);
#3361=ORIENTED_EDGE('',*,*,#2454,.T.);
#3362=ORIENTED_EDGE('',*,*,#2420,.F.);
#3363=ORIENTED_EDGE('',*,*,#2454,.F.);
#3364=ORIENTED_EDGE('',*,*,#2434,.F.);
#3365=ORIENTED_EDGE('',*,*,#2455,.T.);
#3366=ORIENTED_EDGE('',*,*,#2419,.F.);
#3367=ORIENTED_EDGE('',*,*,#2455,.F.);
#3368=ORIENTED_EDGE('',*,*,#2456,.T.);
#3369=ORIENTED_EDGE('',*,*,#2457,.T.);
#3370=ORIENTED_EDGE('',*,*,#2458,.T.);
#3371=ORIENTED_EDGE('',*,*,#2459,.T.);
#3372=ORIENTED_EDGE('',*,*,#2457,.F.);
#3373=ORIENTED_EDGE('',*,*,#2460,.F.);
#3374=ORIENTED_EDGE('',*,*,#2461,.T.);
#3375=ORIENTED_EDGE('',*,*,#2458,.F.);
#3376=ORIENTED_EDGE('',*,*,#2459,.F.);
#3377=ORIENTED_EDGE('',*,*,#2461,.F.);
#3378=ORIENTED_EDGE('',*,*,#2462,.T.);
#3379=ORIENTED_EDGE('',*,*,#2463,.T.);
#3380=ORIENTED_EDGE('',*,*,#2464,.T.);
#3381=ORIENTED_EDGE('',*,*,#2465,.T.);
#3382=ORIENTED_EDGE('',*,*,#2466,.T.);
#3383=ORIENTED_EDGE('',*,*,#2467,.T.);
#3384=ORIENTED_EDGE('',*,*,#2468,.T.);
#3385=ORIENTED_EDGE('',*,*,#2469,.T.);
#3386=ORIENTED_EDGE('',*,*,#2470,.T.);
#3387=ORIENTED_EDGE('',*,*,#2471,.T.);
#3388=ORIENTED_EDGE('',*,*,#2472,.T.);
#3389=ORIENTED_EDGE('',*,*,#2473,.T.);
#3390=ORIENTED_EDGE('',*,*,#2474,.T.);
#3391=ORIENTED_EDGE('',*,*,#2456,.F.);
#3392=ORIENTED_EDGE('',*,*,#2475,.F.);
#3393=ORIENTED_EDGE('',*,*,#2476,.T.);
#3394=ORIENTED_EDGE('',*,*,#2477,.F.);
#3395=ORIENTED_EDGE('',*,*,#2476,.F.);
#3396=ORIENTED_EDGE('',*,*,#2478,.F.);
#3397=ORIENTED_EDGE('',*,*,#2479,.T.);
#3398=ORIENTED_EDGE('',*,*,#2480,.F.);
#3399=ORIENTED_EDGE('',*,*,#2479,.F.);
#3400=ORIENTED_EDGE('',*,*,#2481,.F.);
#3401=ORIENTED_EDGE('',*,*,#2482,.T.);
#3402=ORIENTED_EDGE('',*,*,#2483,.F.);
#3403=ORIENTED_EDGE('',*,*,#2482,.F.);
#3404=ORIENTED_EDGE('',*,*,#2484,.F.);
#3405=ORIENTED_EDGE('',*,*,#2485,.T.);
#3406=ORIENTED_EDGE('',*,*,#2486,.F.);
#3407=ORIENTED_EDGE('',*,*,#2485,.F.);
#3408=ORIENTED_EDGE('',*,*,#2487,.F.);
#3409=ORIENTED_EDGE('',*,*,#2488,.T.);
#3410=ORIENTED_EDGE('',*,*,#2489,.F.);
#3411=ORIENTED_EDGE('',*,*,#2488,.F.);
#3412=ORIENTED_EDGE('',*,*,#2490,.F.);
#3413=ORIENTED_EDGE('',*,*,#2491,.T.);
#3414=ORIENTED_EDGE('',*,*,#2492,.F.);
#3415=ORIENTED_EDGE('',*,*,#2491,.F.);
#3416=ORIENTED_EDGE('',*,*,#2493,.F.);
#3417=ORIENTED_EDGE('',*,*,#2494,.T.);
#3418=ORIENTED_EDGE('',*,*,#2495,.F.);
#3419=ORIENTED_EDGE('',*,*,#2494,.F.);
#3420=ORIENTED_EDGE('',*,*,#2496,.F.);
#3421=ORIENTED_EDGE('',*,*,#2497,.T.);
#3422=ORIENTED_EDGE('',*,*,#2498,.F.);
#3423=ORIENTED_EDGE('',*,*,#2497,.F.);
#3424=ORIENTED_EDGE('',*,*,#2499,.F.);
#3425=ORIENTED_EDGE('',*,*,#2500,.F.);
#3426=ORIENTED_EDGE('',*,*,#2501,.F.);
#3427=ORIENTED_EDGE('',*,*,#2502,.T.);
#3428=ORIENTED_EDGE('',*,*,#2503,.F.);
#3429=ORIENTED_EDGE('',*,*,#2502,.F.);
#3430=ORIENTED_EDGE('',*,*,#2504,.F.);
#3431=ORIENTED_EDGE('',*,*,#2505,.T.);
#3432=ORIENTED_EDGE('',*,*,#2506,.F.);
#3433=ORIENTED_EDGE('',*,*,#2505,.F.);
#3434=ORIENTED_EDGE('',*,*,#2507,.F.);
#3435=ORIENTED_EDGE('',*,*,#2508,.T.);
#3436=ORIENTED_EDGE('',*,*,#2509,.F.);
#3437=ORIENTED_EDGE('',*,*,#2508,.F.);
#3438=ORIENTED_EDGE('',*,*,#2510,.F.);
#3439=ORIENTED_EDGE('',*,*,#2500,.T.);
#3440=ORIENTED_EDGE('',*,*,#2471,.F.);
#3441=ORIENTED_EDGE('',*,*,#2511,.T.);
#3442=ORIENTED_EDGE('',*,*,#2512,.F.);
#3443=ORIENTED_EDGE('',*,*,#2513,.F.);
#3444=ORIENTED_EDGE('',*,*,#2470,.F.);
#3445=ORIENTED_EDGE('',*,*,#2514,.T.);
#3446=ORIENTED_EDGE('',*,*,#2515,.F.);
#3447=ORIENTED_EDGE('',*,*,#2511,.F.);
#3448=ORIENTED_EDGE('',*,*,#2472,.F.);
#3449=ORIENTED_EDGE('',*,*,#2513,.T.);
#3450=ORIENTED_EDGE('',*,*,#2516,.F.);
#3451=ORIENTED_EDGE('',*,*,#2517,.F.);
#3452=ORIENTED_EDGE('',*,*,#2473,.F.);
#3453=ORIENTED_EDGE('',*,*,#2517,.T.);
#3454=ORIENTED_EDGE('',*,*,#2518,.F.);
#3455=ORIENTED_EDGE('',*,*,#2514,.F.);
#3456=ORIENTED_EDGE('',*,*,#2515,.T.);
#3457=ORIENTED_EDGE('',*,*,#2518,.T.);
#3458=ORIENTED_EDGE('',*,*,#2516,.T.);
#3459=ORIENTED_EDGE('',*,*,#2512,.T.);
#3460=ORIENTED_EDGE('',*,*,#2464,.F.);
#3461=ORIENTED_EDGE('',*,*,#2519,.T.);
#3462=ORIENTED_EDGE('',*,*,#2520,.F.);
#3463=ORIENTED_EDGE('',*,*,#2521,.F.);
#3464=ORIENTED_EDGE('',*,*,#2463,.F.);
#3465=ORIENTED_EDGE('',*,*,#2522,.T.);
#3466=ORIENTED_EDGE('',*,*,#2523,.F.);
#3467=ORIENTED_EDGE('',*,*,#2519,.F.);
#3468=ORIENTED_EDGE('',*,*,#2487,.T.);
#3469=ORIENTED_EDGE('',*,*,#2490,.T.);
#3470=ORIENTED_EDGE('',*,*,#2493,.T.);
#3471=ORIENTED_EDGE('',*,*,#2496,.T.);
#3472=ORIENTED_EDGE('',*,*,#2507,.T.);
#3473=ORIENTED_EDGE('',*,*,#2504,.T.);
#3474=ORIENTED_EDGE('',*,*,#2501,.T.);
#3475=ORIENTED_EDGE('',*,*,#2510,.T.);
#3476=ORIENTED_EDGE('',*,*,#2484,.T.);
#3477=ORIENTED_EDGE('',*,*,#2481,.T.);
#3478=ORIENTED_EDGE('',*,*,#2478,.T.);
#3479=ORIENTED_EDGE('',*,*,#2475,.T.);
#3480=ORIENTED_EDGE('',*,*,#2465,.F.);
#3481=ORIENTED_EDGE('',*,*,#2521,.T.);
#3482=ORIENTED_EDGE('',*,*,#2524,.F.);
#3483=ORIENTED_EDGE('',*,*,#2525,.F.);
#3484=ORIENTED_EDGE('',*,*,#2489,.T.);
#3485=ORIENTED_EDGE('',*,*,#2492,.T.);
#3486=ORIENTED_EDGE('',*,*,#2495,.T.);
#3487=ORIENTED_EDGE('',*,*,#2498,.T.);
#3488=ORIENTED_EDGE('',*,*,#2506,.T.);
#3489=ORIENTED_EDGE('',*,*,#2509,.T.);
#3490=ORIENTED_EDGE('',*,*,#2499,.T.);
#3491=ORIENTED_EDGE('',*,*,#2503,.T.);
#3492=ORIENTED_EDGE('',*,*,#2486,.T.);
#3493=ORIENTED_EDGE('',*,*,#2483,.T.);
#3494=ORIENTED_EDGE('',*,*,#2480,.T.);
#3495=ORIENTED_EDGE('',*,*,#2477,.T.);
#3496=ORIENTED_EDGE('',*,*,#2466,.F.);
#3497=ORIENTED_EDGE('',*,*,#2525,.T.);
#3498=ORIENTED_EDGE('',*,*,#2526,.F.);
#3499=ORIENTED_EDGE('',*,*,#2522,.F.);
#3500=ORIENTED_EDGE('',*,*,#2523,.T.);
#3501=ORIENTED_EDGE('',*,*,#2526,.T.);
#3502=ORIENTED_EDGE('',*,*,#2524,.T.);
#3503=ORIENTED_EDGE('',*,*,#2520,.T.);
#3504=ORIENTED_EDGE('',*,*,#2467,.F.);
#3505=ORIENTED_EDGE('',*,*,#2527,.T.);
#3506=ORIENTED_EDGE('',*,*,#2528,.T.);
#3507=ORIENTED_EDGE('',*,*,#2527,.F.);
#3508=ORIENTED_EDGE('',*,*,#2468,.F.);
#3509=ORIENTED_EDGE('',*,*,#2529,.T.);
#3510=ORIENTED_EDGE('',*,*,#2530,.T.);
#3511=ORIENTED_EDGE('',*,*,#2529,.F.);
#3512=ORIENTED_EDGE('',*,*,#2469,.F.);
#3513=ORIENTED_EDGE('',*,*,#2531,.T.);
#3514=ORIENTED_EDGE('',*,*,#2532,.T.);
#3515=ORIENTED_EDGE('',*,*,#2531,.F.);
#3516=ORIENTED_EDGE('',*,*,#2474,.F.);
#3517=ORIENTED_EDGE('',*,*,#2533,.T.);
#3518=ORIENTED_EDGE('',*,*,#2534,.T.);
#3519=ORIENTED_EDGE('',*,*,#2533,.F.);
#3520=ORIENTED_EDGE('',*,*,#2462,.F.);
#3521=ORIENTED_EDGE('',*,*,#2535,.T.);
#3522=ORIENTED_EDGE('',*,*,#2536,.T.);
#3523=ORIENTED_EDGE('',*,*,#2535,.F.);
#3524=ORIENTED_EDGE('',*,*,#2536,.F.);
#3525=ORIENTED_EDGE('',*,*,#2460,.T.);
#3526=ORIENTED_EDGE('',*,*,#2534,.F.);
#3527=ORIENTED_EDGE('',*,*,#2532,.F.);
#3528=ORIENTED_EDGE('',*,*,#2530,.F.);
#3529=ORIENTED_EDGE('',*,*,#2528,.F.);
#3530=ORIENTED_EDGE('',*,*,#2537,.T.);
#3531=ORIENTED_EDGE('',*,*,#2538,.T.);
#3532=ORIENTED_EDGE('',*,*,#2537,.F.);
#3533=ORIENTED_EDGE('',*,*,#2539,.T.);
#3534=ORIENTED_EDGE('',*,*,#2540,.F.);
#3535=ORIENTED_EDGE('',*,*,#2541,.T.);
#3536=ORIENTED_EDGE('',*,*,#2538,.F.);
#3537=ORIENTED_EDGE('',*,*,#2541,.F.);
#3538=ORIENTED_EDGE('',*,*,#2542,.T.);
#3539=ORIENTED_EDGE('',*,*,#2543,.T.);
#3540=ORIENTED_EDGE('',*,*,#2544,.T.);
#3541=ORIENTED_EDGE('',*,*,#2545,.T.);
#3542=ORIENTED_EDGE('',*,*,#2546,.F.);
#3543=ORIENTED_EDGE('',*,*,#2547,.T.);
#3544=ORIENTED_EDGE('',*,*,#2548,.T.);
#3545=ORIENTED_EDGE('',*,*,#2549,.T.);
#3546=ORIENTED_EDGE('',*,*,#2550,.T.);
#3547=ORIENTED_EDGE('',*,*,#2539,.F.);
#3548=ORIENTED_EDGE('',*,*,#2551,.T.);
#3549=ORIENTED_EDGE('',*,*,#2540,.T.);
#3550=ORIENTED_EDGE('',*,*,#2551,.F.);
#3551=ORIENTED_EDGE('',*,*,#2552,.T.);
#3552=ORIENTED_EDGE('',*,*,#2553,.T.);
#3553=ORIENTED_EDGE('',*,*,#2554,.T.);
#3554=ORIENTED_EDGE('',*,*,#2555,.T.);
#3555=ORIENTED_EDGE('',*,*,#2556,.T.);
#3556=ORIENTED_EDGE('',*,*,#2557,.T.);
#3557=ORIENTED_EDGE('',*,*,#2552,.F.);
#3558=ORIENTED_EDGE('',*,*,#2546,.T.);
#3559=ORIENTED_EDGE('',*,*,#2558,.T.);
#3560=ORIENTED_EDGE('',*,*,#2559,.T.);
#3561=ORIENTED_EDGE('',*,*,#2558,.F.);
#3562=ORIENTED_EDGE('',*,*,#2559,.F.);
#3563=ORIENTED_EDGE('',*,*,#2560,.T.);
#3564=ORIENTED_EDGE('',*,*,#2561,.F.);
#3565=ORIENTED_EDGE('',*,*,#2560,.F.);
#3566=ORIENTED_EDGE('',*,*,#2562,.T.);
#3567=ORIENTED_EDGE('',*,*,#2563,.T.);
#3568=ORIENTED_EDGE('',*,*,#2564,.T.);
#3569=ORIENTED_EDGE('',*,*,#2565,.T.);
#3570=ORIENTED_EDGE('',*,*,#2566,.T.);
#3571=ORIENTED_EDGE('',*,*,#2567,.F.);
#3572=ORIENTED_EDGE('',*,*,#2568,.T.);
#3573=ORIENTED_EDGE('',*,*,#2569,.F.);
#3574=ORIENTED_EDGE('',*,*,#2570,.F.);
#3575=ORIENTED_EDGE('',*,*,#2568,.F.);
#3576=ORIENTED_EDGE('',*,*,#2571,.F.);
#3577=ORIENTED_EDGE('',*,*,#2566,.F.);
#3578=ORIENTED_EDGE('',*,*,#2572,.T.);
#3579=ORIENTED_EDGE('',*,*,#2573,.F.);
#3580=ORIENTED_EDGE('',*,*,#2574,.T.);
#3581=ORIENTED_EDGE('',*,*,#2575,.F.);
#3582=ORIENTED_EDGE('',*,*,#2576,.F.);
#3583=ORIENTED_EDGE('',*,*,#2574,.F.);
#3584=ORIENTED_EDGE('',*,*,#2577,.F.);
#3585=ORIENTED_EDGE('',*,*,#2572,.F.);
#3586=ORIENTED_EDGE('',*,*,#2578,.T.);
#3587=ORIENTED_EDGE('',*,*,#2579,.F.);
#3588=ORIENTED_EDGE('',*,*,#2580,.T.);
#3589=ORIENTED_EDGE('',*,*,#2581,.F.);
#3590=ORIENTED_EDGE('',*,*,#2582,.F.);
#3591=ORIENTED_EDGE('',*,*,#2580,.F.);
#3592=ORIENTED_EDGE('',*,*,#2583,.F.);
#3593=ORIENTED_EDGE('',*,*,#2578,.F.);
#3594=ORIENTED_EDGE('',*,*,#2584,.T.);
#3595=ORIENTED_EDGE('',*,*,#2585,.F.);
#3596=ORIENTED_EDGE('',*,*,#2586,.T.);
#3597=ORIENTED_EDGE('',*,*,#2587,.F.);
#3598=ORIENTED_EDGE('',*,*,#2588,.F.);
#3599=ORIENTED_EDGE('',*,*,#2586,.F.);
#3600=ORIENTED_EDGE('',*,*,#2589,.F.);
#3601=ORIENTED_EDGE('',*,*,#2584,.F.);
#3602=ORIENTED_EDGE('',*,*,#2590,.T.);
#3603=ORIENTED_EDGE('',*,*,#2591,.T.);
#3604=ORIENTED_EDGE('',*,*,#2592,.T.);
#3605=ORIENTED_EDGE('',*,*,#2593,.T.);
#3606=ORIENTED_EDGE('',*,*,#2594,.T.);
#3607=ORIENTED_EDGE('',*,*,#2561,.T.);
#3608=ORIENTED_EDGE('',*,*,#2595,.T.);
#3609=ORIENTED_EDGE('',*,*,#2596,.T.);
#3610=ORIENTED_EDGE('',*,*,#2597,.T.);
#3611=ORIENTED_EDGE('',*,*,#2598,.T.);
#3612=ORIENTED_EDGE('',*,*,#2599,.F.);
#3613=ORIENTED_EDGE('',*,*,#2554,.F.);
#3614=ORIENTED_EDGE('',*,*,#2600,.T.);
#3615=ORIENTED_EDGE('',*,*,#2545,.F.);
#3616=ORIENTED_EDGE('',*,*,#2601,.F.);
#3617=ORIENTED_EDGE('',*,*,#2543,.F.);
#3618=ORIENTED_EDGE('',*,*,#2602,.F.);
#3619=ORIENTED_EDGE('',*,*,#2557,.F.);
#3620=ORIENTED_EDGE('',*,*,#2603,.F.);
#3621=ORIENTED_EDGE('',*,*,#2565,.F.);
#3622=ORIENTED_EDGE('',*,*,#2604,.T.);
#3623=ORIENTED_EDGE('',*,*,#2591,.F.);
#3624=ORIENTED_EDGE('',*,*,#2569,.T.);
#3625=ORIENTED_EDGE('',*,*,#2570,.T.);
#3626=ORIENTED_EDGE('',*,*,#2567,.T.);
#3627=ORIENTED_EDGE('',*,*,#2571,.T.);
#3628=ORIENTED_EDGE('',*,*,#2575,.T.);
#3629=ORIENTED_EDGE('',*,*,#2576,.T.);
#3630=ORIENTED_EDGE('',*,*,#2573,.T.);
#3631=ORIENTED_EDGE('',*,*,#2577,.T.);
#3632=ORIENTED_EDGE('',*,*,#2581,.T.);
#3633=ORIENTED_EDGE('',*,*,#2582,.T.);
#3634=ORIENTED_EDGE('',*,*,#2579,.T.);
#3635=ORIENTED_EDGE('',*,*,#2583,.T.);
#3636=ORIENTED_EDGE('',*,*,#2587,.T.);
#3637=ORIENTED_EDGE('',*,*,#2588,.T.);
#3638=ORIENTED_EDGE('',*,*,#2585,.T.);
#3639=ORIENTED_EDGE('',*,*,#2589,.T.);
#3640=ORIENTED_EDGE('',*,*,#2600,.F.);
#3641=ORIENTED_EDGE('',*,*,#2553,.F.);
#3642=ORIENTED_EDGE('',*,*,#2602,.T.);
#3643=ORIENTED_EDGE('',*,*,#2542,.F.);
#3644=ORIENTED_EDGE('',*,*,#2604,.F.);
#3645=ORIENTED_EDGE('',*,*,#2564,.F.);
#3646=ORIENTED_EDGE('',*,*,#2605,.T.);
#3647=ORIENTED_EDGE('',*,*,#2592,.F.);
#3648=ORIENTED_EDGE('',*,*,#2605,.F.);
#3649=ORIENTED_EDGE('',*,*,#2563,.F.);
#3650=ORIENTED_EDGE('',*,*,#2606,.F.);
#3651=ORIENTED_EDGE('',*,*,#2593,.F.);
#3652=ORIENTED_EDGE('',*,*,#2606,.T.);
#3653=ORIENTED_EDGE('',*,*,#2562,.F.);
#3654=ORIENTED_EDGE('',*,*,#2603,.T.);
#3655=ORIENTED_EDGE('',*,*,#2590,.F.);
#3656=ORIENTED_EDGE('',*,*,#2547,.F.);
#3657=ORIENTED_EDGE('',*,*,#2607,.T.);
#3658=ORIENTED_EDGE('',*,*,#2597,.F.);
#3659=ORIENTED_EDGE('',*,*,#2607,.F.);
#3660=ORIENTED_EDGE('',*,*,#2548,.F.);
#3661=ORIENTED_EDGE('',*,*,#2608,.T.);
#3662=ORIENTED_EDGE('',*,*,#2598,.F.);
#3663=ORIENTED_EDGE('',*,*,#2608,.F.);
#3664=ORIENTED_EDGE('',*,*,#2549,.F.);
#3665=ORIENTED_EDGE('',*,*,#2609,.T.);
#3666=ORIENTED_EDGE('',*,*,#2595,.F.);
#3667=ORIENTED_EDGE('',*,*,#2609,.F.);
#3668=ORIENTED_EDGE('',*,*,#2550,.F.);
#3669=ORIENTED_EDGE('',*,*,#2610,.T.);
#3670=ORIENTED_EDGE('',*,*,#2596,.F.);
#3671=ORIENTED_EDGE('',*,*,#2610,.F.);
#3672=ORIENTED_EDGE('',*,*,#2599,.T.);
#3673=ORIENTED_EDGE('',*,*,#2544,.F.);
#3674=ORIENTED_EDGE('',*,*,#2601,.T.);
#3675=ORIENTED_EDGE('',*,*,#2556,.F.);
#3676=ORIENTED_EDGE('',*,*,#2611,.T.);
#3677=ORIENTED_EDGE('',*,*,#2594,.F.);
#3678=ORIENTED_EDGE('',*,*,#2611,.F.);
#3679=ORIENTED_EDGE('',*,*,#2555,.F.);
#3680=PLANE('',#4050);
#3681=PLANE('',#4053);
#3682=PLANE('',#4056);
#3683=PLANE('',#4059);
#3684=PLANE('',#4062);
#3685=PLANE('',#4090);
#3686=PLANE('',#4091);
#3687=PLANE('',#4094);
#3688=PLANE('',#4097);
#3689=PLANE('',#4100);
#3690=PLANE('',#4103);
#3691=PLANE('',#4106);
#3692=PLANE('',#4134);
#3693=PLANE('',#4135);
#3694=PLANE('',#4144);
#3695=PLANE('',#4151);
#3696=PLANE('',#4158);
#3697=PLANE('',#4165);
#3698=PLANE('',#4172);
#3699=PLANE('',#4179);
#3700=PLANE('',#4186);
#3701=PLANE('',#4193);
#3702=PLANE('',#4197);
#3703=PLANE('',#4205);
#3704=PLANE('',#4211);
#3705=PLANE('',#4218);
#3706=PLANE('',#4225);
#3707=PLANE('',#4232);
#3708=PLANE('',#4239);
#3709=PLANE('',#4276);
#3710=PLANE('',#4277);
#3711=PLANE('',#4302);
#3712=PLANE('',#4303);
#3713=PLANE('',#4304);
#3714=PLANE('',#4305);
#3715=PLANE('',#4306);
#3716=PLANE('',#4307);
#3717=PLANE('',#4328);
#3718=PLANE('',#4329);
#3719=PLANE('',#4330);
#3720=PLANE('',#4331);
#3721=PLANE('',#4332);
#3722=PLANE('',#4333);
#3723=PLANE('',#4334);
#3724=PLANE('',#4335);
#3725=PLANE('',#4338);
#3726=PLANE('',#4341);
#3727=PLANE('',#4344);
#3728=PLANE('',#4347);
#3729=PLANE('',#4375);
#3730=PLANE('',#4376);
#3731=PLANE('',#4379);
#3732=PLANE('',#4382);
#3733=PLANE('',#4385);
#3734=PLANE('',#4388);
#3735=PLANE('',#4391);
#3736=PLANE('',#4419);
#3737=PLANE('',#4420);
#3738=PLANE('',#4423);
#3739=PLANE('',#4426);
#3740=PLANE('',#4429);
#3741=PLANE('',#4432);
#3742=PLANE('',#4435);
#3743=PLANE('',#4463);
#3744=PLANE('',#4464);
#3745=PLANE('',#4474);
#3746=PLANE('',#4504);
#3747=PLANE('',#4505);
#3748=PLANE('',#4506);
#3749=PLANE('',#4507);
#3750=PLANE('',#4508);
#3751=PLANE('',#4509);
#3752=PLANE('',#4510);
#3753=PLANE('',#4511);
#3754=PLANE('',#4512);
#3755=PLANE('',#4513);
#3756=PLANE('',#4514);
#3757=PLANE('',#4515);
#3758=PLANE('',#4516);
#3759=PLANE('',#4517);
#3760=PLANE('',#4528);
#3761=PLANE('',#4530);
#3762=PLANE('',#4538);
#3763=PLANE('',#4547);
#3764=PLANE('',#4553);
#3765=PLANE('',#4555);
#3766=PLANE('',#4560);
#3767=PLANE('',#4562);
#3768=PLANE('',#4567);
#3769=PLANE('',#4569);
#3770=PLANE('',#4574);
#3771=PLANE('',#4576);
#3772=PLANE('',#4578);
#3773=PLANE('',#4581);
#3774=PLANE('',#4587);
#3775=PLANE('',#4588);
#3776=PLANE('',#4590);
#3777=PLANE('',#4592);
#3778=ADVANCED_FACE('',(#806,#662),#3680,.F.);
#3779=ADVANCED_FACE('',(#807,#663),#3681,.F.);
#3780=ADVANCED_FACE('',(#808,#664),#3682,.F.);
#3781=ADVANCED_FACE('',(#809,#665),#3683,.F.);
#3782=ADVANCED_FACE('',(#810,#666),#3684,.F.);
#3783=ADVANCED_FACE('',(#811),#652,.F.);
#3784=ADVANCED_FACE('',(#812),#653,.T.);
#3785=ADVANCED_FACE('',(#813),#77,.T.);
#3786=ADVANCED_FACE('',(#814),#78,.F.);
#3787=ADVANCED_FACE('',(#815),#79,.T.);
#3788=ADVANCED_FACE('',(#816),#80,.F.);
#3789=ADVANCED_FACE('',(#817),#81,.T.);
#3790=ADVANCED_FACE('',(#818),#82,.F.);
#3791=ADVANCED_FACE('',(#819),#83,.T.);
#3792=ADVANCED_FACE('',(#820),#84,.F.);
#3793=ADVANCED_FACE('',(#821),#85,.F.);
#3794=ADVANCED_FACE('',(#822,#667,#668,#669,#670,#671),#3685,.T.);
#3795=ADVANCED_FACE('',(#823,#672,#673,#674,#675,#676),#3686,.F.);
#3796=ADVANCED_FACE('',(#824),#86,.F.);
#3797=ADVANCED_FACE('',(#825),#87,.T.);
#3798=ADVANCED_FACE('',(#826,#677),#3687,.F.);
#3799=ADVANCED_FACE('',(#827,#678),#3688,.F.);
#3800=ADVANCED_FACE('',(#828,#679),#3689,.F.);
#3801=ADVANCED_FACE('',(#829,#680),#3690,.F.);
#3802=ADVANCED_FACE('',(#830,#681),#3691,.F.);
#3803=ADVANCED_FACE('',(#831),#654,.F.);
#3804=ADVANCED_FACE('',(#832),#655,.T.);
#3805=ADVANCED_FACE('',(#833),#88,.T.);
#3806=ADVANCED_FACE('',(#834),#89,.F.);
#3807=ADVANCED_FACE('',(#835),#90,.T.);
#3808=ADVANCED_FACE('',(#836),#91,.F.);
#3809=ADVANCED_FACE('',(#837),#92,.T.);
#3810=ADVANCED_FACE('',(#838),#93,.F.);
#3811=ADVANCED_FACE('',(#839),#94,.T.);
#3812=ADVANCED_FACE('',(#840),#95,.F.);
#3813=ADVANCED_FACE('',(#841),#96,.F.);
#3814=ADVANCED_FACE('',(#842,#682,#683,#684,#685,#686),#3692,.T.);
#3815=ADVANCED_FACE('',(#843,#687,#688,#689,#690,#691),#3693,.F.);
#3816=ADVANCED_FACE('',(#844),#97,.F.);
#3817=ADVANCED_FACE('',(#845),#98,.T.);
#3818=ADVANCED_FACE('',(#846),#37,.T.);
#3819=ADVANCED_FACE('',(#847),#99,.T.);
#3820=ADVANCED_FACE('',(#848),#3694,.T.);
#3821=ADVANCED_FACE('',(#849),#38,.T.);
#3822=ADVANCED_FACE('',(#850),#100,.T.);
#3823=ADVANCED_FACE('',(#851),#3695,.T.);
#3824=ADVANCED_FACE('',(#852),#39,.T.);
#3825=ADVANCED_FACE('',(#853),#101,.T.);
#3826=ADVANCED_FACE('',(#854),#3696,.T.);
#3827=ADVANCED_FACE('',(#855),#40,.T.);
#3828=ADVANCED_FACE('',(#856),#102,.T.);
#3829=ADVANCED_FACE('',(#857),#3697,.T.);
#3830=ADVANCED_FACE('',(#858),#41,.T.);
#3831=ADVANCED_FACE('',(#859),#103,.T.);
#3832=ADVANCED_FACE('',(#860),#3698,.T.);
#3833=ADVANCED_FACE('',(#861),#42,.T.);
#3834=ADVANCED_FACE('',(#862),#104,.T.);
#3835=ADVANCED_FACE('',(#863),#3699,.T.);
#3836=ADVANCED_FACE('',(#864),#43,.T.);
#3837=ADVANCED_FACE('',(#865),#105,.T.);
#3838=ADVANCED_FACE('',(#866),#3700,.T.);
#3839=ADVANCED_FACE('',(#867),#44,.T.);
#3840=ADVANCED_FACE('',(#868),#106,.T.);
#3841=ADVANCED_FACE('',(#869),#3701,.T.);
#3842=ADVANCED_FACE('',(#870),#107,.T.);
#3843=ADVANCED_FACE('',(#871,#692,#693,#694,#695),#3702,.T.);
#3844=ADVANCED_FACE('',(#872),#108,.T.);
#3845=ADVANCED_FACE('',(#873,#696,#697,#698,#699,#700,#701,#702,#703),#3703,
 .T.);
#3846=ADVANCED_FACE('',(#874),#45,.T.);
#3847=ADVANCED_FACE('',(#875),#3704,.T.);
#3848=ADVANCED_FACE('',(#876),#109,.T.);
#3849=ADVANCED_FACE('',(#877),#46,.T.);
#3850=ADVANCED_FACE('',(#878),#3705,.T.);
#3851=ADVANCED_FACE('',(#879),#110,.T.);
#3852=ADVANCED_FACE('',(#880),#47,.T.);
#3853=ADVANCED_FACE('',(#881),#3706,.T.);
#3854=ADVANCED_FACE('',(#882),#111,.T.);
#3855=ADVANCED_FACE('',(#883),#48,.T.);
#3856=ADVANCED_FACE('',(#884),#3707,.T.);
#3857=ADVANCED_FACE('',(#885),#112,.T.);
#3858=ADVANCED_FACE('',(#886),#49,.T.);
#3859=ADVANCED_FACE('',(#887,#704,#705,#706,#707,#708),#3708,.F.);
#3860=ADVANCED_FACE('',(#888),#113,.F.);
#3861=ADVANCED_FACE('',(#889),#50,.T.);
#3862=ADVANCED_FACE('',(#890),#114,.F.);
#3863=ADVANCED_FACE('',(#891),#51,.T.);
#3864=ADVANCED_FACE('',(#892),#115,.F.);
#3865=ADVANCED_FACE('',(#893),#52,.T.);
#3866=ADVANCED_FACE('',(#894),#116,.F.);
#3867=ADVANCED_FACE('',(#895),#117,.T.);
#3868=ADVANCED_FACE('',(#896),#118,.T.);
#3869=ADVANCED_FACE('',(#897),#119,.T.);
#3870=ADVANCED_FACE('',(#898),#120,.T.);
#3871=ADVANCED_FACE('',(#899),#3709,.F.);
#3872=ADVANCED_FACE('',(#900),#3710,.F.);
#3873=ADVANCED_FACE('',(#901),#121,.T.);
#3874=ADVANCED_FACE('',(#902),#122,.T.);
#3875=ADVANCED_FACE('',(#903),#123,.T.);
#3876=ADVANCED_FACE('',(#904),#124,.T.);
#3877=ADVANCED_FACE('',(#905),#125,.T.);
#3878=ADVANCED_FACE('',(#906),#126,.T.);
#3879=ADVANCED_FACE('',(#907),#127,.T.);
#3880=ADVANCED_FACE('',(#908),#128,.T.);
#3881=ADVANCED_FACE('',(#909),#129,.T.);
#3882=ADVANCED_FACE('',(#910),#130,.T.);
#3883=ADVANCED_FACE('',(#911),#131,.T.);
#3884=ADVANCED_FACE('',(#912),#132,.T.);
#3885=ADVANCED_FACE('',(#913),#3711,.F.);
#3886=ADVANCED_FACE('',(#914),#3712,.F.);
#3887=ADVANCED_FACE('',(#915),#3713,.F.);
#3888=ADVANCED_FACE('',(#916),#3714,.F.);
#3889=ADVANCED_FACE('',(#917),#3715,.F.);
#3890=ADVANCED_FACE('',(#918,#709,#710,#711,#712,#713),#3716,.T.);
#3891=ADVANCED_FACE('',(#919),#53,.T.);
#3892=ADVANCED_FACE('',(#920),#54,.T.);
#3893=ADVANCED_FACE('',(#921),#55,.T.);
#3894=ADVANCED_FACE('',(#922),#56,.T.);
#3895=ADVANCED_FACE('',(#923),#57,.T.);
#3896=ADVANCED_FACE('',(#924),#133,.T.);
#3897=ADVANCED_FACE('',(#925),#58,.T.);
#3898=ADVANCED_FACE('',(#926),#3717,.F.);
#3899=ADVANCED_FACE('',(#927),#3718,.F.);
#3900=ADVANCED_FACE('',(#928),#3719,.F.);
#3901=ADVANCED_FACE('',(#929),#3720,.F.);
#3902=ADVANCED_FACE('',(#930),#3721,.F.);
#3903=ADVANCED_FACE('',(#931),#3722,.F.);
#3904=ADVANCED_FACE('',(#932),#3723,.F.);
#3905=ADVANCED_FACE('',(#933,#714),#3724,.F.);
#3906=ADVANCED_FACE('',(#934,#715),#3725,.F.);
#3907=ADVANCED_FACE('',(#935,#716),#3726,.F.);
#3908=ADVANCED_FACE('',(#936,#717),#3727,.F.);
#3909=ADVANCED_FACE('',(#937,#718),#3728,.F.);
#3910=ADVANCED_FACE('',(#938),#656,.F.);
#3911=ADVANCED_FACE('',(#939),#657,.T.);
#3912=ADVANCED_FACE('',(#940),#134,.T.);
#3913=ADVANCED_FACE('',(#941),#135,.F.);
#3914=ADVANCED_FACE('',(#942),#136,.T.);
#3915=ADVANCED_FACE('',(#943),#137,.F.);
#3916=ADVANCED_FACE('',(#944),#138,.T.);
#3917=ADVANCED_FACE('',(#945),#139,.F.);
#3918=ADVANCED_FACE('',(#946),#140,.T.);
#3919=ADVANCED_FACE('',(#947),#141,.F.);
#3920=ADVANCED_FACE('',(#948),#142,.F.);
#3921=ADVANCED_FACE('',(#949,#719,#720,#721,#722,#723),#3729,.T.);
#3922=ADVANCED_FACE('',(#950,#724,#725,#726,#727,#728),#3730,.F.);
#3923=ADVANCED_FACE('',(#951),#143,.F.);
#3924=ADVANCED_FACE('',(#952),#144,.T.);
#3925=ADVANCED_FACE('',(#953,#729),#3731,.F.);
#3926=ADVANCED_FACE('',(#954,#730),#3732,.F.);
#3927=ADVANCED_FACE('',(#955,#731),#3733,.F.);
#3928=ADVANCED_FACE('',(#956,#732),#3734,.F.);
#3929=ADVANCED_FACE('',(#957,#733),#3735,.F.);
#3930=ADVANCED_FACE('',(#958),#658,.F.);
#3931=ADVANCED_FACE('',(#959),#659,.T.);
#3932=ADVANCED_FACE('',(#960),#145,.T.);
#3933=ADVANCED_FACE('',(#961),#146,.F.);
#3934=ADVANCED_FACE('',(#962),#147,.T.);
#3935=ADVANCED_FACE('',(#963),#148,.F.);
#3936=ADVANCED_FACE('',(#964),#149,.T.);
#3937=ADVANCED_FACE('',(#965),#150,.F.);
#3938=ADVANCED_FACE('',(#966),#151,.T.);
#3939=ADVANCED_FACE('',(#967),#152,.F.);
#3940=ADVANCED_FACE('',(#968),#153,.F.);
#3941=ADVANCED_FACE('',(#969,#734,#735,#736,#737,#738),#3736,.T.);
#3942=ADVANCED_FACE('',(#970,#739,#740,#741,#742,#743),#3737,.F.);
#3943=ADVANCED_FACE('',(#971),#154,.F.);
#3944=ADVANCED_FACE('',(#972),#155,.T.);
#3945=ADVANCED_FACE('',(#973,#744),#3738,.F.);
#3946=ADVANCED_FACE('',(#974,#745),#3739,.F.);
#3947=ADVANCED_FACE('',(#975,#746),#3740,.F.);
#3948=ADVANCED_FACE('',(#976,#747),#3741,.F.);
#3949=ADVANCED_FACE('',(#977,#748),#3742,.F.);
#3950=ADVANCED_FACE('',(#978),#660,.F.);
#3951=ADVANCED_FACE('',(#979),#661,.T.);
#3952=ADVANCED_FACE('',(#980),#156,.T.);
#3953=ADVANCED_FACE('',(#981),#157,.F.);
#3954=ADVANCED_FACE('',(#982),#158,.T.);
#3955=ADVANCED_FACE('',(#983),#159,.F.);
#3956=ADVANCED_FACE('',(#984),#160,.T.);
#3957=ADVANCED_FACE('',(#985),#161,.F.);
#3958=ADVANCED_FACE('',(#986),#162,.T.);
#3959=ADVANCED_FACE('',(#987),#163,.F.);
#3960=ADVANCED_FACE('',(#988),#164,.F.);
#3961=ADVANCED_FACE('',(#989,#749,#750,#751,#752,#753),#3743,.T.);
#3962=ADVANCED_FACE('',(#990,#754,#755,#756,#757,#758),#3744,.F.);
#3963=ADVANCED_FACE('',(#991),#165,.F.);
#3964=ADVANCED_FACE('',(#992),#166,.T.);
#3965=ADVANCED_FACE('',(#993),#59,.T.);
#3966=ADVANCED_FACE('',(#994),#167,.F.);
#3967=ADVANCED_FACE('',(#995,#759,#760,#761,#762,#763,#764,#765),#3745,
 .T.);
#3968=ADVANCED_FACE('',(#996),#168,.F.);
#3969=ADVANCED_FACE('',(#997),#169,.F.);
#3970=ADVANCED_FACE('',(#998),#170,.F.);
#3971=ADVANCED_FACE('',(#999),#171,.F.);
#3972=ADVANCED_FACE('',(#1000),#172,.F.);
#3973=ADVANCED_FACE('',(#1001),#173,.F.);
#3974=ADVANCED_FACE('',(#1002),#174,.F.);
#3975=ADVANCED_FACE('',(#1003),#175,.F.);
#3976=ADVANCED_FACE('',(#1004),#3746,.F.);
#3977=ADVANCED_FACE('',(#1005),#3747,.F.);
#3978=ADVANCED_FACE('',(#1006),#3748,.F.);
#3979=ADVANCED_FACE('',(#1007),#3749,.F.);
#3980=ADVANCED_FACE('',(#1008),#3750,.T.);
#3981=ADVANCED_FACE('',(#1009),#3751,.T.);
#3982=ADVANCED_FACE('',(#1010),#3752,.T.);
#3983=ADVANCED_FACE('',(#1011),#3753,.T.);
#3984=ADVANCED_FACE('',(#1012),#3754,.T.);
#3985=ADVANCED_FACE('',(#1013),#3755,.T.);
#3986=ADVANCED_FACE('',(#1014,#766,#767,#768,#769,#770,#771,#772,#773,#774),
#3756,.T.);
#3987=ADVANCED_FACE('',(#1015,#775,#776,#777,#778,#779,#780,#781,#782,#783),
#3757,.T.);
#3988=ADVANCED_FACE('',(#1016),#3758,.T.);
#3989=ADVANCED_FACE('',(#1017),#3759,.T.);
#3990=ADVANCED_FACE('',(#1018),#176,.F.);
#3991=ADVANCED_FACE('',(#1019),#177,.F.);
#3992=ADVANCED_FACE('',(#1020),#178,.F.);
#3993=ADVANCED_FACE('',(#1021),#179,.F.);
#3994=ADVANCED_FACE('',(#1022),#180,.T.);
#3995=ADVANCED_FACE('',(#1023,#784,#785,#786,#787,#788),#3760,.F.);
#3996=ADVANCED_FACE('',(#1024),#19,.T.);
#3997=ADVANCED_FACE('',(#1025),#181,.F.);
#3998=ADVANCED_FACE('',(#1026,#789,#790,#791,#792,#793,#794),#3761,.F.);
#3999=ADVANCED_FACE('',(#1027),#20,.T.);
#4000=ADVANCED_FACE('',(#1028,#795),#3762,.T.);
#4001=ADVANCED_FACE('',(#1029),#60,.T.);
#4002=ADVANCED_FACE('',(#1030),#182,.F.);
#4003=ADVANCED_FACE('',(#1031),#3763,.F.);
#4004=ADVANCED_FACE('',(#1032),#183,.T.);
#4005=ADVANCED_FACE('',(#1033),#3764,.F.);
#4006=ADVANCED_FACE('',(#1034),#3765,.T.);
#4007=ADVANCED_FACE('',(#1035),#184,.T.);
#4008=ADVANCED_FACE('',(#1036),#3766,.F.);
#4009=ADVANCED_FACE('',(#1037),#3767,.T.);
#4010=ADVANCED_FACE('',(#1038),#185,.T.);
#4011=ADVANCED_FACE('',(#1039),#3768,.F.);
#4012=ADVANCED_FACE('',(#1040),#3769,.T.);
#4013=ADVANCED_FACE('',(#1041),#186,.T.);
#4014=ADVANCED_FACE('',(#1042),#3770,.F.);
#4015=ADVANCED_FACE('',(#1043),#3771,.T.);
#4016=ADVANCED_FACE('',(#1044),#3772,.T.);
#4017=ADVANCED_FACE('',(#1045,#796,#797,#798,#799,#800),#3773,.T.);
#4018=ADVANCED_FACE('',(#1046),#3774,.T.);
#4019=ADVANCED_FACE('',(#1047),#3775,.T.);
#4020=ADVANCED_FACE('',(#1048,#801,#802,#803,#804,#805),#187,.T.);
#4021=ADVANCED_FACE('',(#1049),#3776,.T.);
#4022=ADVANCED_FACE('',(#1050),#188,.F.);
#4023=ADVANCED_FACE('',(#1051),#3777,.T.);
#4024=ADVANCED_FACE('',(#1052),#189,.F.);
#4025=ADVANCED_FACE('',(#1053),#190,.F.);
#4026=ADVANCED_FACE('',(#1054),#191,.F.);
#4027=ADVANCED_FACE('',(#1055),#192,.F.);
#4028=ADVANCED_FACE('',(#1056),#193,.T.);
#4029=CLOSED_SHELL('',(#3778,#3779,#3780,#3781,#3782,#3783,#3784,#3785,
#3786,#3787,#3788,#3789,#3790,#3791,#3792,#3793,#3794,#3795,#3796,#3797));
#4030=CLOSED_SHELL('',(#3798,#3799,#3800,#3801,#3802,#3803,#3804,#3805,
#3806,#3807,#3808,#3809,#3810,#3811,#3812,#3813,#3814,#3815,#3816,#3817));
#4031=CLOSED_SHELL('',(#3818,#3819,#3820,#3821,#3822,#3823,#3824,#3825,
#3826,#3827,#3828,#3829,#3830,#3831,#3832,#3833,#3834,#3835,#3836,#3837,
#3838,#3839,#3840,#3841,#3842,#3843,#3844,#3845,#3846,#3847,#3848,#3849,
#3850,#3851,#3852,#3853,#3854,#3855,#3856,#3857,#3858,#3859,#3860,#3861,
#3862,#3863,#3864,#3865,#3866,#3867,#3868,#3869,#3870,#3871,#3872,#3873,
#3874,#3875,#3876,#3877,#3878,#3879,#3880,#3881,#3882,#3883,#3884,#3885,
#3886,#3887,#3888,#3889,#3890,#3891,#3892,#3893,#3894,#3895,#3896,#3897,
#3898,#3899,#3900,#3901,#3902,#3903,#3904));
#4032=CLOSED_SHELL('',(#3905,#3906,#3907,#3908,#3909,#3910,#3911,#3912,
#3913,#3914,#3915,#3916,#3917,#3918,#3919,#3920,#3921,#3922,#3923,#3924));
#4033=CLOSED_SHELL('',(#3925,#3926,#3927,#3928,#3929,#3930,#3931,#3932,
#3933,#3934,#3935,#3936,#3937,#3938,#3939,#3940,#3941,#3942,#3943,#3944));
#4034=CLOSED_SHELL('',(#3945,#3946,#3947,#3948,#3949,#3950,#3951,#3952,
#3953,#3954,#3955,#3956,#3957,#3958,#3959,#3960,#3961,#3962,#3963,#3964));
#4035=CLOSED_SHELL('',(#3965,#3966,#3967,#3968,#3969,#3970,#3971,#3972,
#3973,#3974,#3975,#3976,#3977,#3978,#3979,#3980,#3981,#3982,#3983,#3984,
#3985,#3986,#3987,#3988,#3989,#3990,#3991,#3992,#3993,#3994,#3995));
#4036=CLOSED_SHELL('',(#3996,#3997,#3998,#3999,#4000,#4001,#4002,#4003,
#4004,#4005,#4006,#4007,#4008,#4009,#4010,#4011,#4012,#4013,#4014,#4015,
#4016,#4017,#4018,#4019,#4020,#4021,#4022,#4023,#4024,#4025,#4026,#4027,
#4028));
#4037=DERIVED_UNIT_ELEMENT(#4039,1.);
#4038=DERIVED_UNIT_ELEMENT(#7435,-3.);
#4039=(
MASS_UNIT()
NAMED_UNIT(*)
SI_UNIT(.KILO.,.GRAM.)
);
#4040=DERIVED_UNIT((#4037,#4038));
#4041=MEASURE_REPRESENTATION_ITEM('density measure',
POSITIVE_RATIO_MEASURE(7850.),#4040);
#4042=PROPERTY_DEFINITION_REPRESENTATION(#4047,#4044);
#4043=PROPERTY_DEFINITION_REPRESENTATION(#4048,#4045);
#4044=REPRESENTATION('material name',(#4046),#7432);
#4045=REPRESENTATION('density',(#4041),#7432);
#4046=DESCRIPTIVE_REPRESENTATION_ITEM('Stahl','Stahl');
#4047=PROPERTY_DEFINITION('material property','material name',#7442);
#4048=PROPERTY_DEFINITION('material property','density of part',#7442);
#4049=AXIS2_PLACEMENT_3D('',#5925,#4598,#4599);
#4050=AXIS2_PLACEMENT_3D('',#5926,#4600,#4601);
#4051=AXIS2_PLACEMENT_3D('',#5928,#4602,#4603);
#4052=AXIS2_PLACEMENT_3D('',#5930,#4604,#4605);
#4053=AXIS2_PLACEMENT_3D('',#5931,#4606,#4607);
#4054=AXIS2_PLACEMENT_3D('',#5933,#4608,#4609);
#4055=AXIS2_PLACEMENT_3D('',#5935,#4610,#4611);
#4056=AXIS2_PLACEMENT_3D('',#5936,#4612,#4613);
#4057=AXIS2_PLACEMENT_3D('',#5938,#4614,#4615);
#4058=AXIS2_PLACEMENT_3D('',#5940,#4616,#4617);
#4059=AXIS2_PLACEMENT_3D('',#5941,#4618,#4619);
#4060=AXIS2_PLACEMENT_3D('',#5943,#4620,#4621);
#4061=AXIS2_PLACEMENT_3D('',#5945,#4622,#4623);
#4062=AXIS2_PLACEMENT_3D('',#5946,#4624,#4625);
#4063=AXIS2_PLACEMENT_3D('',#5948,#4626,#4627);
#4064=AXIS2_PLACEMENT_3D('',#5950,#4628,#4629);
#4065=AXIS2_PLACEMENT_3D('',#5951,#4630,#4631);
#4066=AXIS2_PLACEMENT_3D('',#5953,#4632,#4633);
#4067=AXIS2_PLACEMENT_3D('',#5956,#4635,#4636);
#4068=AXIS2_PLACEMENT_3D('',#5957,#4637,#4638);
#4069=AXIS2_PLACEMENT_3D('',#5959,#4639,#4640);
#4070=AXIS2_PLACEMENT_3D('',#5962,#4642,#4643);
#4071=AXIS2_PLACEMENT_3D('',#5963,#4644,#4645);
#4072=AXIS2_PLACEMENT_3D('',#5965,#4646,#4647);
#4073=AXIS2_PLACEMENT_3D('',#5967,#4649,#4650);
#4074=AXIS2_PLACEMENT_3D('',#5969,#4651,#4652);
#4075=AXIS2_PLACEMENT_3D('',#5971,#4654,#4655);
#4076=AXIS2_PLACEMENT_3D('',#5973,#4656,#4657);
#4077=AXIS2_PLACEMENT_3D('',#5975,#4659,#4660);
#4078=AXIS2_PLACEMENT_3D('',#5977,#4661,#4662);
#4079=AXIS2_PLACEMENT_3D('',#5979,#4664,#4665);
#4080=AXIS2_PLACEMENT_3D('',#5981,#4666,#4667);
#4081=AXIS2_PLACEMENT_3D('',#5983,#4669,#4670);
#4082=AXIS2_PLACEMENT_3D('',#5985,#4671,#4672);
#4083=AXIS2_PLACEMENT_3D('',#5987,#4674,#4675);
#4084=AXIS2_PLACEMENT_3D('',#5989,#4676,#4677);
#4085=AXIS2_PLACEMENT_3D('',#5991,#4679,#4680);
#4086=AXIS2_PLACEMENT_3D('',#5993,#4681,#4682);
#4087=AXIS2_PLACEMENT_3D('',#5995,#4684,#4685);
#4088=AXIS2_PLACEMENT_3D('',#5997,#4686,#4687);
#4089=AXIS2_PLACEMENT_3D('',#6000,#4689,#4690);
#4090=AXIS2_PLACEMENT_3D('',#6001,#4691,#4692);
#4091=AXIS2_PLACEMENT_3D('',#6002,#4693,#4694);
#4092=AXIS2_PLACEMENT_3D('',#6003,#4695,#4696);
#4093=AXIS2_PLACEMENT_3D('',#6005,#4698,#4699);
#4094=AXIS2_PLACEMENT_3D('',#6007,#4701,#4702);
#4095=AXIS2_PLACEMENT_3D('',#6009,#4703,#4704);
#4096=AXIS2_PLACEMENT_3D('',#6011,#4705,#4706);
#4097=AXIS2_PLACEMENT_3D('',#6012,#4707,#4708);
#4098=AXIS2_PLACEMENT_3D('',#6014,#4709,#4710);
#4099=AXIS2_PLACEMENT_3D('',#6016,#4711,#4712);
#4100=AXIS2_PLACEMENT_3D('',#6017,#4713,#4714);
#4101=AXIS2_PLACEMENT_3D('',#6019,#4715,#4716);
#4102=AXIS2_PLACEMENT_3D('',#6021,#4717,#4718);
#4103=AXIS2_PLACEMENT_3D('',#6022,#4719,#4720);
#4104=AXIS2_PLACEMENT_3D('',#6024,#4721,#4722);
#4105=AXIS2_PLACEMENT_3D('',#6026,#4723,#4724);
#4106=AXIS2_PLACEMENT_3D('',#6027,#4725,#4726);
#4107=AXIS2_PLACEMENT_3D('',#6029,#4727,#4728);
#4108=AXIS2_PLACEMENT_3D('',#6031,#4729,#4730);
#4109=AXIS2_PLACEMENT_3D('',#6032,#4731,#4732);
#4110=AXIS2_PLACEMENT_3D('',#6034,#4733,#4734);
#4111=AXIS2_PLACEMENT_3D('',#6037,#4736,#4737);
#4112=AXIS2_PLACEMENT_3D('',#6038,#4738,#4739);
#4113=AXIS2_PLACEMENT_3D('',#6040,#4740,#4741);
#4114=AXIS2_PLACEMENT_3D('',#6043,#4743,#4744);
#4115=AXIS2_PLACEMENT_3D('',#6044,#4745,#4746);
#4116=AXIS2_PLACEMENT_3D('',#6046,#4747,#4748);
#4117=AXIS2_PLACEMENT_3D('',#6048,#4750,#4751);
#4118=AXIS2_PLACEMENT_3D('',#6050,#4752,#4753);
#4119=AXIS2_PLACEMENT_3D('',#6052,#4755,#4756);
#4120=AXIS2_PLACEMENT_3D('',#6054,#4757,#4758);
#4121=AXIS2_PLACEMENT_3D('',#6056,#4760,#4761);
#4122=AXIS2_PLACEMENT_3D('',#6058,#4762,#4763);
#4123=AXIS2_PLACEMENT_3D('',#6060,#4765,#4766);
#4124=AXIS2_PLACEMENT_3D('',#6062,#4767,#4768);
#4125=AXIS2_PLACEMENT_3D('',#6064,#4770,#4771);
#4126=AXIS2_PLACEMENT_3D('',#6066,#4772,#4773);
#4127=AXIS2_PLACEMENT_3D('',#6068,#4775,#4776);
#4128=AXIS2_PLACEMENT_3D('',#6070,#4777,#4778);
#4129=AXIS2_PLACEMENT_3D('',#6072,#4780,#4781);
#4130=AXIS2_PLACEMENT_3D('',#6074,#4782,#4783);
#4131=AXIS2_PLACEMENT_3D('',#6076,#4785,#4786);
#4132=AXIS2_PLACEMENT_3D('',#6078,#4787,#4788);
#4133=AXIS2_PLACEMENT_3D('',#6081,#4790,#4791);
#4134=AXIS2_PLACEMENT_3D('',#6082,#4792,#4793);
#4135=AXIS2_PLACEMENT_3D('',#6083,#4794,#4795);
#4136=AXIS2_PLACEMENT_3D('',#6084,#4796,#4797);
#4137=AXIS2_PLACEMENT_3D('',#6086,#4799,#4800);
#4138=AXIS2_PLACEMENT_3D('',#6088,#4802,#4803);
#4139=AXIS2_PLACEMENT_3D('',#6090,#4804,#4805);
#4140=AXIS2_PLACEMENT_3D('',#6092,#4806,#4807);
#4141=AXIS2_PLACEMENT_3D('',#6093,#4808,#4809);
#4142=AXIS2_PLACEMENT_3D('',#6094,#4810,#4811);
#4143=AXIS2_PLACEMENT_3D('',#6097,#4813,#4814);
#4144=AXIS2_PLACEMENT_3D('',#6098,#4815,#4816);
#4145=AXIS2_PLACEMENT_3D('',#6099,#4817,#4818);
#4146=AXIS2_PLACEMENT_3D('',#6101,#4819,#4820);
#4147=AXIS2_PLACEMENT_3D('',#6103,#4821,#4822);
#4148=AXIS2_PLACEMENT_3D('',#6104,#4823,#4824);
#4149=AXIS2_PLACEMENT_3D('',#6105,#4825,#4826);
#4150=AXIS2_PLACEMENT_3D('',#6108,#4828,#4829);
#4151=AXIS2_PLACEMENT_3D('',#6109,#4830,#4831);
#4152=AXIS2_PLACEMENT_3D('',#6110,#4832,#4833);
#4153=AXIS2_PLACEMENT_3D('',#6112,#4834,#4835);
#4154=AXIS2_PLACEMENT_3D('',#6114,#4836,#4837);
#4155=AXIS2_PLACEMENT_3D('',#6115,#4838,#4839);
#4156=AXIS2_PLACEMENT_3D('',#6116,#4840,#4841);
#4157=AXIS2_PLACEMENT_3D('',#6119,#4843,#4844);
#4158=AXIS2_PLACEMENT_3D('',#6120,#4845,#4846);
#4159=AXIS2_PLACEMENT_3D('',#6121,#4847,#4848);
#4160=AXIS2_PLACEMENT_3D('',#6123,#4849,#4850);
#4161=AXIS2_PLACEMENT_3D('',#6125,#4851,#4852);
#4162=AXIS2_PLACEMENT_3D('',#6126,#4853,#4854);
#4163=AXIS2_PLACEMENT_3D('',#6127,#4855,#4856);
#4164=AXIS2_PLACEMENT_3D('',#6130,#4858,#4859);
#4165=AXIS2_PLACEMENT_3D('',#6131,#4860,#4861);
#4166=AXIS2_PLACEMENT_3D('',#6132,#4862,#4863);
#4167=AXIS2_PLACEMENT_3D('',#6134,#4864,#4865);
#4168=AXIS2_PLACEMENT_3D('',#6136,#4866,#4867);
#4169=AXIS2_PLACEMENT_3D('',#6137,#4868,#4869);
#4170=AXIS2_PLACEMENT_3D('',#6138,#4870,#4871);
#4171=AXIS2_PLACEMENT_3D('',#6141,#4873,#4874);
#4172=AXIS2_PLACEMENT_3D('',#6142,#4875,#4876);
#4173=AXIS2_PLACEMENT_3D('',#6143,#4877,#4878);
#4174=AXIS2_PLACEMENT_3D('',#6145,#4879,#4880);
#4175=AXIS2_PLACEMENT_3D('',#6147,#4881,#4882);
#4176=AXIS2_PLACEMENT_3D('',#6148,#4883,#4884);
#4177=AXIS2_PLACEMENT_3D('',#6149,#4885,#4886);
#4178=AXIS2_PLACEMENT_3D('',#6152,#4888,#4889);
#4179=AXIS2_PLACEMENT_3D('',#6153,#4890,#4891);
#4180=AXIS2_PLACEMENT_3D('',#6154,#4892,#4893);
#4181=AXIS2_PLACEMENT_3D('',#6156,#4894,#4895);
#4182=AXIS2_PLACEMENT_3D('',#6158,#4896,#4897);
#4183=AXIS2_PLACEMENT_3D('',#6159,#4898,#4899);
#4184=AXIS2_PLACEMENT_3D('',#6160,#4900,#4901);
#4185=AXIS2_PLACEMENT_3D('',#6163,#4903,#4904);
#4186=AXIS2_PLACEMENT_3D('',#6164,#4905,#4906);
#4187=AXIS2_PLACEMENT_3D('',#6165,#4907,#4908);
#4188=AXIS2_PLACEMENT_3D('',#6167,#4909,#4910);
#4189=AXIS2_PLACEMENT_3D('',#6169,#4911,#4912);
#4190=AXIS2_PLACEMENT_3D('',#6170,#4913,#4914);
#4191=AXIS2_PLACEMENT_3D('',#6171,#4915,#4916);
#4192=AXIS2_PLACEMENT_3D('',#6174,#4918,#4919);
#4193=AXIS2_PLACEMENT_3D('',#6175,#4920,#4921);
#4194=AXIS2_PLACEMENT_3D('',#6176,#4922,#4923);
#4195=AXIS2_PLACEMENT_3D('',#6179,#4924,#4925);
#4196=AXIS2_PLACEMENT_3D('',#6183,#4927,#4928);
#4197=AXIS2_PLACEMENT_3D('',#6185,#4930,#4931);
#4198=AXIS2_PLACEMENT_3D('',#6200,#4939,#4940);
#4199=AXIS2_PLACEMENT_3D('',#6202,#4941,#4942);
#4200=AXIS2_PLACEMENT_3D('',#6204,#4943,#4944);
#4201=AXIS2_PLACEMENT_3D('',#6206,#4945,#4946);
#4202=AXIS2_PLACEMENT_3D('',#6207,#4947,#4948);
#4203=AXIS2_PLACEMENT_3D('',#6210,#4949,#4950);
#4204=AXIS2_PLACEMENT_3D('',#6214,#4952,#4953);
#4205=AXIS2_PLACEMENT_3D('',#6216,#4955,#4956);
#4206=AXIS2_PLACEMENT_3D('',#6230,#4964,#4965);
#4207=AXIS2_PLACEMENT_3D('',#6233,#4966,#4967);
#4208=AXIS2_PLACEMENT_3D('',#6235,#4968,#4969);
#4209=AXIS2_PLACEMENT_3D('',#6236,#4970,#4971);
#4210=AXIS2_PLACEMENT_3D('',#6237,#4972,#4973);
#4211=AXIS2_PLACEMENT_3D('',#6238,#4974,#4975);
#4212=AXIS2_PLACEMENT_3D('',#6239,#4976,#4977);
#4213=AXIS2_PLACEMENT_3D('',#6241,#4979,#4980);
#4214=AXIS2_PLACEMENT_3D('',#6244,#4981,#4982);
#4215=AXIS2_PLACEMENT_3D('',#6246,#4983,#4984);
#4216=AXIS2_PLACEMENT_3D('',#6247,#4985,#4986);
#4217=AXIS2_PLACEMENT_3D('',#6248,#4987,#4988);
#4218=AXIS2_PLACEMENT_3D('',#6249,#4989,#4990);
#4219=AXIS2_PLACEMENT_3D('',#6250,#4991,#4992);
#4220=AXIS2_PLACEMENT_3D('',#6252,#4994,#4995);
#4221=AXIS2_PLACEMENT_3D('',#6255,#4996,#4997);
#4222=AXIS2_PLACEMENT_3D('',#6257,#4998,#4999);
#4223=AXIS2_PLACEMENT_3D('',#6258,#5000,#5001);
#4224=AXIS2_PLACEMENT_3D('',#6259,#5002,#5003);
#4225=AXIS2_PLACEMENT_3D('',#6260,#5004,#5005);
#4226=AXIS2_PLACEMENT_3D('',#6261,#5006,#5007);
#4227=AXIS2_PLACEMENT_3D('',#6263,#5009,#5010);
#4228=AXIS2_PLACEMENT_3D('',#6266,#5011,#5012);
#4229=AXIS2_PLACEMENT_3D('',#6268,#5013,#5014);
#4230=AXIS2_PLACEMENT_3D('',#6269,#5015,#5016);
#4231=AXIS2_PLACEMENT_3D('',#6270,#5017,#5018);
#4232=AXIS2_PLACEMENT_3D('',#6271,#5019,#5020);
#4233=AXIS2_PLACEMENT_3D('',#6272,#5021,#5022);
#4234=AXIS2_PLACEMENT_3D('',#6274,#5024,#5025);
#4235=AXIS2_PLACEMENT_3D('',#6277,#5026,#5027);
#4236=AXIS2_PLACEMENT_3D('',#6279,#5028,#5029);
#4237=AXIS2_PLACEMENT_3D('',#6280,#5030,#5031);
#4238=AXIS2_PLACEMENT_3D('',#6281,#5032,#5033);
#4239=AXIS2_PLACEMENT_3D('',#6282,#5034,#5035);
#4240=AXIS2_PLACEMENT_3D('',#6284,#5036,#5037);
#4241=AXIS2_PLACEMENT_3D('',#6286,#5038,#5039);
#4242=AXIS2_PLACEMENT_3D('',#6288,#5040,#5041);
#4243=AXIS2_PLACEMENT_3D('',#6298,#5046,#5047);
#4244=AXIS2_PLACEMENT_3D('',#6299,#5048,#5049);
#4245=AXIS2_PLACEMENT_3D('',#6302,#5050,#5051);
#4246=AXIS2_PLACEMENT_3D('',#6304,#5053,#5054);
#4247=AXIS2_PLACEMENT_3D('',#6305,#5055,#5056);
#4248=AXIS2_PLACEMENT_3D('',#6308,#5057,#5058);
#4249=AXIS2_PLACEMENT_3D('',#6309,#5059,#5060);
#4250=AXIS2_PLACEMENT_3D('',#6310,#5061,#5062);
#4251=AXIS2_PLACEMENT_3D('',#6311,#5063,#5064);
#4252=AXIS2_PLACEMENT_3D('',#6314,#5065,#5066);
#4253=AXIS2_PLACEMENT_3D('',#6316,#5068,#5069);
#4254=AXIS2_PLACEMENT_3D('',#6317,#5070,#5071);
#4255=AXIS2_PLACEMENT_3D('',#6320,#5072,#5073);
#4256=AXIS2_PLACEMENT_3D('',#6321,#5074,#5075);
#4257=AXIS2_PLACEMENT_3D('',#6322,#5076,#5077);
#4258=AXIS2_PLACEMENT_3D('',#6323,#5078,#5079);
#4259=AXIS2_PLACEMENT_3D('',#6326,#5080,#5081);
#4260=AXIS2_PLACEMENT_3D('',#6328,#5083,#5084);
#4261=AXIS2_PLACEMENT_3D('',#6329,#5085,#5086);
#4262=AXIS2_PLACEMENT_3D('',#6332,#5087,#5088);
#4263=AXIS2_PLACEMENT_3D('',#6333,#5089,#5090);
#4264=AXIS2_PLACEMENT_3D('',#6334,#5091,#5092);
#4265=AXIS2_PLACEMENT_3D('',#6335,#5093,#5094);
#4266=AXIS2_PLACEMENT_3D('',#6338,#5095,#5096);
#4267=AXIS2_PLACEMENT_3D('',#6340,#5098,#5099);
#4268=AXIS2_PLACEMENT_3D('',#6341,#5100,#5101);
#4269=AXIS2_PLACEMENT_3D('',#6343,#5102,#5103);
#4270=AXIS2_PLACEMENT_3D('',#6346,#5105,#5106);
#4271=AXIS2_PLACEMENT_3D('',#6347,#5107,#5108);
#4272=AXIS2_PLACEMENT_3D('',#6349,#5109,#5110);
#4273=AXIS2_PLACEMENT_3D('',#6352,#5112,#5113);
#4274=AXIS2_PLACEMENT_3D('',#6353,#5114,#5115);
#4275=AXIS2_PLACEMENT_3D('',#6355,#5117,#5118);
#4276=AXIS2_PLACEMENT_3D('',#6357,#5120,#5121);
#4277=AXIS2_PLACEMENT_3D('',#6360,#5124,#5125);
#4278=AXIS2_PLACEMENT_3D('',#6367,#5130,#5131);
#4279=AXIS2_PLACEMENT_3D('',#6372,#5133,#5134);
#4280=AXIS2_PLACEMENT_3D('',#6375,#5136,#5137);
#4281=AXIS2_PLACEMENT_3D('',#6376,#5138,#5139);
#4282=AXIS2_PLACEMENT_3D('',#6381,#5141,#5142);
#4283=AXIS2_PLACEMENT_3D('',#6384,#5144,#5145);
#4284=AXIS2_PLACEMENT_3D('',#6385,#5146,#5147);
#4285=AXIS2_PLACEMENT_3D('',#6390,#5149,#5150);
#4286=AXIS2_PLACEMENT_3D('',#6393,#5152,#5153);
#4287=AXIS2_PLACEMENT_3D('',#6394,#5154,#5155);
#4288=AXIS2_PLACEMENT_3D('',#6397,#5157,#5158);
#4289=AXIS2_PLACEMENT_3D('',#6399,#5160,#5161);
#4290=AXIS2_PLACEMENT_3D('',#6403,#5163,#5164);
#4291=AXIS2_PLACEMENT_3D('',#6405,#5166,#5167);
#4292=AXIS2_PLACEMENT_3D('',#6408,#5169,#5170);
#4293=AXIS2_PLACEMENT_3D('',#6409,#5171,#5172);
#4294=AXIS2_PLACEMENT_3D('',#6413,#5174,#5175);
#4295=AXIS2_PLACEMENT_3D('',#6415,#5177,#5178);
#4296=AXIS2_PLACEMENT_3D('',#6418,#5181,#5182);
#4297=AXIS2_PLACEMENT_3D('',#6421,#5185,#5186);
#4298=AXIS2_PLACEMENT_3D('',#6426,#5189,#5190);
#4299=AXIS2_PLACEMENT_3D('',#6427,#5191,#5192);
#4300=AXIS2_PLACEMENT_3D('',#6432,#5195,#5196);
#4301=AXIS2_PLACEMENT_3D('',#6433,#5197,#5198);
#4302=AXIS2_PLACEMENT_3D('',#6436,#5201,#5202);
#4303=AXIS2_PLACEMENT_3D('',#6438,#5204,#5205);
#4304=AXIS2_PLACEMENT_3D('',#6440,#5207,#5208);
#4305=AXIS2_PLACEMENT_3D('',#6442,#5210,#5211);
#4306=AXIS2_PLACEMENT_3D('',#6444,#5213,#5214);
#4307=AXIS2_PLACEMENT_3D('',#6446,#5216,#5217);
#4308=AXIS2_PLACEMENT_3D('',#6448,#5218,#5219);
#4309=AXIS2_PLACEMENT_3D('',#6450,#5220,#5221);
#4310=AXIS2_PLACEMENT_3D('',#6452,#5222,#5223);
#4311=AXIS2_PLACEMENT_3D('',#6454,#5224,#5225);
#4312=AXIS2_PLACEMENT_3D('',#6456,#5226,#5227);
#4313=AXIS2_PLACEMENT_3D('',#6457,#5228,#5229);
#4314=AXIS2_PLACEMENT_3D('',#6458,#5230,#5231);
#4315=AXIS2_PLACEMENT_3D('',#6459,#5232,#5233);
#4316=AXIS2_PLACEMENT_3D('',#6460,#5234,#5235);
#4317=AXIS2_PLACEMENT_3D('',#6461,#5236,#5237);
#4318=AXIS2_PLACEMENT_3D('',#6462,#5238,#5239);
#4319=AXIS2_PLACEMENT_3D('',#6463,#5240,#5241);
#4320=AXIS2_PLACEMENT_3D('',#6464,#5242,#5243);
#4321=AXIS2_PLACEMENT_3D('',#6465,#5244,#5245);
#4322=AXIS2_PLACEMENT_3D('',#6467,#5246,#5247);
#4323=AXIS2_PLACEMENT_3D('',#6468,#5248,#5249);
#4324=AXIS2_PLACEMENT_3D('',#6469,#5250,#5251);
#4325=AXIS2_PLACEMENT_3D('',#6472,#5253,#5254);
#4326=AXIS2_PLACEMENT_3D('',#6473,#5255,#5256);
#4327=AXIS2_PLACEMENT_3D('',#6474,#5257,#5258);
#4328=AXIS2_PLACEMENT_3D('',#6475,#5259,#5260);
#4329=AXIS2_PLACEMENT_3D('',#6477,#5262,#5263);
#4330=AXIS2_PLACEMENT_3D('',#6479,#5265,#5266);
#4331=AXIS2_PLACEMENT_3D('',#6481,#5268,#5269);
#4332=AXIS2_PLACEMENT_3D('',#6483,#5271,#5272);
#4333=AXIS2_PLACEMENT_3D('',#6485,#5274,#5275);
#4334=AXIS2_PLACEMENT_3D('',#6487,#5277,#5278);
#4335=AXIS2_PLACEMENT_3D('',#6488,#5279,#5280);
#4336=AXIS2_PLACEMENT_3D('',#6490,#5281,#5282);
#4337=AXIS2_PLACEMENT_3D('',#6492,#5283,#5284);
#4338=AXIS2_PLACEMENT_3D('',#6493,#5285,#5286);
#4339=AXIS2_PLACEMENT_3D('',#6495,#5287,#5288);
#4340=AXIS2_PLACEMENT_3D('',#6497,#5289,#5290);
#4341=AXIS2_PLACEMENT_3D('',#6498,#5291,#5292);
#4342=AXIS2_PLACEMENT_3D('',#6500,#5293,#5294);
#4343=AXIS2_PLACEMENT_3D('',#6502,#5295,#5296);
#4344=AXIS2_PLACEMENT_3D('',#6503,#5297,#5298);
#4345=AXIS2_PLACEMENT_3D('',#6505,#5299,#5300);
#4346=AXIS2_PLACEMENT_3D('',#6507,#5301,#5302);
#4347=AXIS2_PLACEMENT_3D('',#6508,#5303,#5304);
#4348=AXIS2_PLACEMENT_3D('',#6510,#5305,#5306);
#4349=AXIS2_PLACEMENT_3D('',#6512,#5307,#5308);
#4350=AXIS2_PLACEMENT_3D('',#6513,#5309,#5310);
#4351=AXIS2_PLACEMENT_3D('',#6515,#5311,#5312);
#4352=AXIS2_PLACEMENT_3D('',#6518,#5314,#5315);
#4353=AXIS2_PLACEMENT_3D('',#6519,#5316,#5317);
#4354=AXIS2_PLACEMENT_3D('',#6521,#5318,#5319);
#4355=AXIS2_PLACEMENT_3D('',#6524,#5321,#5322);
#4356=AXIS2_PLACEMENT_3D('',#6525,#5323,#5324);
#4357=AXIS2_PLACEMENT_3D('',#6527,#5325,#5326);
#4358=AXIS2_PLACEMENT_3D('',#6529,#5328,#5329);
#4359=AXIS2_PLACEMENT_3D('',#6531,#5330,#5331);
#4360=AXIS2_PLACEMENT_3D('',#6533,#5333,#5334);
#4361=AXIS2_PLACEMENT_3D('',#6535,#5335,#5336);
#4362=AXIS2_PLACEMENT_3D('',#6537,#5338,#5339);
#4363=AXIS2_PLACEMENT_3D('',#6539,#5340,#5341);
#4364=AXIS2_PLACEMENT_3D('',#6541,#5343,#5344);
#4365=AXIS2_PLACEMENT_3D('',#6543,#5345,#5346);
#4366=AXIS2_PLACEMENT_3D('',#6545,#5348,#5349);
#4367=AXIS2_PLACEMENT_3D('',#6547,#5350,#5351);
#4368=AXIS2_PLACEMENT_3D('',#6549,#5353,#5354);
#4369=AXIS2_PLACEMENT_3D('',#6551,#5355,#5356);
#4370=AXIS2_PLACEMENT_3D('',#6553,#5358,#5359);
#4371=AXIS2_PLACEMENT_3D('',#6555,#5360,#5361);
#4372=AXIS2_PLACEMENT_3D('',#6557,#5363,#5364);
#4373=AXIS2_PLACEMENT_3D('',#6559,#5365,#5366);
#4374=AXIS2_PLACEMENT_3D('',#6562,#5368,#5369);
#4375=AXIS2_PLACEMENT_3D('',#6563,#5370,#5371);
#4376=AXIS2_PLACEMENT_3D('',#6564,#5372,#5373);
#4377=AXIS2_PLACEMENT_3D('',#6565,#5374,#5375);
#4378=AXIS2_PLACEMENT_3D('',#6567,#5377,#5378);
#4379=AXIS2_PLACEMENT_3D('',#6569,#5380,#5381);
#4380=AXIS2_PLACEMENT_3D('',#6571,#5382,#5383);
#4381=AXIS2_PLACEMENT_3D('',#6573,#5384,#5385);
#4382=AXIS2_PLACEMENT_3D('',#6574,#5386,#5387);
#4383=AXIS2_PLACEMENT_3D('',#6576,#5388,#5389);
#4384=AXIS2_PLACEMENT_3D('',#6578,#5390,#5391);
#4385=AXIS2_PLACEMENT_3D('',#6579,#5392,#5393);
#4386=AXIS2_PLACEMENT_3D('',#6581,#5394,#5395);
#4387=AXIS2_PLACEMENT_3D('',#6583,#5396,#5397);
#4388=AXIS2_PLACEMENT_3D('',#6584,#5398,#5399);
#4389=AXIS2_PLACEMENT_3D('',#6586,#5400,#5401);
#4390=AXIS2_PLACEMENT_3D('',#6588,#5402,#5403);
#4391=AXIS2_PLACEMENT_3D('',#6589,#5404,#5405);
#4392=AXIS2_PLACEMENT_3D('',#6591,#5406,#5407);
#4393=AXIS2_PLACEMENT_3D('',#6593,#5408,#5409);
#4394=AXIS2_PLACEMENT_3D('',#6594,#5410,#5411);
#4395=AXIS2_PLACEMENT_3D('',#6596,#5412,#5413);
#4396=AXIS2_PLACEMENT_3D('',#6599,#5415,#5416);
#4397=AXIS2_PLACEMENT_3D('',#6600,#5417,#5418);
#4398=AXIS2_PLACEMENT_3D('',#6602,#5419,#5420);
#4399=AXIS2_PLACEMENT_3D('',#6605,#5422,#5423);
#4400=AXIS2_PLACEMENT_3D('',#6606,#5424,#5425);
#4401=AXIS2_PLACEMENT_3D('',#6608,#5426,#5427);
#4402=AXIS2_PLACEMENT_3D('',#6610,#5429,#5430);
#4403=AXIS2_PLACEMENT_3D('',#6612,#5431,#5432);
#4404=AXIS2_PLACEMENT_3D('',#6614,#5434,#5435);
#4405=AXIS2_PLACEMENT_3D('',#6616,#5436,#5437);
#4406=AXIS2_PLACEMENT_3D('',#6618,#5439,#5440);
#4407=AXIS2_PLACEMENT_3D('',#6620,#5441,#5442);
#4408=AXIS2_PLACEMENT_3D('',#6622,#5444,#5445);
#4409=AXIS2_PLACEMENT_3D('',#6624,#5446,#5447);
#4410=AXIS2_PLACEMENT_3D('',#6626,#5449,#5450);
#4411=AXIS2_PLACEMENT_3D('',#6628,#5451,#5452);
#4412=AXIS2_PLACEMENT_3D('',#6630,#5454,#5455);
#4413=AXIS2_PLACEMENT_3D('',#6632,#5456,#5457);
#4414=AXIS2_PLACEMENT_3D('',#6634,#5459,#5460);
#4415=AXIS2_PLACEMENT_3D('',#6636,#5461,#5462);
#4416=AXIS2_PLACEMENT_3D('',#6638,#5464,#5465);
#4417=AXIS2_PLACEMENT_3D('',#6640,#5466,#5467);
#4418=AXIS2_PLACEMENT_3D('',#6643,#5469,#5470);
#4419=AXIS2_PLACEMENT_3D('',#6644,#5471,#5472);
#4420=AXIS2_PLACEMENT_3D('',#6645,#5473,#5474);
#4421=AXIS2_PLACEMENT_3D('',#6646,#5475,#5476);
#4422=AXIS2_PLACEMENT_3D('',#6648,#5478,#5479);
#4423=AXIS2_PLACEMENT_3D('',#6650,#5481,#5482);
#4424=AXIS2_PLACEMENT_3D('',#6652,#5483,#5484);
#4425=AXIS2_PLACEMENT_3D('',#6654,#5485,#5486);
#4426=AXIS2_PLACEMENT_3D('',#6655,#5487,#5488);
#4427=AXIS2_PLACEMENT_3D('',#6657,#5489,#5490);
#4428=AXIS2_PLACEMENT_3D('',#6659,#5491,#5492);
#4429=AXIS2_PLACEMENT_3D('',#6660,#5493,#5494);
#4430=AXIS2_PLACEMENT_3D('',#6662,#5495,#5496);
#4431=AXIS2_PLACEMENT_3D('',#6664,#5497,#5498);
#4432=AXIS2_PLACEMENT_3D('',#6665,#5499,#5500);
#4433=AXIS2_PLACEMENT_3D('',#6667,#5501,#5502);
#4434=AXIS2_PLACEMENT_3D('',#6669,#5503,#5504);
#4435=AXIS2_PLACEMENT_3D('',#6670,#5505,#5506);
#4436=AXIS2_PLACEMENT_3D('',#6672,#5507,#5508);
#4437=AXIS2_PLACEMENT_3D('',#6674,#5509,#5510);
#4438=AXIS2_PLACEMENT_3D('',#6675,#5511,#5512);
#4439=AXIS2_PLACEMENT_3D('',#6677,#5513,#5514);
#4440=AXIS2_PLACEMENT_3D('',#6680,#5516,#5517);
#4441=AXIS2_PLACEMENT_3D('',#6681,#5518,#5519);
#4442=AXIS2_PLACEMENT_3D('',#6683,#5520,#5521);
#4443=AXIS2_PLACEMENT_3D('',#6686,#5523,#5524);
#4444=AXIS2_PLACEMENT_3D('',#6687,#5525,#5526);
#4445=AXIS2_PLACEMENT_3D('',#6689,#5527,#5528);
#4446=AXIS2_PLACEMENT_3D('',#6691,#5530,#5531);
#4447=AXIS2_PLACEMENT_3D('',#6693,#5532,#5533);
#4448=AXIS2_PLACEMENT_3D('',#6695,#5535,#5536);
#4449=AXIS2_PLACEMENT_3D('',#6697,#5537,#5538);
#4450=AXIS2_PLACEMENT_3D('',#6699,#5540,#5541);
#4451=AXIS2_PLACEMENT_3D('',#6701,#5542,#5543);
#4452=AXIS2_PLACEMENT_3D('',#6703,#5545,#5546);
#4453=AXIS2_PLACEMENT_3D('',#6705,#5547,#5548);
#4454=AXIS2_PLACEMENT_3D('',#6707,#5550,#5551);
#4455=AXIS2_PLACEMENT_3D('',#6709,#5552,#5553);
#4456=AXIS2_PLACEMENT_3D('',#6711,#5555,#5556);
#4457=AXIS2_PLACEMENT_3D('',#6713,#5557,#5558);
#4458=AXIS2_PLACEMENT_3D('',#6715,#5560,#5561);
#4459=AXIS2_PLACEMENT_3D('',#6717,#5562,#5563);
#4460=AXIS2_PLACEMENT_3D('',#6719,#5565,#5566);
#4461=AXIS2_PLACEMENT_3D('',#6721,#5567,#5568);
#4462=AXIS2_PLACEMENT_3D('',#6724,#5570,#5571);
#4463=AXIS2_PLACEMENT_3D('',#6725,#5572,#5573);
#4464=AXIS2_PLACEMENT_3D('',#6726,#5574,#5575);
#4465=AXIS2_PLACEMENT_3D('',#6727,#5576,#5577);
#4466=AXIS2_PLACEMENT_3D('',#6729,#5579,#5580);
#4467=AXIS2_PLACEMENT_3D('',#6731,#5582,#5583);
#4468=AXIS2_PLACEMENT_3D('',#6733,#5584,#5585);
#4469=AXIS2_PLACEMENT_3D('',#6735,#5586,#5587);
#4470=AXIS2_PLACEMENT_3D('',#6737,#5588,#5589);
#4471=AXIS2_PLACEMENT_3D('',#6738,#5590,#5591);
#4472=AXIS2_PLACEMENT_3D('',#6739,#5592,#5593);
#4473=AXIS2_PLACEMENT_3D('',#6741,#5594,#5595);
#4474=AXIS2_PLACEMENT_3D('',#6743,#5597,#5598);
#4475=AXIS2_PLACEMENT_3D('',#6745,#5599,#5600);
#4476=AXIS2_PLACEMENT_3D('',#6755,#5605,#5606);
#4477=AXIS2_PLACEMENT_3D('',#6757,#5607,#5608);
#4478=AXIS2_PLACEMENT_3D('',#6759,#5609,#5610);
#4479=AXIS2_PLACEMENT_3D('',#6769,#5615,#5616);
#4480=AXIS2_PLACEMENT_3D('',#6770,#5617,#5618);
#4481=AXIS2_PLACEMENT_3D('',#6772,#5619,#5620);
#4482=AXIS2_PLACEMENT_3D('',#6775,#5622,#5623);
#4483=AXIS2_PLACEMENT_3D('',#6776,#5624,#5625);
#4484=AXIS2_PLACEMENT_3D('',#6778,#5626,#5627);
#4485=AXIS2_PLACEMENT_3D('',#6781,#5629,#5630);
#4486=AXIS2_PLACEMENT_3D('',#6782,#5631,#5632);
#4487=AXIS2_PLACEMENT_3D('',#6784,#5633,#5634);
#4488=AXIS2_PLACEMENT_3D('',#6787,#5636,#5637);
#4489=AXIS2_PLACEMENT_3D('',#6788,#5638,#5639);
#4490=AXIS2_PLACEMENT_3D('',#6790,#5640,#5641);
#4491=AXIS2_PLACEMENT_3D('',#6793,#5643,#5644);
#4492=AXIS2_PLACEMENT_3D('',#6794,#5645,#5646);
#4493=AXIS2_PLACEMENT_3D('',#6796,#5647,#5648);
#4494=AXIS2_PLACEMENT_3D('',#6799,#5650,#5651);
#4495=AXIS2_PLACEMENT_3D('',#6800,#5652,#5653);
#4496=AXIS2_PLACEMENT_3D('',#6802,#5654,#5655);
#4497=AXIS2_PLACEMENT_3D('',#6805,#5657,#5658);
#4498=AXIS2_PLACEMENT_3D('',#6806,#5659,#5660);
#4499=AXIS2_PLACEMENT_3D('',#6808,#5661,#5662);
#4500=AXIS2_PLACEMENT_3D('',#6811,#5664,#5665);
#4501=AXIS2_PLACEMENT_3D('',#6812,#5666,#5667);
#4502=AXIS2_PLACEMENT_3D('',#6814,#5668,#5669);
#4503=AXIS2_PLACEMENT_3D('',#6817,#5671,#5672);
#4504=AXIS2_PLACEMENT_3D('',#6818,#5673,#5674);
#4505=AXIS2_PLACEMENT_3D('',#6827,#5679,#5680);
#4506=AXIS2_PLACEMENT_3D('',#6833,#5684,#5685);
#4507=AXIS2_PLACEMENT_3D('',#6839,#5689,#5690);
#4508=AXIS2_PLACEMENT_3D('',#6842,#5693,#5694);
#4509=AXIS2_PLACEMENT_3D('',#6848,#5698,#5699);
#4510=AXIS2_PLACEMENT_3D('',#6852,#5702,#5703);
#4511=AXIS2_PLACEMENT_3D('',#6856,#5706,#5707);
#4512=AXIS2_PLACEMENT_3D('',#6858,#5709,#5710);
#4513=AXIS2_PLACEMENT_3D('',#6859,#5711,#5712);
#4514=AXIS2_PLACEMENT_3D('',#6865,#5716,#5717);
#4515=AXIS2_PLACEMENT_3D('',#6869,#5720,#5721);
#4516=AXIS2_PLACEMENT_3D('',#6873,#5724,#5725);
#4517=AXIS2_PLACEMENT_3D('',#6875,#5727,#5728);
#4518=AXIS2_PLACEMENT_3D('',#6876,#5729,#5730);
#4519=AXIS2_PLACEMENT_3D('',#6879,#5732,#5733);
#4520=AXIS2_PLACEMENT_3D('',#6880,#5734,#5735);
#4521=AXIS2_PLACEMENT_3D('',#6883,#5737,#5738);
#4522=AXIS2_PLACEMENT_3D('',#6884,#5739,#5740);
#4523=AXIS2_PLACEMENT_3D('',#6887,#5742,#5743);
#4524=AXIS2_PLACEMENT_3D('',#6888,#5744,#5745);
#4525=AXIS2_PLACEMENT_3D('',#6891,#5747,#5748);
#4526=AXIS2_PLACEMENT_3D('',#6892,#5749,#5750);
#4527=AXIS2_PLACEMENT_3D('',#6895,#5752,#5753);
#4528=AXIS2_PLACEMENT_3D('',#6896,#5754,#5755);
#4529=AXIS2_PLACEMENT_3D('',#7091,#5756,#5757);
#4530=AXIS2_PLACEMENT_3D('',#7111,#5759,#5760);
#4531=AXIS2_PLACEMENT_3D('',#7114,#5761,#5762);
#4532=AXIS2_PLACEMENT_3D('',#7118,#5764,#5765);
#4533=AXIS2_PLACEMENT_3D('',#7121,#5767,#5768);
#4534=AXIS2_PLACEMENT_3D('',#7123,#5769,#5770);
#4535=AXIS2_PLACEMENT_3D('',#7125,#5771,#5772);
#4536=AXIS2_PLACEMENT_3D('',#7127,#5773,#5774);
#4537=AXIS2_PLACEMENT_3D('',#7129,#5775,#5776);
#4538=AXIS2_PLACEMENT_3D('',#7306,#5777,#5778);
#4539=AXIS2_PLACEMENT_3D('',#7309,#5779,#5780);
#4540=AXIS2_PLACEMENT_3D('',#7313,#5782,#5783);
#4541=AXIS2_PLACEMENT_3D('',#7315,#5784,#5785);
#4542=AXIS2_PLACEMENT_3D('',#7317,#5787,#5788);
#4543=AXIS2_PLACEMENT_3D('',#7319,#5789,#5790);
#4544=AXIS2_PLACEMENT_3D('',#7320,#5791,#5792);
#4545=AXIS2_PLACEMENT_3D('',#7321,#5793,#5794);
#4546=AXIS2_PLACEMENT_3D('',#7324,#5796,#5797);
#4547=AXIS2_PLACEMENT_3D('',#7325,#5798,#5799);
#4548=AXIS2_PLACEMENT_3D('',#7330,#5801,#5802);
#4549=AXIS2_PLACEMENT_3D('',#7333,#5804,#5805);
#4550=AXIS2_PLACEMENT_3D('',#7334,#5806,#5807);
#4551=AXIS2_PLACEMENT_3D('',#7337,#5808,#5809);
#4552=AXIS2_PLACEMENT_3D('',#7341,#5811,#5812);
#4553=AXIS2_PLACEMENT_3D('',#7343,#5814,#5815);
#4554=AXIS2_PLACEMENT_3D('',#7344,#5816,#5817);
#4555=AXIS2_PLACEMENT_3D('',#7345,#5818,#5819);
#4556=AXIS2_PLACEMENT_3D('',#7346,#5820,#5821);
#4557=AXIS2_PLACEMENT_3D('',#7347,#5822,#5823);
#4558=AXIS2_PLACEMENT_3D('',#7350,#5824,#5825);
#4559=AXIS2_PLACEMENT_3D('',#7354,#5827,#5828);
#4560=AXIS2_PLACEMENT_3D('',#7356,#5830,#5831);
#4561=AXIS2_PLACEMENT_3D('',#7357,#5832,#5833);
#4562=AXIS2_PLACEMENT_3D('',#7358,#5834,#5835);
#4563=AXIS2_PLACEMENT_3D('',#7359,#5836,#5837);
#4564=AXIS2_PLACEMENT_3D('',#7360,#5838,#5839);
#4565=AXIS2_PLACEMENT_3D('',#7363,#5840,#5841);
#4566=AXIS2_PLACEMENT_3D('',#7367,#5843,#5844);
#4567=AXIS2_PLACEMENT_3D('',#7369,#5846,#5847);
#4568=AXIS2_PLACEMENT_3D('',#7370,#5848,#5849);
#4569=AXIS2_PLACEMENT_3D('',#7371,#5850,#5851);
#4570=AXIS2_PLACEMENT_3D('',#7372,#5852,#5853);
#4571=AXIS2_PLACEMENT_3D('',#7373,#5854,#5855);
#4572=AXIS2_PLACEMENT_3D('',#7376,#5856,#5857);
#4573=AXIS2_PLACEMENT_3D('',#7380,#5859,#5860);
#4574=AXIS2_PLACEMENT_3D('',#7382,#5862,#5863);
#4575=AXIS2_PLACEMENT_3D('',#7383,#5864,#5865);
#4576=AXIS2_PLACEMENT_3D('',#7384,#5866,#5867);
#4577=AXIS2_PLACEMENT_3D('',#7385,#5868,#5869);
#4578=AXIS2_PLACEMENT_3D('',#7386,#5870,#5871);
#4579=AXIS2_PLACEMENT_3D('',#7391,#5873,#5874);
#4580=AXIS2_PLACEMENT_3D('',#7394,#5876,#5877);
#4581=AXIS2_PLACEMENT_3D('',#7395,#5878,#5879);
#4582=AXIS2_PLACEMENT_3D('',#7397,#5880,#5881);
#4583=AXIS2_PLACEMENT_3D('',#7399,#5882,#5883);
#4584=AXIS2_PLACEMENT_3D('',#7401,#5884,#5885);
#4585=AXIS2_PLACEMENT_3D('',#7403,#5886,#5887);
#4586=AXIS2_PLACEMENT_3D('',#7405,#5888,#5889);
#4587=AXIS2_PLACEMENT_3D('',#7406,#5890,#5891);
#4588=AXIS2_PLACEMENT_3D('',#7409,#5894,#5895);
#4589=AXIS2_PLACEMENT_3D('',#7412,#5898,#5899);
#4590=AXIS2_PLACEMENT_3D('',#7415,#5902,#5903);
#4591=AXIS2_PLACEMENT_3D('',#7417,#5905,#5906);
#4592=AXIS2_PLACEMENT_3D('',#7419,#5908,#5909);
#4593=AXIS2_PLACEMENT_3D('',#7420,#5910,#5911);
#4594=AXIS2_PLACEMENT_3D('',#7422,#5913,#5914);
#4595=AXIS2_PLACEMENT_3D('',#7424,#5916,#5917);
#4596=AXIS2_PLACEMENT_3D('',#7426,#5919,#5920);
#4597=AXIS2_PLACEMENT_3D('',#7428,#5922,#5923);
#4598=DIRECTION('axis',(0.,0.,1.));
#4599=DIRECTION('refdir',(1.,0.,0.));
#4600=DIRECTION('center_axis',(0.,0.,1.));
#4601=DIRECTION('ref_axis',(1.,0.,0.));
#4602=DIRECTION('center_axis',(0.,0.,-1.));
#4603=DIRECTION('ref_axis',(1.,0.,0.));
#4604=DIRECTION('center_axis',(0.,0.,1.));
#4605=DIRECTION('ref_axis',(1.,0.,0.));
#4606=DIRECTION('center_axis',(0.,0.,1.));
#4607=DIRECTION('ref_axis',(1.,0.,0.));
#4608=DIRECTION('center_axis',(0.,0.,1.));
#4609=DIRECTION('ref_axis',(1.,0.,0.));
#4610=DIRECTION('center_axis',(0.,0.,-1.));
#4611=DIRECTION('ref_axis',(1.,0.,0.));
#4612=DIRECTION('center_axis',(0.,0.,1.));
#4613=DIRECTION('ref_axis',(1.,0.,0.));
#4614=DIRECTION('center_axis',(0.,0.,1.));
#4615=DIRECTION('ref_axis',(1.,0.,0.));
#4616=DIRECTION('center_axis',(0.,0.,-1.));
#4617=DIRECTION('ref_axis',(1.,0.,0.));
#4618=DIRECTION('center_axis',(0.,0.,1.));
#4619=DIRECTION('ref_axis',(1.,0.,0.));
#4620=DIRECTION('center_axis',(0.,0.,1.));
#4621=DIRECTION('ref_axis',(1.,0.,0.));
#4622=DIRECTION('center_axis',(0.,0.,-1.));
#4623=DIRECTION('ref_axis',(1.,0.,0.));
#4624=DIRECTION('center_axis',(0.,0.,1.));
#4625=DIRECTION('ref_axis',(1.,0.,0.));
#4626=DIRECTION('center_axis',(0.,0.,1.));
#4627=DIRECTION('ref_axis',(1.,0.,0.));
#4628=DIRECTION('center_axis',(0.,0.,-1.));
#4629=DIRECTION('ref_axis',(1.,0.,0.));
#4630=DIRECTION('center_axis',(0.,0.,-1.));
#4631=DIRECTION('ref_axis',(1.,0.,0.));
#4632=DIRECTION('center_axis',(0.,0.,1.));
#4633=DIRECTION('ref_axis',(1.,0.,0.));
#4634=DIRECTION('',(-0.650791373455968,-7.96989572415562E-17,-0.759256602365297));
#4635=DIRECTION('center_axis',(0.,0.,-1.));
#4636=DIRECTION('ref_axis',(1.,0.,0.));
#4637=DIRECTION('center_axis',(0.,0.,-1.));
#4638=DIRECTION('ref_axis',(1.,0.,0.));
#4639=DIRECTION('center_axis',(0.,0.,1.));
#4640=DIRECTION('ref_axis',(1.,0.,0.));
#4641=DIRECTION('',(-0.658504607868518,-8.06435560249964E-17,-0.752576694706878));
#4642=DIRECTION('center_axis',(0.,0.,1.));
#4643=DIRECTION('ref_axis',(1.,0.,0.));
#4644=DIRECTION('center_axis',(0.,0.,1.));
#4645=DIRECTION('ref_axis',(1.,0.,0.));
#4646=DIRECTION('center_axis',(0.,0.,-1.));
#4647=DIRECTION('ref_axis',(1.,0.,0.));
#4648=DIRECTION('',(0.,0.,-1.));
#4649=DIRECTION('center_axis',(0.,0.,1.));
#4650=DIRECTION('ref_axis',(1.,0.,0.));
#4651=DIRECTION('center_axis',(0.,0.,-1.));
#4652=DIRECTION('ref_axis',(1.,0.,0.));
#4653=DIRECTION('',(0.,0.,-1.));
#4654=DIRECTION('center_axis',(0.,0.,1.));
#4655=DIRECTION('ref_axis',(1.,0.,0.));
#4656=DIRECTION('center_axis',(0.,0.,-1.));
#4657=DIRECTION('ref_axis',(1.,0.,0.));
#4658=DIRECTION('',(0.,0.,-1.));
#4659=DIRECTION('center_axis',(0.,0.,1.));
#4660=DIRECTION('ref_axis',(1.,0.,0.));
#4661=DIRECTION('center_axis',(0.,0.,-1.));
#4662=DIRECTION('ref_axis',(1.,0.,0.));
#4663=DIRECTION('',(0.,0.,-1.));
#4664=DIRECTION('center_axis',(0.,0.,1.));
#4665=DIRECTION('ref_axis',(1.,0.,0.));
#4666=DIRECTION('center_axis',(0.,0.,-1.));
#4667=DIRECTION('ref_axis',(1.,0.,0.));
#4668=DIRECTION('',(0.,0.,-1.));
#4669=DIRECTION('center_axis',(0.,0.,1.));
#4670=DIRECTION('ref_axis',(1.,0.,0.));
#4671=DIRECTION('center_axis',(0.,0.,-1.));
#4672=DIRECTION('ref_axis',(1.,0.,0.));
#4673=DIRECTION('',(0.,0.,-1.));
#4674=DIRECTION('center_axis',(0.,0.,1.));
#4675=DIRECTION('ref_axis',(1.,0.,0.));
#4676=DIRECTION('center_axis',(0.,0.,-1.));
#4677=DIRECTION('ref_axis',(1.,0.,0.));
#4678=DIRECTION('',(0.,0.,-1.));
#4679=DIRECTION('center_axis',(0.,0.,1.));
#4680=DIRECTION('ref_axis',(1.,0.,0.));
#4681=DIRECTION('center_axis',(0.,0.,-1.));
#4682=DIRECTION('ref_axis',(1.,0.,0.));
#4683=DIRECTION('',(0.,0.,-1.));
#4684=DIRECTION('center_axis',(0.,0.,1.));
#4685=DIRECTION('ref_axis',(1.,0.,0.));
#4686=DIRECTION('center_axis',(0.,0.,-1.));
#4687=DIRECTION('ref_axis',(1.,0.,0.));
#4688=DIRECTION('',(0.,0.,-1.));
#4689=DIRECTION('center_axis',(0.,0.,-1.));
#4690=DIRECTION('ref_axis',(1.,0.,0.));
#4691=DIRECTION('center_axis',(0.,0.,1.));
#4692=DIRECTION('ref_axis',(1.,0.,0.));
#4693=DIRECTION('center_axis',(0.,0.,1.));
#4694=DIRECTION('ref_axis',(1.,0.,0.));
#4695=DIRECTION('center_axis',(0.,0.,1.));
#4696=DIRECTION('ref_axis',(1.,0.,0.));
#4697=DIRECTION('',(0.,0.,-1.));
#4698=DIRECTION('center_axis',(0.,0.,1.));
#4699=DIRECTION('ref_axis',(1.,0.,0.));
#4700=DIRECTION('',(0.,0.,-1.));
#4701=DIRECTION('center_axis',(0.,0.,1.));
#4702=DIRECTION('ref_axis',(1.,0.,0.));
#4703=DIRECTION('center_axis',(0.,0.,-1.));
#4704=DIRECTION('ref_axis',(1.,0.,0.));
#4705=DIRECTION('center_axis',(0.,0.,1.));
#4706=DIRECTION('ref_axis',(1.,0.,0.));
#4707=DIRECTION('center_axis',(0.,0.,1.));
#4708=DIRECTION('ref_axis',(1.,0.,0.));
#4709=DIRECTION('center_axis',(0.,0.,1.));
#4710=DIRECTION('ref_axis',(1.,0.,0.));
#4711=DIRECTION('center_axis',(0.,0.,-1.));
#4712=DIRECTION('ref_axis',(1.,0.,0.));
#4713=DIRECTION('center_axis',(0.,0.,1.));
#4714=DIRECTION('ref_axis',(1.,0.,0.));
#4715=DIRECTION('center_axis',(0.,0.,1.));
#4716=DIRECTION('ref_axis',(1.,0.,0.));
#4717=DIRECTION('center_axis',(0.,0.,-1.));
#4718=DIRECTION('ref_axis',(1.,0.,0.));
#4719=DIRECTION('center_axis',(0.,0.,1.));
#4720=DIRECTION('ref_axis',(1.,0.,0.));
#4721=DIRECTION('center_axis',(0.,0.,1.));
#4722=DIRECTION('ref_axis',(1.,0.,0.));
#4723=DIRECTION('center_axis',(0.,0.,-1.));
#4724=DIRECTION('ref_axis',(1.,0.,0.));
#4725=DIRECTION('center_axis',(0.,0.,1.));
#4726=DIRECTION('ref_axis',(1.,0.,0.));
#4727=DIRECTION('center_axis',(0.,0.,1.));
#4728=DIRECTION('ref_axis',(1.,0.,0.));
#4729=DIRECTION('center_axis',(0.,0.,-1.));
#4730=DIRECTION('ref_axis',(1.,0.,0.));
#4731=DIRECTION('center_axis',(0.,0.,-1.));
#4732=DIRECTION('ref_axis',(1.,0.,0.));
#4733=DIRECTION('center_axis',(0.,0.,1.));
#4734=DIRECTION('ref_axis',(1.,0.,0.));
#4735=DIRECTION('',(-0.650791373455968,-7.96989572415562E-17,-0.759256602365297));
#4736=DIRECTION('center_axis',(0.,0.,-1.));
#4737=DIRECTION('ref_axis',(1.,0.,0.));
#4738=DIRECTION('center_axis',(0.,0.,-1.));
#4739=DIRECTION('ref_axis',(1.,0.,0.));
#4740=DIRECTION('center_axis',(0.,0.,1.));
#4741=DIRECTION('ref_axis',(1.,0.,0.));
#4742=DIRECTION('',(-0.658504607868518,-8.06435560249964E-17,-0.752576694706878));
#4743=DIRECTION('center_axis',(0.,0.,1.));
#4744=DIRECTION('ref_axis',(1.,0.,0.));
#4745=DIRECTION('center_axis',(0.,0.,1.));
#4746=DIRECTION('ref_axis',(1.,0.,0.));
#4747=DIRECTION('center_axis',(0.,0.,-1.));
#4748=DIRECTION('ref_axis',(1.,0.,0.));
#4749=DIRECTION('',(0.,0.,-1.));
#4750=DIRECTION('center_axis',(0.,0.,1.));
#4751=DIRECTION('ref_axis',(1.,0.,0.));
#4752=DIRECTION('center_axis',(0.,0.,-1.));
#4753=DIRECTION('ref_axis',(1.,0.,0.));
#4754=DIRECTION('',(0.,0.,-1.));
#4755=DIRECTION('center_axis',(0.,0.,1.));
#4756=DIRECTION('ref_axis',(1.,0.,0.));
#4757=DIRECTION('center_axis',(0.,0.,-1.));
#4758=DIRECTION('ref_axis',(1.,0.,0.));
#4759=DIRECTION('',(0.,0.,-1.));
#4760=DIRECTION('center_axis',(0.,0.,1.));
#4761=DIRECTION('ref_axis',(1.,0.,0.));
#4762=DIRECTION('center_axis',(0.,0.,-1.));
#4763=DIRECTION('ref_axis',(1.,0.,0.));
#4764=DIRECTION('',(0.,0.,-1.));
#4765=DIRECTION('center_axis',(0.,0.,1.));
#4766=DIRECTION('ref_axis',(1.,0.,0.));
#4767=DIRECTION('center_axis',(0.,0.,-1.));
#4768=DIRECTION('ref_axis',(1.,0.,0.));
#4769=DIRECTION('',(0.,0.,-1.));
#4770=DIRECTION('center_axis',(0.,0.,1.));
#4771=DIRECTION('ref_axis',(1.,0.,0.));
#4772=DIRECTION('center_axis',(0.,0.,-1.));
#4773=DIRECTION('ref_axis',(1.,0.,0.));
#4774=DIRECTION('',(0.,0.,-1.));
#4775=DIRECTION('center_axis',(0.,0.,1.));
#4776=DIRECTION('ref_axis',(1.,0.,0.));
#4777=DIRECTION('center_axis',(0.,0.,-1.));
#4778=DIRECTION('ref_axis',(1.,0.,0.));
#4779=DIRECTION('',(0.,0.,-1.));
#4780=DIRECTION('center_axis',(0.,0.,1.));
#4781=DIRECTION('ref_axis',(1.,0.,0.));
#4782=DIRECTION('center_axis',(0.,0.,-1.));
#4783=DIRECTION('ref_axis',(1.,0.,0.));
#4784=DIRECTION('',(0.,0.,-1.));
#4785=DIRECTION('center_axis',(0.,0.,1.));
#4786=DIRECTION('ref_axis',(1.,0.,0.));
#4787=DIRECTION('center_axis',(0.,0.,-1.));
#4788=DIRECTION('ref_axis',(1.,0.,0.));
#4789=DIRECTION('',(0.,0.,-1.));
#4790=DIRECTION('center_axis',(0.,0.,-1.));
#4791=DIRECTION('ref_axis',(1.,0.,0.));
#4792=DIRECTION('center_axis',(0.,0.,1.));
#4793=DIRECTION('ref_axis',(1.,0.,0.));
#4794=DIRECTION('center_axis',(0.,0.,1.));
#4795=DIRECTION('ref_axis',(1.,0.,0.));
#4796=DIRECTION('center_axis',(0.,0.,1.));
#4797=DIRECTION('ref_axis',(1.,0.,0.));
#4798=DIRECTION('',(0.,0.,-1.));
#4799=DIRECTION('center_axis',(0.,0.,1.));
#4800=DIRECTION('ref_axis',(1.,0.,0.));
#4801=DIRECTION('',(0.,0.,-1.));
#4802=DIRECTION('center_axis',(0.,0.,1.));
#4803=DIRECTION('ref_axis',(1.,0.,0.));
#4804=DIRECTION('center_axis',(0.,0.,-1.));
#4805=DIRECTION('ref_axis',(1.,0.,0.));
#4806=DIRECTION('center_axis',(0.,-1.,0.));
#4807=DIRECTION('ref_axis',(-1.,0.,0.));
#4808=DIRECTION('center_axis',(0.,0.,1.));
#4809=DIRECTION('ref_axis',(1.,0.,0.));
#4810=DIRECTION('center_axis',(0.,0.,1.));
#4811=DIRECTION('ref_axis',(1.,0.,0.));
#4812=DIRECTION('',(0.,0.,-1.));
#4813=DIRECTION('center_axis',(0.,0.,-1.));
#4814=DIRECTION('ref_axis',(1.,0.,0.));
#4815=DIRECTION('center_axis',(0.,0.,1.));
#4816=DIRECTION('ref_axis',(1.,0.,0.));
#4817=DIRECTION('center_axis',(0.,0.,1.));
#4818=DIRECTION('ref_axis',(1.,0.,0.));
#4819=DIRECTION('center_axis',(0.,0.,-1.));
#4820=DIRECTION('ref_axis',(1.,0.,0.));
#4821=DIRECTION('center_axis',(0.,-1.,0.));
#4822=DIRECTION('ref_axis',(-1.,0.,0.));
#4823=DIRECTION('center_axis',(0.,0.,1.));
#4824=DIRECTION('ref_axis',(1.,0.,0.));
#4825=DIRECTION('center_axis',(0.,0.,1.));
#4826=DIRECTION('ref_axis',(1.,0.,0.));
#4827=DIRECTION('',(0.,0.,-1.));
#4828=DIRECTION('center_axis',(0.,0.,-1.));
#4829=DIRECTION('ref_axis',(1.,0.,0.));
#4830=DIRECTION('center_axis',(0.,0.,1.));
#4831=DIRECTION('ref_axis',(1.,0.,0.));
#4832=DIRECTION('center_axis',(0.,0.,1.));
#4833=DIRECTION('ref_axis',(1.,0.,0.));
#4834=DIRECTION('center_axis',(0.,0.,-1.));
#4835=DIRECTION('ref_axis',(1.,0.,0.));
#4836=DIRECTION('center_axis',(0.,-1.,0.));
#4837=DIRECTION('ref_axis',(-1.,0.,0.));
#4838=DIRECTION('center_axis',(0.,0.,1.));
#4839=DIRECTION('ref_axis',(1.,0.,0.));
#4840=DIRECTION('center_axis',(0.,0.,1.));
#4841=DIRECTION('ref_axis',(1.,0.,0.));
#4842=DIRECTION('',(0.,0.,-1.));
#4843=DIRECTION('center_axis',(0.,0.,-1.));
#4844=DIRECTION('ref_axis',(1.,0.,0.));
#4845=DIRECTION('center_axis',(0.,0.,1.));
#4846=DIRECTION('ref_axis',(1.,0.,0.));
#4847=DIRECTION('center_axis',(0.,0.,1.));
#4848=DIRECTION('ref_axis',(1.,0.,0.));
#4849=DIRECTION('center_axis',(0.,0.,-1.));
#4850=DIRECTION('ref_axis',(1.,0.,0.));
#4851=DIRECTION('center_axis',(0.,-1.,0.));
#4852=DIRECTION('ref_axis',(-1.,0.,0.));
#4853=DIRECTION('center_axis',(0.,0.,1.));
#4854=DIRECTION('ref_axis',(1.,0.,0.));
#4855=DIRECTION('center_axis',(0.,0.,1.));
#4856=DIRECTION('ref_axis',(1.,0.,0.));
#4857=DIRECTION('',(0.,0.,-1.));
#4858=DIRECTION('center_axis',(0.,0.,-1.));
#4859=DIRECTION('ref_axis',(1.,0.,0.));
#4860=DIRECTION('center_axis',(0.,0.,1.));
#4861=DIRECTION('ref_axis',(1.,0.,0.));
#4862=DIRECTION('center_axis',(0.,0.,1.));
#4863=DIRECTION('ref_axis',(1.,0.,0.));
#4864=DIRECTION('center_axis',(0.,0.,-1.));
#4865=DIRECTION('ref_axis',(1.,0.,0.));
#4866=DIRECTION('center_axis',(0.,-1.,0.));
#4867=DIRECTION('ref_axis',(-1.,0.,0.));
#4868=DIRECTION('center_axis',(0.,0.,1.));
#4869=DIRECTION('ref_axis',(1.,0.,0.));
#4870=DIRECTION('center_axis',(0.,0.,1.));
#4871=DIRECTION('ref_axis',(1.,0.,0.));
#4872=DIRECTION('',(0.,0.,-1.));
#4873=DIRECTION('center_axis',(0.,0.,-1.));
#4874=DIRECTION('ref_axis',(1.,0.,0.));
#4875=DIRECTION('center_axis',(0.,0.,1.));
#4876=DIRECTION('ref_axis',(1.,0.,0.));
#4877=DIRECTION('center_axis',(0.,0.,1.));
#4878=DIRECTION('ref_axis',(1.,0.,0.));
#4879=DIRECTION('center_axis',(0.,0.,-1.));
#4880=DIRECTION('ref_axis',(1.,0.,0.));
#4881=DIRECTION('center_axis',(0.,-1.,0.));
#4882=DIRECTION('ref_axis',(-1.,0.,0.));
#4883=DIRECTION('center_axis',(0.,0.,1.));
#4884=DIRECTION('ref_axis',(1.,0.,0.));
#4885=DIRECTION('center_axis',(0.,0.,1.));
#4886=DIRECTION('ref_axis',(1.,0.,0.));
#4887=DIRECTION('',(0.,0.,-1.));
#4888=DIRECTION('center_axis',(0.,0.,-1.));
#4889=DIRECTION('ref_axis',(1.,0.,0.));
#4890=DIRECTION('center_axis',(0.,0.,1.));
#4891=DIRECTION('ref_axis',(1.,0.,0.));
#4892=DIRECTION('center_axis',(0.,0.,1.));
#4893=DIRECTION('ref_axis',(1.,0.,0.));
#4894=DIRECTION('center_axis',(0.,0.,-1.));
#4895=DIRECTION('ref_axis',(1.,0.,0.));
#4896=DIRECTION('center_axis',(0.,-1.,0.));
#4897=DIRECTION('ref_axis',(-1.,0.,0.));
#4898=DIRECTION('center_axis',(0.,0.,1.));
#4899=DIRECTION('ref_axis',(1.,0.,0.));
#4900=DIRECTION('center_axis',(0.,0.,1.));
#4901=DIRECTION('ref_axis',(1.,0.,0.));
#4902=DIRECTION('',(0.,0.,-1.));
#4903=DIRECTION('center_axis',(0.,0.,-1.));
#4904=DIRECTION('ref_axis',(1.,0.,0.));
#4905=DIRECTION('center_axis',(0.,0.,1.));
#4906=DIRECTION('ref_axis',(1.,0.,0.));
#4907=DIRECTION('center_axis',(0.,0.,1.));
#4908=DIRECTION('ref_axis',(1.,0.,0.));
#4909=DIRECTION('center_axis',(0.,0.,-1.));
#4910=DIRECTION('ref_axis',(1.,0.,0.));
#4911=DIRECTION('center_axis',(0.,-1.,0.));
#4912=DIRECTION('ref_axis',(-1.,0.,0.));
#4913=DIRECTION('center_axis',(0.,0.,1.));
#4914=DIRECTION('ref_axis',(1.,0.,0.));
#4915=DIRECTION('center_axis',(0.,0.,1.));
#4916=DIRECTION('ref_axis',(1.,0.,0.));
#4917=DIRECTION('',(0.,0.,-1.));
#4918=DIRECTION('center_axis',(0.,0.,-1.));
#4919=DIRECTION('ref_axis',(1.,0.,0.));
#4920=DIRECTION('center_axis',(0.,0.,1.));
#4921=DIRECTION('ref_axis',(1.,0.,0.));
#4922=DIRECTION('center_axis',(1.,0.,0.));
#4923=DIRECTION('ref_axis',(0.,0.70710678118654,0.707106781186555));
#4924=DIRECTION('center_axis',(1.,0.,0.));
#4925=DIRECTION('ref_axis',(0.,0.70710678118654,0.707106781186555));
#4926=DIRECTION('',(-1.,0.,0.));
#4927=DIRECTION('center_axis',(-1.,0.,0.));
#4928=DIRECTION('ref_axis',(0.,0.70710678118654,0.707106781186555));
#4929=DIRECTION('',(1.,0.,0.));
#4930=DIRECTION('center_axis',(0.,0.,1.));
#4931=DIRECTION('ref_axis',(1.,0.,0.));
#4932=DIRECTION('',(0.,1.,0.));
#4933=DIRECTION('',(0.,-1.,0.));
#4934=DIRECTION('',(-1.,0.,0.));
#4935=DIRECTION('',(0.,-1.,0.));
#4936=DIRECTION('',(1.,0.,0.));
#4937=DIRECTION('',(0.,-1.,0.));
#4938=DIRECTION('',(-1.,0.,0.));
#4939=DIRECTION('center_axis',(0.,0.,-1.));
#4940=DIRECTION('ref_axis',(1.,0.,0.));
#4941=DIRECTION('center_axis',(0.,0.,-1.));
#4942=DIRECTION('ref_axis',(1.,0.,0.));
#4943=DIRECTION('center_axis',(0.,0.,-1.));
#4944=DIRECTION('ref_axis',(1.,0.,0.));
#4945=DIRECTION('center_axis',(0.,0.,-1.));
#4946=DIRECTION('ref_axis',(1.,0.,0.));
#4947=DIRECTION('center_axis',(-1.,0.,0.));
#4948=DIRECTION('ref_axis',(0.,-0.707106781186548,0.707106781186547));
#4949=DIRECTION('center_axis',(-1.,0.,0.));
#4950=DIRECTION('ref_axis',(0.,-0.707106781186548,0.707106781186547));
#4951=DIRECTION('',(1.,0.,0.));
#4952=DIRECTION('center_axis',(1.,0.,0.));
#4953=DIRECTION('ref_axis',(0.,-0.707106781186548,0.707106781186547));
#4954=DIRECTION('',(-1.,0.,0.));
#4955=DIRECTION('center_axis',(0.,0.,1.));
#4956=DIRECTION('ref_axis',(1.,0.,0.));
#4957=DIRECTION('',(0.,-1.,0.));
#4958=DIRECTION('',(0.,1.,0.));
#4959=DIRECTION('',(-1.,0.,0.));
#4960=DIRECTION('',(0.,-1.,0.));
#4961=DIRECTION('',(1.,0.,0.));
#4962=DIRECTION('',(0.,1.,0.));
#4963=DIRECTION('',(-1.,0.,0.));
#4964=DIRECTION('center_axis',(0.,0.,-1.));
#4965=DIRECTION('ref_axis',(-1.,0.,0.));
#4966=DIRECTION('center_axis',(0.,0.,1.));
#4967=DIRECTION('ref_axis',(1.,0.,0.));
#4968=DIRECTION('center_axis',(0.,-1.,0.));
#4969=DIRECTION('ref_axis',(1.,0.,0.));
#4970=DIRECTION('center_axis',(0.,0.,-1.));
#4971=DIRECTION('ref_axis',(1.,0.,0.));
#4972=DIRECTION('center_axis',(0.,0.,1.));
#4973=DIRECTION('ref_axis',(1.,0.,0.));
#4974=DIRECTION('center_axis',(0.,0.,1.));
#4975=DIRECTION('ref_axis',(1.,0.,0.));
#4976=DIRECTION('center_axis',(0.,0.,1.));
#4977=DIRECTION('ref_axis',(1.,0.,0.));
#4978=DIRECTION('',(0.,0.,1.));
#4979=DIRECTION('center_axis',(0.,0.,-1.));
#4980=DIRECTION('ref_axis',(-1.,0.,0.));
#4981=DIRECTION('center_axis',(0.,0.,1.));
#4982=DIRECTION('ref_axis',(1.,0.,0.));
#4983=DIRECTION('center_axis',(0.,-1.,0.));
#4984=DIRECTION('ref_axis',(1.,0.,0.));
#4985=DIRECTION('center_axis',(0.,0.,-1.));
#4986=DIRECTION('ref_axis',(1.,0.,0.));
#4987=DIRECTION('center_axis',(0.,0.,1.));
#4988=DIRECTION('ref_axis',(1.,0.,0.));
#4989=DIRECTION('center_axis',(0.,0.,1.));
#4990=DIRECTION('ref_axis',(1.,0.,0.));
#4991=DIRECTION('center_axis',(0.,0.,1.));
#4992=DIRECTION('ref_axis',(1.,0.,0.));
#4993=DIRECTION('',(0.,0.,1.));
#4994=DIRECTION('center_axis',(0.,0.,-1.));
#4995=DIRECTION('ref_axis',(-1.,0.,0.));
#4996=DIRECTION('center_axis',(0.,0.,1.));
#4997=DIRECTION('ref_axis',(1.,0.,0.));
#4998=DIRECTION('center_axis',(0.,-1.,0.));
#4999=DIRECTION('ref_axis',(1.,0.,0.));
#5000=DIRECTION('center_axis',(0.,0.,-1.));
#5001=DIRECTION('ref_axis',(1.,0.,0.));
#5002=DIRECTION('center_axis',(0.,0.,1.));
#5003=DIRECTION('ref_axis',(1.,0.,0.));
#5004=DIRECTION('center_axis',(0.,0.,1.));
#5005=DIRECTION('ref_axis',(1.,0.,0.));
#5006=DIRECTION('center_axis',(0.,0.,1.));
#5007=DIRECTION('ref_axis',(1.,0.,0.));
#5008=DIRECTION('',(0.,0.,1.));
#5009=DIRECTION('center_axis',(0.,0.,-1.));
#5010=DIRECTION('ref_axis',(-1.,0.,0.));
#5011=DIRECTION('center_axis',(0.,0.,1.));
#5012=DIRECTION('ref_axis',(1.,0.,0.));
#5013=DIRECTION('center_axis',(0.,-1.,0.));
#5014=DIRECTION('ref_axis',(1.,0.,0.));
#5015=DIRECTION('center_axis',(0.,0.,-1.));
#5016=DIRECTION('ref_axis',(1.,0.,0.));
#5017=DIRECTION('center_axis',(0.,0.,1.));
#5018=DIRECTION('ref_axis',(1.,0.,0.));
#5019=DIRECTION('center_axis',(0.,0.,1.));
#5020=DIRECTION('ref_axis',(1.,0.,0.));
#5021=DIRECTION('center_axis',(0.,0.,1.));
#5022=DIRECTION('ref_axis',(1.,0.,0.));
#5023=DIRECTION('',(0.,0.,1.));
#5024=DIRECTION('center_axis',(0.,0.,-1.));
#5025=DIRECTION('ref_axis',(-1.,0.,0.));
#5026=DIRECTION('center_axis',(0.,0.,1.));
#5027=DIRECTION('ref_axis',(1.,0.,0.));
#5028=DIRECTION('center_axis',(0.,-1.,0.));
#5029=DIRECTION('ref_axis',(1.,0.,0.));
#5030=DIRECTION('center_axis',(0.,0.,-1.));
#5031=DIRECTION('ref_axis',(1.,0.,0.));
#5032=DIRECTION('center_axis',(0.,0.,1.));
#5033=DIRECTION('ref_axis',(1.,0.,0.));
#5034=DIRECTION('center_axis',(0.,0.,1.));
#5035=DIRECTION('ref_axis',(1.,0.,0.));
#5036=DIRECTION('center_axis',(0.,0.,1.));
#5037=DIRECTION('ref_axis',(1.,0.,0.));
#5038=DIRECTION('center_axis',(0.,0.,-1.));
#5039=DIRECTION('ref_axis',(1.,0.,0.));
#5040=DIRECTION('center_axis',(0.,0.,-1.));
#5041=DIRECTION('ref_axis',(1.,0.,0.));
#5042=DIRECTION('',(0.,1.,0.));
#5043=DIRECTION('',(-1.,0.,0.));
#5044=DIRECTION('',(0.,-1.,0.));
#5045=DIRECTION('',(1.,0.,0.));
#5046=DIRECTION('center_axis',(0.,0.,-1.));
#5047=DIRECTION('ref_axis',(1.,0.,0.));
#5048=DIRECTION('center_axis',(0.,0.,1.));
#5049=DIRECTION('ref_axis',(1.,0.,0.));
#5050=DIRECTION('center_axis',(0.,0.,-1.));
#5051=DIRECTION('ref_axis',(1.,0.,0.));
#5052=DIRECTION('',(0.,0.,-1.));
#5053=DIRECTION('center_axis',(0.,0.,-1.));
#5054=DIRECTION('ref_axis',(1.,0.,0.));
#5055=DIRECTION('center_axis',(0.,0.,-1.));
#5056=DIRECTION('ref_axis',(-1.,0.,0.));
#5057=DIRECTION('center_axis',(0.,0.,1.));
#5058=DIRECTION('ref_axis',(1.,0.,0.));
#5059=DIRECTION('center_axis',(0.,-1.,0.));
#5060=DIRECTION('ref_axis',(1.,0.,0.));
#5061=DIRECTION('center_axis',(0.,0.,1.));
#5062=DIRECTION('ref_axis',(1.,0.,0.));
#5063=DIRECTION('center_axis',(0.,0.,1.));
#5064=DIRECTION('ref_axis',(1.,0.,0.));
#5065=DIRECTION('center_axis',(0.,0.,-1.));
#5066=DIRECTION('ref_axis',(1.,0.,0.));
#5067=DIRECTION('',(0.,0.,-1.));
#5068=DIRECTION('center_axis',(0.,0.,-1.));
#5069=DIRECTION('ref_axis',(1.,0.,0.));
#5070=DIRECTION('center_axis',(0.,0.,-1.));
#5071=DIRECTION('ref_axis',(-1.,0.,0.));
#5072=DIRECTION('center_axis',(0.,0.,1.));
#5073=DIRECTION('ref_axis',(1.,0.,0.));
#5074=DIRECTION('center_axis',(0.,-1.,0.));
#5075=DIRECTION('ref_axis',(1.,0.,0.));
#5076=DIRECTION('center_axis',(0.,0.,1.));
#5077=DIRECTION('ref_axis',(1.,0.,0.));
#5078=DIRECTION('center_axis',(0.,0.,1.));
#5079=DIRECTION('ref_axis',(1.,0.,0.));
#5080=DIRECTION('center_axis',(0.,0.,-1.));
#5081=DIRECTION('ref_axis',(1.,0.,0.));
#5082=DIRECTION('',(0.,0.,-1.));
#5083=DIRECTION('center_axis',(0.,0.,-1.));
#5084=DIRECTION('ref_axis',(1.,0.,0.));
#5085=DIRECTION('center_axis',(0.,0.,-1.));
#5086=DIRECTION('ref_axis',(-1.,0.,0.));
#5087=DIRECTION('center_axis',(0.,0.,1.));
#5088=DIRECTION('ref_axis',(1.,0.,0.));
#5089=DIRECTION('center_axis',(0.,-1.,0.));
#5090=DIRECTION('ref_axis',(1.,0.,0.));
#5091=DIRECTION('center_axis',(0.,0.,1.));
#5092=DIRECTION('ref_axis',(1.,0.,0.));
#5093=DIRECTION('center_axis',(0.,0.,1.));
#5094=DIRECTION('ref_axis',(1.,0.,0.));
#5095=DIRECTION('center_axis',(0.,0.,-1.));
#5096=DIRECTION('ref_axis',(1.,0.,0.));
#5097=DIRECTION('',(0.,0.,-1.));
#5098=DIRECTION('center_axis',(0.,0.,-1.));
#5099=DIRECTION('ref_axis',(1.,0.,0.));
#5100=DIRECTION('center_axis',(0.,1.,0.));
#5101=DIRECTION('ref_axis',(-0.707106781186547,0.,-0.707106781186548));
#5102=DIRECTION('center_axis',(0.707106781186548,0.707106781186547,0.));
#5103=DIRECTION('ref_axis',(0.707106781186547,-0.707106781186548,0.));
#5104=DIRECTION('',(0.,1.,0.));
#5105=DIRECTION('center_axis',(-0.707106781186548,0.707106781186547,0.));
#5106=DIRECTION('ref_axis',(0.707106781186547,0.707106781186548,0.));
#5107=DIRECTION('center_axis',(0.,-1.,0.));
#5108=DIRECTION('ref_axis',(0.707106781186547,0.,-0.707106781186548));
#5109=DIRECTION('center_axis',(-0.707106781186548,-0.707106781186547,0.));
#5110=DIRECTION('ref_axis',(-0.707106781186547,0.707106781186548,0.));
#5111=DIRECTION('',(0.,-1.,0.));
#5112=DIRECTION('center_axis',(-0.707106781186548,0.707106781186547,0.));
#5113=DIRECTION('ref_axis',(0.707106781186547,0.707106781186548,0.));
#5114=DIRECTION('center_axis',(-1.,0.,0.));
#5115=DIRECTION('ref_axis',(0.,-0.707106781186548,-0.707106781186547));
#5116=DIRECTION('',(-1.,0.,0.));
#5117=DIRECTION('center_axis',(1.,0.,0.));
#5118=DIRECTION('ref_axis',(0.,0.707106781186546,-0.707106781186549));
#5119=DIRECTION('',(1.,0.,0.));
#5120=DIRECTION('center_axis',(0.,-1.,0.));
#5121=DIRECTION('ref_axis',(1.,0.,0.));
#5122=DIRECTION('',(0.,0.,1.));
#5123=DIRECTION('',(0.,0.,1.));
#5124=DIRECTION('center_axis',(-1.,0.,0.));
#5125=DIRECTION('ref_axis',(0.,-1.,0.));
#5126=DIRECTION('',(0.,0.,1.));
#5127=DIRECTION('',(0.,0.,-1.));
#5128=DIRECTION('',(0.,1.,0.));
#5129=DIRECTION('',(0.,0.,1.));
#5130=DIRECTION('center_axis',(0.,-1.,0.));
#5131=DIRECTION('ref_axis',(-0.707106781186548,0.,0.707106781186548));
#5132=DIRECTION('',(0.,-1.,0.));
#5133=DIRECTION('center_axis',(-0.707106781186548,0.707106781186547,0.));
#5134=DIRECTION('ref_axis',(0.707106781186547,0.707106781186548,0.));
#5135=DIRECTION('',(0.,1.,0.));
#5136=DIRECTION('center_axis',(-0.707106781186548,-0.707106781186547,7.85046229341888E-16));
#5137=DIRECTION('ref_axis',(-0.707106781186547,0.707106781186548,7.85046229341887E-16));
#5138=DIRECTION('center_axis',(0.,1.,0.));
#5139=DIRECTION('ref_axis',(0.70710678118655,0.,0.707106781186545));
#5140=DIRECTION('',(0.,-1.,0.));
#5141=DIRECTION('center_axis',(-0.707106781186546,0.707106781186549,3.14018491736756E-15));
#5142=DIRECTION('ref_axis',(-0.707106781186549,-0.707106781186546,3.14018491736757E-15));
#5143=DIRECTION('',(0.,1.,0.));
#5144=DIRECTION('center_axis',(-0.707106781186546,-0.707106781186549,0.));
#5145=DIRECTION('ref_axis',(0.707106781186549,-0.707106781186546,0.));
#5146=DIRECTION('center_axis',(0.,-1.,0.));
#5147=DIRECTION('ref_axis',(-0.707106781186548,0.,0.707106781186547));
#5148=DIRECTION('',(0.,-1.,0.));
#5149=DIRECTION('center_axis',(0.707106781186546,0.707106781186549,0.));
#5150=DIRECTION('ref_axis',(-0.707106781186549,0.707106781186546,0.));
#5151=DIRECTION('',(0.,1.,0.));
#5152=DIRECTION('center_axis',(0.707106781186548,-0.707106781186548,0.));
#5153=DIRECTION('ref_axis',(0.707106781186547,0.707106781186547,0.));
#5154=DIRECTION('center_axis',(-1.,0.,0.));
#5155=DIRECTION('ref_axis',(0.,0.707106781186548,0.707106781186547));
#5156=DIRECTION('',(1.,0.,0.));
#5157=DIRECTION('center_axis',(-0.707106781186548,0.707106781186547,0.));
#5158=DIRECTION('ref_axis',(0.707106781186547,0.707106781186548,0.));
#5159=DIRECTION('',(-1.,0.,0.));
#5160=DIRECTION('center_axis',(-1.,0.,0.));
#5161=DIRECTION('ref_axis',(0.,0.707106781186547,0.707106781186548));
#5162=DIRECTION('',(-1.,0.,0.));
#5163=DIRECTION('center_axis',(0.707106781186546,-0.707106781186549,0.));
#5164=DIRECTION('ref_axis',(0.707106781186549,0.707106781186546,0.));
#5165=DIRECTION('',(1.,0.,0.));
#5166=DIRECTION('center_axis',(0.,1.,0.));
#5167=DIRECTION('ref_axis',(0.707106781186548,0.,0.707106781186548));
#5168=DIRECTION('',(0.,-1.,0.));
#5169=DIRECTION('center_axis',(0.707106781186548,0.707106781186547,-7.85046229341888E-16));
#5170=DIRECTION('ref_axis',(0.707106781186547,-0.707106781186548,-7.85046229341887E-16));
#5171=DIRECTION('center_axis',(0.,1.,0.));
#5172=DIRECTION('ref_axis',(0.707106781186548,0.,0.707106781186547));
#5173=DIRECTION('',(0.,1.,0.));
#5174=DIRECTION('center_axis',(-0.707106781186548,-0.707106781186548,0.));
#5175=DIRECTION('ref_axis',(0.707106781186547,-0.707106781186547,0.));
#5176=DIRECTION('',(0.,-1.,0.));
#5177=DIRECTION('center_axis',(1.,0.,0.));
#5178=DIRECTION('ref_axis',(0.,-0.707106781186547,0.707106781186548));
#5179=DIRECTION('',(-1.,0.,0.));
#5180=DIRECTION('',(1.,0.,0.));
#5181=DIRECTION('center_axis',(1.,0.,0.));
#5182=DIRECTION('ref_axis',(0.,-0.707106781186547,0.707106781186548));
#5183=DIRECTION('',(1.,0.,0.));
#5184=DIRECTION('',(-1.,0.,0.));
#5185=DIRECTION('center_axis',(1.,0.,0.));
#5186=DIRECTION('ref_axis',(0.,-0.707106781186547,0.707106781186548));
#5187=DIRECTION('',(-1.,0.,0.));
#5188=DIRECTION('',(1.,0.,0.));
#5189=DIRECTION('center_axis',(-0.707106781186546,0.707106781186549,0.));
#5190=DIRECTION('ref_axis',(-0.707106781186549,-0.707106781186546,0.));
#5191=DIRECTION('center_axis',(0.,-1.,0.));
#5192=DIRECTION('ref_axis',(-0.70710678118655,0.,0.707106781186545));
#5193=DIRECTION('',(0.,1.,0.));
#5194=DIRECTION('',(0.,-1.,0.));
#5195=DIRECTION('center_axis',(0.707106781186548,0.707106781186548,0.));
#5196=DIRECTION('ref_axis',(-0.707106781186548,0.707106781186548,0.));
#5197=DIRECTION('center_axis',(-1.,0.,0.));
#5198=DIRECTION('ref_axis',(0.,0.707106781186548,0.707106781186547));
#5199=DIRECTION('',(1.,0.,0.));
#5200=DIRECTION('',(-1.,0.,0.));
#5201=DIRECTION('center_axis',(0.,-1.,0.));
#5202=DIRECTION('ref_axis',(1.,0.,0.));
#5203=DIRECTION('',(0.,0.,1.));
#5204=DIRECTION('center_axis',(0.,1.,0.));
#5205=DIRECTION('ref_axis',(-1.,0.,0.));
#5206=DIRECTION('',(0.,0.,1.));
#5207=DIRECTION('center_axis',(-1.,0.,0.));
#5208=DIRECTION('ref_axis',(0.,-1.,0.));
#5209=DIRECTION('',(0.,0.,1.));
#5210=DIRECTION('center_axis',(0.,-1.,0.));
#5211=DIRECTION('ref_axis',(1.,0.,0.));
#5212=DIRECTION('',(0.,0.,1.));
#5213=DIRECTION('center_axis',(1.,0.,0.));
#5214=DIRECTION('ref_axis',(0.,1.,0.));
#5215=DIRECTION('',(0.,0.,1.));
#5216=DIRECTION('center_axis',(0.,0.,1.));
#5217=DIRECTION('ref_axis',(1.,0.,0.));
#5218=DIRECTION('center_axis',(0.,0.,-1.));
#5219=DIRECTION('ref_axis',(1.,0.,0.));
#5220=DIRECTION('center_axis',(0.,0.,1.));
#5221=DIRECTION('ref_axis',(1.,0.,0.));
#5222=DIRECTION('center_axis',(0.,0.,1.));
#5223=DIRECTION('ref_axis',(1.,0.,0.));
#5224=DIRECTION('center_axis',(0.,0.,1.));
#5225=DIRECTION('ref_axis',(1.,0.,0.));
#5226=DIRECTION('center_axis',(0.,0.,1.));
#5227=DIRECTION('ref_axis',(1.,0.,0.));
#5228=DIRECTION('center_axis',(0.,0.,-1.));
#5229=DIRECTION('ref_axis',(-1.,0.,0.));
#5230=DIRECTION('center_axis',(0.,-1.,0.));
#5231=DIRECTION('ref_axis',(1.,0.,0.));
#5232=DIRECTION('center_axis',(0.,0.,-1.));
#5233=DIRECTION('ref_axis',(-1.,0.,0.));
#5234=DIRECTION('center_axis',(0.,-1.,0.));
#5235=DIRECTION('ref_axis',(1.,0.,0.));
#5236=DIRECTION('center_axis',(0.,0.,-1.));
#5237=DIRECTION('ref_axis',(-1.,0.,0.));
#5238=DIRECTION('center_axis',(0.,-1.,0.));
#5239=DIRECTION('ref_axis',(1.,0.,0.));
#5240=DIRECTION('center_axis',(0.,0.,-1.));
#5241=DIRECTION('ref_axis',(-1.,0.,0.));
#5242=DIRECTION('center_axis',(0.,-1.,0.));
#5243=DIRECTION('ref_axis',(1.,0.,0.));
#5244=DIRECTION('center_axis',(0.,0.,1.));
#5245=DIRECTION('ref_axis',(1.,0.,0.));
#5246=DIRECTION('center_axis',(1.22464679914735E-16,-1.,0.));
#5247=DIRECTION('ref_axis',(-1.,-1.22464679914735E-16,0.));
#5248=DIRECTION('center_axis',(0.,0.,1.));
#5249=DIRECTION('ref_axis',(1.,0.,0.));
#5250=DIRECTION('center_axis',(0.,0.,1.));
#5251=DIRECTION('ref_axis',(1.,0.,0.));
#5252=DIRECTION('',(0.,0.,-1.));
#5253=DIRECTION('center_axis',(0.,0.,-1.));
#5254=DIRECTION('ref_axis',(1.,0.,0.));
#5255=DIRECTION('center_axis',(0.,0.,1.));
#5256=DIRECTION('ref_axis',(1.,0.,0.));
#5257=DIRECTION('center_axis',(1.22464679914735E-16,-1.,0.));
#5258=DIRECTION('ref_axis',(-1.,-1.22464679914735E-16,0.));
#5259=DIRECTION('center_axis',(0.,1.,0.));
#5260=DIRECTION('ref_axis',(-1.,0.,0.));
#5261=DIRECTION('',(0.,0.,1.));
#5262=DIRECTION('center_axis',(0.,1.,0.));
#5263=DIRECTION('ref_axis',(-1.,0.,0.));
#5264=DIRECTION('',(0.,0.,1.));
#5265=DIRECTION('center_axis',(1.,0.,0.));
#5266=DIRECTION('ref_axis',(0.,1.,0.));
#5267=DIRECTION('',(0.,0.,1.));
#5268=DIRECTION('center_axis',(-1.,0.,0.));
#5269=DIRECTION('ref_axis',(0.,-1.,0.));
#5270=DIRECTION('',(0.,0.,1.));
#5271=DIRECTION('center_axis',(0.,1.,0.));
#5272=DIRECTION('ref_axis',(-1.,0.,0.));
#5273=DIRECTION('',(0.,0.,1.));
#5274=DIRECTION('center_axis',(1.,0.,0.));
#5275=DIRECTION('ref_axis',(0.,1.,0.));
#5276=DIRECTION('',(0.,0.,1.));
#5277=DIRECTION('center_axis',(0.,-1.,0.));
#5278=DIRECTION('ref_axis',(1.,0.,0.));
#5279=DIRECTION('center_axis',(0.,0.,1.));
#5280=DIRECTION('ref_axis',(1.,0.,0.));
#5281=DIRECTION('center_axis',(0.,0.,-1.));
#5282=DIRECTION('ref_axis',(1.,0.,0.));
#5283=DIRECTION('center_axis',(0.,0.,1.));
#5284=DIRECTION('ref_axis',(1.,0.,0.));
#5285=DIRECTION('center_axis',(0.,0.,1.));
#5286=DIRECTION('ref_axis',(1.,0.,0.));
#5287=DIRECTION('center_axis',(0.,0.,1.));
#5288=DIRECTION('ref_axis',(1.,0.,0.));
#5289=DIRECTION('center_axis',(0.,0.,-1.));
#5290=DIRECTION('ref_axis',(1.,0.,0.));
#5291=DIRECTION('center_axis',(0.,0.,1.));
#5292=DIRECTION('ref_axis',(1.,0.,0.));
#5293=DIRECTION('center_axis',(0.,0.,1.));
#5294=DIRECTION('ref_axis',(1.,0.,0.));
#5295=DIRECTION('center_axis',(0.,0.,-1.));
#5296=DIRECTION('ref_axis',(1.,0.,0.));
#5297=DIRECTION('center_axis',(0.,0.,1.));
#5298=DIRECTION('ref_axis',(1.,0.,0.));
#5299=DIRECTION('center_axis',(0.,0.,1.));
#5300=DIRECTION('ref_axis',(1.,0.,0.));
#5301=DIRECTION('center_axis',(0.,0.,-1.));
#5302=DIRECTION('ref_axis',(1.,0.,0.));
#5303=DIRECTION('center_axis',(0.,0.,1.));
#5304=DIRECTION('ref_axis',(1.,0.,0.));
#5305=DIRECTION('center_axis',(0.,0.,1.));
#5306=DIRECTION('ref_axis',(1.,0.,0.));
#5307=DIRECTION('center_axis',(0.,0.,-1.));
#5308=DIRECTION('ref_axis',(1.,0.,0.));
#5309=DIRECTION('center_axis',(0.,0.,-1.));
#5310=DIRECTION('ref_axis',(1.,0.,0.));
#5311=DIRECTION('center_axis',(0.,0.,1.));
#5312=DIRECTION('ref_axis',(1.,0.,0.));
#5313=DIRECTION('',(-0.650791373455968,-7.96989572415562E-17,-0.759256602365297));
#5314=DIRECTION('center_axis',(0.,0.,-1.));
#5315=DIRECTION('ref_axis',(1.,0.,0.));
#5316=DIRECTION('center_axis',(0.,0.,-1.));
#5317=DIRECTION('ref_axis',(1.,0.,0.));
#5318=DIRECTION('center_axis',(0.,0.,1.));
#5319=DIRECTION('ref_axis',(1.,0.,0.));
#5320=DIRECTION('',(-0.658504607868518,-8.06435560249964E-17,-0.752576694706878));
#5321=DIRECTION('center_axis',(0.,0.,1.));
#5322=DIRECTION('ref_axis',(1.,0.,0.));
#5323=DIRECTION('center_axis',(0.,0.,1.));
#5324=DIRECTION('ref_axis',(1.,0.,0.));
#5325=DIRECTION('center_axis',(0.,0.,-1.));
#5326=DIRECTION('ref_axis',(1.,0.,0.));
#5327=DIRECTION('',(0.,0.,-1.));
#5328=DIRECTION('center_axis',(0.,0.,1.));
#5329=DIRECTION('ref_axis',(1.,0.,0.));
#5330=DIRECTION('center_axis',(0.,0.,-1.));
#5331=DIRECTION('ref_axis',(1.,0.,0.));
#5332=DIRECTION('',(0.,0.,-1.));
#5333=DIRECTION('center_axis',(0.,0.,1.));
#5334=DIRECTION('ref_axis',(1.,0.,0.));
#5335=DIRECTION('center_axis',(0.,0.,-1.));
#5336=DIRECTION('ref_axis',(1.,0.,0.));
#5337=DIRECTION('',(0.,0.,-1.));
#5338=DIRECTION('center_axis',(0.,0.,1.));
#5339=DIRECTION('ref_axis',(1.,0.,0.));
#5340=DIRECTION('center_axis',(0.,0.,-1.));
#5341=DIRECTION('ref_axis',(1.,0.,0.));
#5342=DIRECTION('',(0.,0.,-1.));
#5343=DIRECTION('center_axis',(0.,0.,1.));
#5344=DIRECTION('ref_axis',(1.,0.,0.));
#5345=DIRECTION('center_axis',(0.,0.,-1.));
#5346=DIRECTION('ref_axis',(1.,0.,0.));
#5347=DIRECTION('',(0.,0.,-1.));
#5348=DIRECTION('center_axis',(0.,0.,1.));
#5349=DIRECTION('ref_axis',(1.,0.,0.));
#5350=DIRECTION('center_axis',(0.,0.,-1.));
#5351=DIRECTION('ref_axis',(1.,0.,0.));
#5352=DIRECTION('',(0.,0.,-1.));
#5353=DIRECTION('center_axis',(0.,0.,1.));
#5354=DIRECTION('ref_axis',(1.,0.,0.));
#5355=DIRECTION('center_axis',(0.,0.,-1.));
#5356=DIRECTION('ref_axis',(1.,0.,0.));
#5357=DIRECTION('',(0.,0.,-1.));
#5358=DIRECTION('center_axis',(0.,0.,1.));
#5359=DIRECTION('ref_axis',(1.,0.,0.));
#5360=DIRECTION('center_axis',(0.,0.,-1.));
#5361=DIRECTION('ref_axis',(1.,0.,0.));
#5362=DIRECTION('',(0.,0.,-1.));
#5363=DIRECTION('center_axis',(0.,0.,1.));
#5364=DIRECTION('ref_axis',(1.,0.,0.));
#5365=DIRECTION('center_axis',(0.,0.,-1.));
#5366=DIRECTION('ref_axis',(1.,0.,0.));
#5367=DIRECTION('',(0.,0.,-1.));
#5368=DIRECTION('center_axis',(0.,0.,-1.));
#5369=DIRECTION('ref_axis',(1.,0.,0.));
#5370=DIRECTION('center_axis',(0.,0.,1.));
#5371=DIRECTION('ref_axis',(1.,0.,0.));
#5372=DIRECTION('center_axis',(0.,0.,1.));
#5373=DIRECTION('ref_axis',(1.,0.,0.));
#5374=DIRECTION('center_axis',(0.,0.,1.));
#5375=DIRECTION('ref_axis',(1.,0.,0.));
#5376=DIRECTION('',(0.,0.,-1.));
#5377=DIRECTION('center_axis',(0.,0.,1.));
#5378=DIRECTION('ref_axis',(1.,0.,0.));
#5379=DIRECTION('',(0.,0.,-1.));
#5380=DIRECTION('center_axis',(0.,0.,1.));
#5381=DIRECTION('ref_axis',(1.,0.,0.));
#5382=DIRECTION('center_axis',(0.,0.,-1.));
#5383=DIRECTION('ref_axis',(1.,0.,0.));
#5384=DIRECTION('center_axis',(0.,0.,1.));
#5385=DIRECTION('ref_axis',(1.,0.,0.));
#5386=DIRECTION('center_axis',(0.,0.,1.));
#5387=DIRECTION('ref_axis',(1.,0.,0.));
#5388=DIRECTION('center_axis',(0.,0.,1.));
#5389=DIRECTION('ref_axis',(1.,0.,0.));
#5390=DIRECTION('center_axis',(0.,0.,-1.));
#5391=DIRECTION('ref_axis',(1.,0.,0.));
#5392=DIRECTION('center_axis',(0.,0.,1.));
#5393=DIRECTION('ref_axis',(1.,0.,0.));
#5394=DIRECTION('center_axis',(0.,0.,1.));
#5395=DIRECTION('ref_axis',(1.,0.,0.));
#5396=DIRECTION('center_axis',(0.,0.,-1.));
#5397=DIRECTION('ref_axis',(1.,0.,0.));
#5398=DIRECTION('center_axis',(0.,0.,1.));
#5399=DIRECTION('ref_axis',(1.,0.,0.));
#5400=DIRECTION('center_axis',(0.,0.,1.));
#5401=DIRECTION('ref_axis',(1.,0.,0.));
#5402=DIRECTION('center_axis',(0.,0.,-1.));
#5403=DIRECTION('ref_axis',(1.,0.,0.));
#5404=DIRECTION('center_axis',(0.,0.,1.));
#5405=DIRECTION('ref_axis',(1.,0.,0.));
#5406=DIRECTION('center_axis',(0.,0.,1.));
#5407=DIRECTION('ref_axis',(1.,0.,0.));
#5408=DIRECTION('center_axis',(0.,0.,-1.));
#5409=DIRECTION('ref_axis',(1.,0.,0.));
#5410=DIRECTION('center_axis',(0.,0.,-1.));
#5411=DIRECTION('ref_axis',(1.,0.,0.));
#5412=DIRECTION('center_axis',(0.,0.,1.));
#5413=DIRECTION('ref_axis',(1.,0.,0.));
#5414=DIRECTION('',(-0.650791373455968,-7.96989572415562E-17,-0.759256602365297));
#5415=DIRECTION('center_axis',(0.,0.,-1.));
#5416=DIRECTION('ref_axis',(1.,0.,0.));
#5417=DIRECTION('center_axis',(0.,0.,-1.));
#5418=DIRECTION('ref_axis',(1.,0.,0.));
#5419=DIRECTION('center_axis',(0.,0.,1.));
#5420=DIRECTION('ref_axis',(1.,0.,0.));
#5421=DIRECTION('',(-0.658504607868518,-8.06435560249964E-17,-0.752576694706878));
#5422=DIRECTION('center_axis',(0.,0.,1.));
#5423=DIRECTION('ref_axis',(1.,0.,0.));
#5424=DIRECTION('center_axis',(0.,0.,1.));
#5425=DIRECTION('ref_axis',(1.,0.,0.));
#5426=DIRECTION('center_axis',(0.,0.,-1.));
#5427=DIRECTION('ref_axis',(1.,0.,0.));
#5428=DIRECTION('',(0.,0.,-1.));
#5429=DIRECTION('center_axis',(0.,0.,1.));
#5430=DIRECTION('ref_axis',(1.,0.,0.));
#5431=DIRECTION('center_axis',(0.,0.,-1.));
#5432=DIRECTION('ref_axis',(1.,0.,0.));
#5433=DIRECTION('',(0.,0.,-1.));
#5434=DIRECTION('center_axis',(0.,0.,1.));
#5435=DIRECTION('ref_axis',(1.,0.,0.));
#5436=DIRECTION('center_axis',(0.,0.,-1.));
#5437=DIRECTION('ref_axis',(1.,0.,0.));
#5438=DIRECTION('',(0.,0.,-1.));
#5439=DIRECTION('center_axis',(0.,0.,1.));
#5440=DIRECTION('ref_axis',(1.,0.,0.));
#5441=DIRECTION('center_axis',(0.,0.,-1.));
#5442=DIRECTION('ref_axis',(1.,0.,0.));
#5443=DIRECTION('',(0.,0.,-1.));
#5444=DIRECTION('center_axis',(0.,0.,1.));
#5445=DIRECTION('ref_axis',(1.,0.,0.));
#5446=DIRECTION('center_axis',(0.,0.,-1.));
#5447=DIRECTION('ref_axis',(1.,0.,0.));
#5448=DIRECTION('',(0.,0.,-1.));
#5449=DIRECTION('center_axis',(0.,0.,1.));
#5450=DIRECTION('ref_axis',(1.,0.,0.));
#5451=DIRECTION('center_axis',(0.,0.,-1.));
#5452=DIRECTION('ref_axis',(1.,0.,0.));
#5453=DIRECTION('',(0.,0.,-1.));
#5454=DIRECTION('center_axis',(0.,0.,1.));
#5455=DIRECTION('ref_axis',(1.,0.,0.));
#5456=DIRECTION('center_axis',(0.,0.,-1.));
#5457=DIRECTION('ref_axis',(1.,0.,0.));
#5458=DIRECTION('',(0.,0.,-1.));
#5459=DIRECTION('center_axis',(0.,0.,1.));
#5460=DIRECTION('ref_axis',(1.,0.,0.));
#5461=DIRECTION('center_axis',(0.,0.,-1.));
#5462=DIRECTION('ref_axis',(1.,0.,0.));
#5463=DIRECTION('',(0.,0.,-1.));
#5464=DIRECTION('center_axis',(0.,0.,1.));
#5465=DIRECTION('ref_axis',(1.,0.,0.));
#5466=DIRECTION('center_axis',(0.,0.,-1.));
#5467=DIRECTION('ref_axis',(1.,0.,0.));
#5468=DIRECTION('',(0.,0.,-1.));
#5469=DIRECTION('center_axis',(0.,0.,-1.));
#5470=DIRECTION('ref_axis',(1.,0.,0.));
#5471=DIRECTION('center_axis',(0.,0.,1.));
#5472=DIRECTION('ref_axis',(1.,0.,0.));
#5473=DIRECTION('center_axis',(0.,0.,1.));
#5474=DIRECTION('ref_axis',(1.,0.,0.));
#5475=DIRECTION('center_axis',(0.,0.,1.));
#5476=DIRECTION('ref_axis',(1.,0.,0.));
#5477=DIRECTION('',(0.,0.,-1.));
#5478=DIRECTION('center_axis',(0.,0.,1.));
#5479=DIRECTION('ref_axis',(1.,0.,0.));
#5480=DIRECTION('',(0.,0.,-1.));
#5481=DIRECTION('center_axis',(0.,0.,1.));
#5482=DIRECTION('ref_axis',(1.,0.,0.));
#5483=DIRECTION('center_axis',(0.,0.,-1.));
#5484=DIRECTION('ref_axis',(1.,0.,0.));
#5485=DIRECTION('center_axis',(0.,0.,1.));
#5486=DIRECTION('ref_axis',(1.,0.,0.));
#5487=DIRECTION('center_axis',(0.,0.,1.));
#5488=DIRECTION('ref_axis',(1.,0.,0.));
#5489=DIRECTION('center_axis',(0.,0.,1.));
#5490=DIRECTION('ref_axis',(1.,0.,0.));
#5491=DIRECTION('center_axis',(0.,0.,-1.));
#5492=DIRECTION('ref_axis',(1.,0.,0.));
#5493=DIRECTION('center_axis',(0.,0.,1.));
#5494=DIRECTION('ref_axis',(1.,0.,0.));
#5495=DIRECTION('center_axis',(0.,0.,1.));
#5496=DIRECTION('ref_axis',(1.,0.,0.));
#5497=DIRECTION('center_axis',(0.,0.,-1.));
#5498=DIRECTION('ref_axis',(1.,0.,0.));
#5499=DIRECTION('center_axis',(0.,0.,1.));
#5500=DIRECTION('ref_axis',(1.,0.,0.));
#5501=DIRECTION('center_axis',(0.,0.,1.));
#5502=DIRECTION('ref_axis',(1.,0.,0.));
#5503=DIRECTION('center_axis',(0.,0.,-1.));
#5504=DIRECTION('ref_axis',(1.,0.,0.));
#5505=DIRECTION('center_axis',(0.,0.,1.));
#5506=DIRECTION('ref_axis',(1.,0.,0.));
#5507=DIRECTION('center_axis',(0.,0.,1.));
#5508=DIRECTION('ref_axis',(1.,0.,0.));
#5509=DIRECTION('center_axis',(0.,0.,-1.));
#5510=DIRECTION('ref_axis',(1.,0.,0.));
#5511=DIRECTION('center_axis',(0.,0.,-1.));
#5512=DIRECTION('ref_axis',(1.,0.,0.));
#5513=DIRECTION('center_axis',(0.,0.,1.));
#5514=DIRECTION('ref_axis',(1.,0.,0.));
#5515=DIRECTION('',(-0.650791373455968,-7.96989572415562E-17,-0.759256602365297));
#5516=DIRECTION('center_axis',(0.,0.,-1.));
#5517=DIRECTION('ref_axis',(1.,0.,0.));
#5518=DIRECTION('center_axis',(0.,0.,-1.));
#5519=DIRECTION('ref_axis',(1.,0.,0.));
#5520=DIRECTION('center_axis',(0.,0.,1.));
#5521=DIRECTION('ref_axis',(1.,0.,0.));
#5522=DIRECTION('',(-0.658504607868518,-8.06435560249964E-17,-0.752576694706878));
#5523=DIRECTION('center_axis',(0.,0.,1.));
#5524=DIRECTION('ref_axis',(1.,0.,0.));
#5525=DIRECTION('center_axis',(0.,0.,1.));
#5526=DIRECTION('ref_axis',(1.,0.,0.));
#5527=DIRECTION('center_axis',(0.,0.,-1.));
#5528=DIRECTION('ref_axis',(1.,0.,0.));
#5529=DIRECTION('',(0.,0.,-1.));
#5530=DIRECTION('center_axis',(0.,0.,1.));
#5531=DIRECTION('ref_axis',(1.,0.,0.));
#5532=DIRECTION('center_axis',(0.,0.,-1.));
#5533=DIRECTION('ref_axis',(1.,0.,0.));
#5534=DIRECTION('',(0.,0.,-1.));
#5535=DIRECTION('center_axis',(0.,0.,1.));
#5536=DIRECTION('ref_axis',(1.,0.,0.));
#5537=DIRECTION('center_axis',(0.,0.,-1.));
#5538=DIRECTION('ref_axis',(1.,0.,0.));
#5539=DIRECTION('',(0.,0.,-1.));
#5540=DIRECTION('center_axis',(0.,0.,1.));
#5541=DIRECTION('ref_axis',(1.,0.,0.));
#5542=DIRECTION('center_axis',(0.,0.,-1.));
#5543=DIRECTION('ref_axis',(1.,0.,0.));
#5544=DIRECTION('',(0.,0.,-1.));
#5545=DIRECTION('center_axis',(0.,0.,1.));
#5546=DIRECTION('ref_axis',(1.,0.,0.));
#5547=DIRECTION('center_axis',(0.,0.,-1.));
#5548=DIRECTION('ref_axis',(1.,0.,0.));
#5549=DIRECTION('',(0.,0.,-1.));
#5550=DIRECTION('center_axis',(0.,0.,1.));
#5551=DIRECTION('ref_axis',(1.,0.,0.));
#5552=DIRECTION('center_axis',(0.,0.,-1.));
#5553=DIRECTION('ref_axis',(1.,0.,0.));
#5554=DIRECTION('',(0.,0.,-1.));
#5555=DIRECTION('center_axis',(0.,0.,1.));
#5556=DIRECTION('ref_axis',(1.,0.,0.));
#5557=DIRECTION('center_axis',(0.,0.,-1.));
#5558=DIRECTION('ref_axis',(1.,0.,0.));
#5559=DIRECTION('',(0.,0.,-1.));
#5560=DIRECTION('center_axis',(0.,0.,1.));
#5561=DIRECTION('ref_axis',(1.,0.,0.));
#5562=DIRECTION('center_axis',(0.,0.,-1.));
#5563=DIRECTION('ref_axis',(1.,0.,0.));
#5564=DIRECTION('',(0.,0.,-1.));
#5565=DIRECTION('center_axis',(0.,0.,1.));
#5566=DIRECTION('ref_axis',(1.,0.,0.));
#5567=DIRECTION('center_axis',(0.,0.,-1.));
#5568=DIRECTION('ref_axis',(1.,0.,0.));
#5569=DIRECTION('',(0.,0.,-1.));
#5570=DIRECTION('center_axis',(0.,0.,-1.));
#5571=DIRECTION('ref_axis',(1.,0.,0.));
#5572=DIRECTION('center_axis',(0.,0.,1.));
#5573=DIRECTION('ref_axis',(1.,0.,0.));
#5574=DIRECTION('center_axis',(0.,0.,1.));
#5575=DIRECTION('ref_axis',(1.,0.,0.));
#5576=DIRECTION('center_axis',(0.,0.,1.));
#5577=DIRECTION('ref_axis',(1.,0.,0.));
#5578=DIRECTION('',(0.,0.,-1.));
#5579=DIRECTION('center_axis',(0.,0.,1.));
#5580=DIRECTION('ref_axis',(1.,0.,0.));
#5581=DIRECTION('',(0.,0.,-1.));
#5582=DIRECTION('center_axis',(0.,0.,-1.));
#5583=DIRECTION('ref_axis',(-1.,0.,0.));
#5584=DIRECTION('center_axis',(0.,0.,1.));
#5585=DIRECTION('ref_axis',(1.,0.,0.));
#5586=DIRECTION('center_axis',(0.,-1.,0.));
#5587=DIRECTION('ref_axis',(1.,0.,0.));
#5588=DIRECTION('center_axis',(0.,0.,-1.));
#5589=DIRECTION('ref_axis',(1.,0.,0.));
#5590=DIRECTION('center_axis',(0.,0.,-1.));
#5591=DIRECTION('ref_axis',(1.,0.,0.));
#5592=DIRECTION('center_axis',(0.,0.,1.));
#5593=DIRECTION('ref_axis',(1.,0.,0.));
#5594=DIRECTION('center_axis',(0.,0.,1.));
#5595=DIRECTION('ref_axis',(1.,0.,0.));
#5596=DIRECTION('',(0.,0.,1.));
#5597=DIRECTION('center_axis',(0.,0.,1.));
#5598=DIRECTION('ref_axis',(1.,0.,0.));
#5599=DIRECTION('center_axis',(0.,0.,1.));
#5600=DIRECTION('ref_axis',(1.,0.,0.));
#5601=DIRECTION('',(0.,1.,0.));
#5602=DIRECTION('',(1.,0.,0.));
#5603=DIRECTION('',(0.,-1.,0.));
#5604=DIRECTION('',(-1.,0.,0.));
#5605=DIRECTION('center_axis',(0.,0.,-1.));
#5606=DIRECTION('ref_axis',(1.,0.,0.));
#5607=DIRECTION('center_axis',(0.,0.,-1.));
#5608=DIRECTION('ref_axis',(1.,0.,0.));
#5609=DIRECTION('center_axis',(0.,0.,-1.));
#5610=DIRECTION('ref_axis',(1.,0.,0.));
#5611=DIRECTION('',(1.,0.,0.));
#5612=DIRECTION('',(0.,-1.,0.));
#5613=DIRECTION('',(-1.,0.,0.));
#5614=DIRECTION('',(0.,1.,0.));
#5615=DIRECTION('center_axis',(0.,0.,-1.));
#5616=DIRECTION('ref_axis',(1.,0.,0.));
#5617=DIRECTION('center_axis',(1.,0.,0.));
#5618=DIRECTION('ref_axis',(0.,0.,1.));
#5619=DIRECTION('center_axis',(1.,0.,0.));
#5620=DIRECTION('ref_axis',(0.,0.,1.));
#5621=DIRECTION('',(1.,0.,0.));
#5622=DIRECTION('center_axis',(-1.,0.,0.));
#5623=DIRECTION('ref_axis',(0.,0.,1.));
#5624=DIRECTION('center_axis',(1.,0.,0.));
#5625=DIRECTION('ref_axis',(0.,0.,1.));
#5626=DIRECTION('center_axis',(1.,0.,0.));
#5627=DIRECTION('ref_axis',(0.,0.,1.));
#5628=DIRECTION('',(1.,0.,0.));
#5629=DIRECTION('center_axis',(-1.,0.,0.));
#5630=DIRECTION('ref_axis',(0.,0.,1.));
#5631=DIRECTION('center_axis',(1.,0.,0.));
#5632=DIRECTION('ref_axis',(0.,0.,1.));
#5633=DIRECTION('center_axis',(1.,0.,0.));
#5634=DIRECTION('ref_axis',(0.,0.,1.));
#5635=DIRECTION('',(1.,0.,0.));
#5636=DIRECTION('center_axis',(-1.,0.,0.));
#5637=DIRECTION('ref_axis',(0.,0.,1.));
#5638=DIRECTION('center_axis',(1.,0.,0.));
#5639=DIRECTION('ref_axis',(0.,0.,1.));
#5640=DIRECTION('center_axis',(1.,0.,0.));
#5641=DIRECTION('ref_axis',(0.,0.,1.));
#5642=DIRECTION('',(1.,0.,0.));
#5643=DIRECTION('center_axis',(-1.,0.,0.));
#5644=DIRECTION('ref_axis',(0.,0.,1.));
#5645=DIRECTION('center_axis',(1.,0.,0.));
#5646=DIRECTION('ref_axis',(0.,-1.,0.));
#5647=DIRECTION('center_axis',(1.,0.,0.));
#5648=DIRECTION('ref_axis',(0.,-1.,0.));
#5649=DIRECTION('',(1.,0.,0.));
#5650=DIRECTION('center_axis',(-1.,0.,0.));
#5651=DIRECTION('ref_axis',(0.,-1.,0.));
#5652=DIRECTION('center_axis',(1.,0.,0.));
#5653=DIRECTION('ref_axis',(0.,-1.,0.));
#5654=DIRECTION('center_axis',(1.,0.,0.));
#5655=DIRECTION('ref_axis',(0.,-1.,0.));
#5656=DIRECTION('',(1.,0.,0.));
#5657=DIRECTION('center_axis',(-1.,0.,0.));
#5658=DIRECTION('ref_axis',(0.,-1.,0.));
#5659=DIRECTION('center_axis',(1.,0.,0.));
#5660=DIRECTION('ref_axis',(0.,-1.,0.));
#5661=DIRECTION('center_axis',(1.,0.,0.));
#5662=DIRECTION('ref_axis',(0.,-1.,0.));
#5663=DIRECTION('',(1.,0.,0.));
#5664=DIRECTION('center_axis',(-1.,0.,0.));
#5665=DIRECTION('ref_axis',(0.,-1.,0.));
#5666=DIRECTION('center_axis',(1.,0.,0.));
#5667=DIRECTION('ref_axis',(0.,-1.,0.));
#5668=DIRECTION('center_axis',(1.,0.,0.));
#5669=DIRECTION('ref_axis',(0.,-1.,0.));
#5670=DIRECTION('',(1.,0.,0.));
#5671=DIRECTION('center_axis',(-1.,0.,0.));
#5672=DIRECTION('ref_axis',(0.,-1.,0.));
#5673=DIRECTION('center_axis',(0.,0.,1.));
#5674=DIRECTION('ref_axis',(0.,-1.,0.));
#5675=DIRECTION('',(0.,1.,0.));
#5676=DIRECTION('',(1.,0.,0.));
#5677=DIRECTION('',(0.,-1.,0.));
#5678=DIRECTION('',(1.,0.,0.));
#5679=DIRECTION('center_axis',(0.,1.,0.));
#5680=DIRECTION('ref_axis',(0.,0.,1.));
#5681=DIRECTION('',(0.,0.,-1.));
#5682=DIRECTION('',(0.,0.,1.));
#5683=DIRECTION('',(1.,0.,0.));
#5684=DIRECTION('center_axis',(0.,0.,-1.));
#5685=DIRECTION('ref_axis',(0.,1.,0.));
#5686=DIRECTION('',(0.,-1.,0.));
#5687=DIRECTION('',(0.,1.,0.));
#5688=DIRECTION('',(1.,0.,0.));
#5689=DIRECTION('center_axis',(0.,-1.,0.));
#5690=DIRECTION('ref_axis',(0.,0.,-1.));
#5691=DIRECTION('',(0.,0.,1.));
#5692=DIRECTION('',(0.,0.,-1.));
#5693=DIRECTION('center_axis',(1.,0.,0.));
#5694=DIRECTION('ref_axis',(0.,1.,0.));
#5695=DIRECTION('',(0.,0.,1.));
#5696=DIRECTION('',(0.,1.,0.));
#5697=DIRECTION('',(0.,0.,1.));
#5698=DIRECTION('center_axis',(0.,1.,0.));
#5699=DIRECTION('ref_axis',(-1.,0.,0.));
#5700=DIRECTION('',(0.,0.,1.));
#5701=DIRECTION('',(-1.,0.,0.));
#5702=DIRECTION('center_axis',(0.,-1.,0.));
#5703=DIRECTION('ref_axis',(1.,0.,0.));
#5704=DIRECTION('',(1.,0.,0.));
#5705=DIRECTION('',(0.,0.,1.));
#5706=DIRECTION('center_axis',(-1.,0.,0.));
#5707=DIRECTION('ref_axis',(0.,-1.,0.));
#5708=DIRECTION('',(0.,-1.,0.));
#5709=DIRECTION('center_axis',(0.,0.,1.));
#5710=DIRECTION('ref_axis',(1.,0.,0.));
#5711=DIRECTION('center_axis',(0.,1.,0.));
#5712=DIRECTION('ref_axis',(-1.,0.,0.));
#5713=DIRECTION('',(0.,0.,1.));
#5714=DIRECTION('',(-1.,0.,0.));
#5715=DIRECTION('',(0.,0.,1.));
#5716=DIRECTION('center_axis',(-1.,0.,0.));
#5717=DIRECTION('ref_axis',(0.,-1.,0.));
#5718=DIRECTION('',(0.,0.,1.));
#5719=DIRECTION('',(0.,-1.,0.));
#5720=DIRECTION('center_axis',(1.,0.,0.));
#5721=DIRECTION('ref_axis',(0.,1.,0.));
#5722=DIRECTION('',(0.,1.,0.));
#5723=DIRECTION('',(0.,0.,1.));
#5724=DIRECTION('center_axis',(0.,-1.,0.));
#5725=DIRECTION('ref_axis',(1.,0.,0.));
#5726=DIRECTION('',(1.,0.,0.));
#5727=DIRECTION('center_axis',(0.,0.,1.));
#5728=DIRECTION('ref_axis',(1.,0.,0.));
#5729=DIRECTION('center_axis',(0.,0.,1.));
#5730=DIRECTION('ref_axis',(1.,0.,0.));
#5731=DIRECTION('',(0.,0.,-1.));
#5732=DIRECTION('center_axis',(0.,0.,-1.));
#5733=DIRECTION('ref_axis',(1.,0.,0.));
#5734=DIRECTION('center_axis',(0.,0.,1.));
#5735=DIRECTION('ref_axis',(1.,0.,0.));
#5736=DIRECTION('',(0.,0.,-1.));
#5737=DIRECTION('center_axis',(0.,0.,-1.));
#5738=DIRECTION('ref_axis',(1.,0.,0.));
#5739=DIRECTION('center_axis',(0.,0.,1.));
#5740=DIRECTION('ref_axis',(1.,0.,0.));
#5741=DIRECTION('',(0.,0.,-1.));
#5742=DIRECTION('center_axis',(0.,0.,-1.));
#5743=DIRECTION('ref_axis',(1.,0.,0.));
#5744=DIRECTION('center_axis',(0.,0.,1.));
#5745=DIRECTION('ref_axis',(1.,0.,0.));
#5746=DIRECTION('',(0.,0.,-1.));
#5747=DIRECTION('center_axis',(0.,0.,-1.));
#5748=DIRECTION('ref_axis',(1.,0.,0.));
#5749=DIRECTION('center_axis',(0.,0.,1.));
#5750=DIRECTION('ref_axis',(1.,0.,0.));
#5751=DIRECTION('',(0.,0.,-1.));
#5752=DIRECTION('center_axis',(0.,0.,1.));
#5753=DIRECTION('ref_axis',(1.,0.,0.));
#5754=DIRECTION('center_axis',(0.,0.,1.));
#5755=DIRECTION('ref_axis',(1.,0.,0.));
#5756=DIRECTION('center_axis',(0.,0.,-1.));
#5757=DIRECTION('ref_axis',(1.,0.,0.));
#5758=DIRECTION('',(0.,0.,-1.));
#5759=DIRECTION('center_axis',(0.,0.,1.));
#5760=DIRECTION('ref_axis',(1.,0.,0.));
#5761=DIRECTION('center_axis',(0.,0.,1.));
#5762=DIRECTION('ref_axis',(1.,0.,0.));
#5763=DIRECTION('',(1.,0.,0.));
#5764=DIRECTION('center_axis',(0.,0.,-1.));
#5765=DIRECTION('ref_axis',(1.,0.,0.));
#5766=DIRECTION('',(-1.,0.,0.));
#5767=DIRECTION('center_axis',(0.,0.,-1.));
#5768=DIRECTION('ref_axis',(1.,0.,0.));
#5769=DIRECTION('center_axis',(0.,0.,1.));
#5770=DIRECTION('ref_axis',(1.,0.,0.));
#5771=DIRECTION('center_axis',(0.,0.,1.));
#5772=DIRECTION('ref_axis',(1.,0.,0.));
#5773=DIRECTION('center_axis',(0.,0.,1.));
#5774=DIRECTION('ref_axis',(1.,0.,0.));
#5775=DIRECTION('center_axis',(0.,0.,1.));
#5776=DIRECTION('ref_axis',(1.,0.,0.));
#5777=DIRECTION('center_axis',(0.,0.,1.));
#5778=DIRECTION('ref_axis',(1.,0.,0.));
#5779=DIRECTION('center_axis',(0.,0.,-1.));
#5780=DIRECTION('ref_axis',(1.,0.,0.));
#5781=DIRECTION('',(1.,0.,0.));
#5782=DIRECTION('center_axis',(0.,0.,-1.));
#5783=DIRECTION('ref_axis',(1.,0.,0.));
#5784=DIRECTION('center_axis',(0.,0.,-1.));
#5785=DIRECTION('ref_axis',(1.,0.,0.));
#5786=DIRECTION('',(-1.,0.,0.));
#5787=DIRECTION('center_axis',(0.,0.,1.));
#5788=DIRECTION('ref_axis',(1.,0.,0.));
#5789=DIRECTION('center_axis',(0.,-1.,0.));
#5790=DIRECTION('ref_axis',(-1.,0.,0.));
#5791=DIRECTION('center_axis',(0.,0.,1.));
#5792=DIRECTION('ref_axis',(1.,0.,0.));
#5793=DIRECTION('center_axis',(0.,0.,1.));
#5794=DIRECTION('ref_axis',(1.,0.,0.));
#5795=DIRECTION('',(0.,0.,1.));
#5796=DIRECTION('center_axis',(0.,0.,-1.));
#5797=DIRECTION('ref_axis',(1.,0.,0.));
#5798=DIRECTION('center_axis',(0.,0.,1.));
#5799=DIRECTION('ref_axis',(1.,0.,0.));
#5800=DIRECTION('',(0.,1.,0.));
#5801=DIRECTION('center_axis',(0.,0.,1.));
#5802=DIRECTION('ref_axis',(1.,0.,0.));
#5803=DIRECTION('',(0.,1.,0.));
#5804=DIRECTION('center_axis',(0.,0.,-1.));
#5805=DIRECTION('ref_axis',(1.,0.,0.));
#5806=DIRECTION('center_axis',(0.,0.,1.));
#5807=DIRECTION('ref_axis',(1.,0.,0.));
#5808=DIRECTION('center_axis',(0.,0.,1.));
#5809=DIRECTION('ref_axis',(1.,0.,0.));
#5810=DIRECTION('',(0.,0.,-1.));
#5811=DIRECTION('center_axis',(0.,0.,-1.));
#5812=DIRECTION('ref_axis',(1.,0.,0.));
#5813=DIRECTION('',(0.,0.,1.));
#5814=DIRECTION('center_axis',(0.,0.,1.));
#5815=DIRECTION('ref_axis',(1.,0.,0.));
#5816=DIRECTION('center_axis',(0.,0.,1.));
#5817=DIRECTION('ref_axis',(1.,0.,0.));
#5818=DIRECTION('center_axis',(0.,0.,1.));
#5819=DIRECTION('ref_axis',(1.,0.,0.));
#5820=DIRECTION('center_axis',(0.,0.,-1.));
#5821=DIRECTION('ref_axis',(1.,0.,0.));
#5822=DIRECTION('center_axis',(0.,0.,1.));
#5823=DIRECTION('ref_axis',(1.,0.,0.));
#5824=DIRECTION('center_axis',(0.,0.,1.));
#5825=DIRECTION('ref_axis',(1.,0.,0.));
#5826=DIRECTION('',(0.,0.,-1.));
#5827=DIRECTION('center_axis',(0.,0.,-1.));
#5828=DIRECTION('ref_axis',(1.,0.,0.));
#5829=DIRECTION('',(0.,0.,1.));
#5830=DIRECTION('center_axis',(0.,0.,1.));
#5831=DIRECTION('ref_axis',(1.,0.,0.));
#5832=DIRECTION('center_axis',(0.,0.,1.));
#5833=DIRECTION('ref_axis',(1.,0.,0.));
#5834=DIRECTION('center_axis',(0.,0.,1.));
#5835=DIRECTION('ref_axis',(1.,0.,0.));
#5836=DIRECTION('center_axis',(0.,0.,-1.));
#5837=DIRECTION('ref_axis',(1.,0.,0.));
#5838=DIRECTION('center_axis',(0.,0.,1.));
#5839=DIRECTION('ref_axis',(1.,0.,0.));
#5840=DIRECTION('center_axis',(0.,0.,1.));
#5841=DIRECTION('ref_axis',(1.,0.,0.));
#5842=DIRECTION('',(0.,0.,-1.));
#5843=DIRECTION('center_axis',(0.,0.,-1.));
#5844=DIRECTION('ref_axis',(1.,0.,0.));
#5845=DIRECTION('',(0.,0.,1.));
#5846=DIRECTION('center_axis',(0.,0.,1.));
#5847=DIRECTION('ref_axis',(1.,0.,0.));
#5848=DIRECTION('center_axis',(0.,0.,1.));
#5849=DIRECTION('ref_axis',(1.,0.,0.));
#5850=DIRECTION('center_axis',(0.,0.,1.));
#5851=DIRECTION('ref_axis',(1.,0.,0.));
#5852=DIRECTION('center_axis',(0.,0.,-1.));
#5853=DIRECTION('ref_axis',(1.,0.,0.));
#5854=DIRECTION('center_axis',(0.,0.,1.));
#5855=DIRECTION('ref_axis',(1.,0.,0.));
#5856=DIRECTION('center_axis',(0.,0.,1.));
#5857=DIRECTION('ref_axis',(1.,0.,0.));
#5858=DIRECTION('',(0.,0.,-1.));
#5859=DIRECTION('center_axis',(0.,0.,-1.));
#5860=DIRECTION('ref_axis',(1.,0.,0.));
#5861=DIRECTION('',(0.,0.,1.));
#5862=DIRECTION('center_axis',(0.,0.,1.));
#5863=DIRECTION('ref_axis',(1.,0.,0.));
#5864=DIRECTION('center_axis',(0.,0.,1.));
#5865=DIRECTION('ref_axis',(1.,0.,0.));
#5866=DIRECTION('center_axis',(0.,0.,1.));
#5867=DIRECTION('ref_axis',(1.,0.,0.));
#5868=DIRECTION('center_axis',(0.,0.,-1.));
#5869=DIRECTION('ref_axis',(1.,0.,0.));
#5870=DIRECTION('center_axis',(0.,0.,1.));
#5871=DIRECTION('ref_axis',(1.,0.,0.));
#5872=DIRECTION('',(0.,-1.,0.));
#5873=DIRECTION('center_axis',(0.,0.,1.));
#5874=DIRECTION('ref_axis',(1.,0.,0.));
#5875=DIRECTION('',(0.,-1.,0.));
#5876=DIRECTION('center_axis',(0.,0.,-1.));
#5877=DIRECTION('ref_axis',(1.,0.,0.));
#5878=DIRECTION('center_axis',(0.,0.,1.));
#5879=DIRECTION('ref_axis',(1.,0.,0.));
#5880=DIRECTION('center_axis',(0.,0.,1.));
#5881=DIRECTION('ref_axis',(1.,0.,0.));
#5882=DIRECTION('center_axis',(0.,0.,-1.));
#5883=DIRECTION('ref_axis',(1.,0.,0.));
#5884=DIRECTION('center_axis',(0.,0.,-1.));
#5885=DIRECTION('ref_axis',(1.,0.,0.));
#5886=DIRECTION('center_axis',(0.,0.,-1.));
#5887=DIRECTION('ref_axis',(1.,0.,0.));
#5888=DIRECTION('center_axis',(0.,0.,-1.));
#5889=DIRECTION('ref_axis',(1.,0.,0.));
#5890=DIRECTION('center_axis',(0.,-1.,0.));
#5891=DIRECTION('ref_axis',(-1.,0.,0.));
#5892=DIRECTION('',(0.,0.,-1.));
#5893=DIRECTION('',(0.,0.,-1.));
#5894=DIRECTION('center_axis',(0.,1.,0.));
#5895=DIRECTION('ref_axis',(1.,0.,0.));
#5896=DIRECTION('',(0.,0.,1.));
#5897=DIRECTION('',(0.,0.,-1.));
#5898=DIRECTION('center_axis',(0.,0.,-1.));
#5899=DIRECTION('ref_axis',(1.,0.,0.));
#5900=DIRECTION('',(0.,0.,1.));
#5901=DIRECTION('',(0.,0.,1.));
#5902=DIRECTION('center_axis',(-1.,0.,0.));
#5903=DIRECTION('ref_axis',(0.,1.,0.));
#5904=DIRECTION('',(0.,0.,1.));
#5905=DIRECTION('center_axis',(0.,0.,-1.));
#5906=DIRECTION('ref_axis',(1.,0.,0.));
#5907=DIRECTION('',(0.,0.,-1.));
#5908=DIRECTION('center_axis',(-1.,0.,0.));
#5909=DIRECTION('ref_axis',(0.,1.,0.));
#5910=DIRECTION('center_axis',(0.,0.,-1.));
#5911=DIRECTION('ref_axis',(1.,0.,0.));
#5912=DIRECTION('',(0.,0.,1.));
#5913=DIRECTION('center_axis',(0.,0.,-1.));
#5914=DIRECTION('ref_axis',(1.,0.,0.));
#5915=DIRECTION('',(0.,0.,1.));
#5916=DIRECTION('center_axis',(0.,0.,-1.));
#5917=DIRECTION('ref_axis',(1.,0.,0.));
#5918=DIRECTION('',(0.,0.,1.));
#5919=DIRECTION('center_axis',(0.,0.,-1.));
#5920=DIRECTION('ref_axis',(1.,0.,0.));
#5921=DIRECTION('',(0.,0.,1.));
#5922=DIRECTION('center_axis',(0.,0.,-1.));
#5923=DIRECTION('ref_axis',(1.,0.,0.));
#5924=DIRECTION('',(0.,0.,1.));
#5925=CARTESIAN_POINT('',(0.,0.,0.));
#5926=CARTESIAN_POINT('Origin',(0.,0.,-5.));
#5927=CARTESIAN_POINT('',(-100.,-1.22464679914735E-14,-5.));
#5928=CARTESIAN_POINT('Origin',(0.,0.,-5.));
#5929=CARTESIAN_POINT('',(-95.,-1.16341445918999E-14,-5.));
#5930=CARTESIAN_POINT('Origin',(0.,0.,-5.));
#5931=CARTESIAN_POINT('Origin',(-33.9411254969543,33.9411254969543,15.));
#5932=CARTESIAN_POINT('',(-38.9411254969543,33.9411254969543,15.));
#5933=CARTESIAN_POINT('Origin',(-33.9411254969543,33.9411254969543,15.));
#5934=CARTESIAN_POINT('',(-35.7411254969543,33.9411254969543,15.));
#5935=CARTESIAN_POINT('Origin',(-33.9411254969543,33.9411254969543,15.));
#5936=CARTESIAN_POINT('Origin',(-33.9411254969543,-33.9411254969543,15.));
#5937=CARTESIAN_POINT('',(-38.9411254969543,-33.9411254969543,15.));
#5938=CARTESIAN_POINT('Origin',(-33.9411254969543,-33.9411254969543,15.));
#5939=CARTESIAN_POINT('',(-35.7411254969543,-33.9411254969543,15.));
#5940=CARTESIAN_POINT('Origin',(-33.9411254969543,-33.9411254969543,15.));
#5941=CARTESIAN_POINT('Origin',(33.9411254969543,33.9411254969543,15.));
#5942=CARTESIAN_POINT('',(28.9411254969543,33.9411254969543,15.));
#5943=CARTESIAN_POINT('Origin',(33.9411254969543,33.9411254969543,15.));
#5944=CARTESIAN_POINT('',(32.1411254969543,33.9411254969543,15.));
#5945=CARTESIAN_POINT('Origin',(33.9411254969543,33.9411254969543,15.));
#5946=CARTESIAN_POINT('Origin',(33.9411254969543,-33.9411254969543,15.));
#5947=CARTESIAN_POINT('',(28.9411254969543,-33.9411254969543,15.));
#5948=CARTESIAN_POINT('Origin',(33.9411254969543,-33.9411254969543,15.));
#5949=CARTESIAN_POINT('',(32.1411254969543,-33.9411254969543,15.));
#5950=CARTESIAN_POINT('Origin',(33.9411254969543,-33.9411254969543,15.));
#5951=CARTESIAN_POINT('Origin',(0.,0.,22.5));
#5952=CARTESIAN_POINT('',(-65.,-7.9602041944578E-15,40.));
#5953=CARTESIAN_POINT('Origin',(0.,0.,40.));
#5954=CARTESIAN_POINT('',(-95.,-1.16341445918999E-14,5.));
#5955=CARTESIAN_POINT('',(-80.,-9.79717439317883E-15,22.5));
#5956=CARTESIAN_POINT('Origin',(0.,0.,5.));
#5957=CARTESIAN_POINT('Origin',(0.,0.,25.));
#5958=CARTESIAN_POINT('',(-65.,-7.96020419445779E-15,45.));
#5959=CARTESIAN_POINT('Origin',(0.,0.,45.));
#5960=CARTESIAN_POINT('',(-100.,-1.22464679914735E-14,4.99999999999999));
#5961=CARTESIAN_POINT('',(-82.5,-1.01033360929657E-14,25.));
#5962=CARTESIAN_POINT('Origin',(0.,0.,5.));
#5963=CARTESIAN_POINT('Origin',(-33.9411254969543,33.9411254969543,0.));
#5964=CARTESIAN_POINT('',(-38.9411254969543,33.9411254969543,40.));
#5965=CARTESIAN_POINT('Origin',(-33.9411254969543,33.9411254969543,40.));
#5966=CARTESIAN_POINT('',(-38.9411254969543,33.9411254969543,0.));
#5967=CARTESIAN_POINT('Origin',(-33.9411254969543,33.9411254969543,0.));
#5968=CARTESIAN_POINT('',(-35.7411254969543,33.9411254969543,45.));
#5969=CARTESIAN_POINT('Origin',(-33.9411254969543,33.9411254969543,45.));
#5970=CARTESIAN_POINT('',(-35.7411254969543,33.9411254969543,0.));
#5971=CARTESIAN_POINT('Origin',(-33.9411254969543,-33.9411254969543,0.));
#5972=CARTESIAN_POINT('',(-38.9411254969543,-33.9411254969543,40.));
#5973=CARTESIAN_POINT('Origin',(-33.9411254969543,-33.9411254969543,40.));
#5974=CARTESIAN_POINT('',(-38.9411254969543,-33.9411254969543,0.));
#5975=CARTESIAN_POINT('Origin',(-33.9411254969543,-33.9411254969543,0.));
#5976=CARTESIAN_POINT('',(-35.7411254969543,-33.9411254969543,45.));
#5977=CARTESIAN_POINT('Origin',(-33.9411254969543,-33.9411254969543,45.));
#5978=CARTESIAN_POINT('',(-35.7411254969543,-33.9411254969543,0.));
#5979=CARTESIAN_POINT('Origin',(33.9411254969543,-33.9411254969543,0.));
#5980=CARTESIAN_POINT('',(28.9411254969543,-33.9411254969543,40.));
#5981=CARTESIAN_POINT('Origin',(33.9411254969543,-33.9411254969543,40.));
#5982=CARTESIAN_POINT('',(28.9411254969543,-33.9411254969543,0.));
#5983=CARTESIAN_POINT('Origin',(33.9411254969543,-33.9411254969543,0.));
#5984=CARTESIAN_POINT('',(32.1411254969543,-33.9411254969543,45.));
#5985=CARTESIAN_POINT('Origin',(33.9411254969543,-33.9411254969543,45.));
#5986=CARTESIAN_POINT('',(32.1411254969543,-33.9411254969543,0.));
#5987=CARTESIAN_POINT('Origin',(33.9411254969543,33.9411254969543,0.));
#5988=CARTESIAN_POINT('',(28.9411254969543,33.9411254969543,40.));
#5989=CARTESIAN_POINT('Origin',(33.9411254969543,33.9411254969543,40.));
#5990=CARTESIAN_POINT('',(28.9411254969543,33.9411254969543,0.));
#5991=CARTESIAN_POINT('Origin',(33.9411254969543,33.9411254969543,0.));
#5992=CARTESIAN_POINT('',(32.1411254969543,33.9411254969543,45.));
#5993=CARTESIAN_POINT('Origin',(33.9411254969543,33.9411254969543,45.));
#5994=CARTESIAN_POINT('',(32.1411254969543,33.9411254969543,0.));
#5995=CARTESIAN_POINT('Origin',(0.,0.,40.));
#5996=CARTESIAN_POINT('',(-30.,-3.67394039744206E-15,45.));
#5997=CARTESIAN_POINT('Origin',(0.,0.,45.));
#5998=CARTESIAN_POINT('',(-30.,-3.67394039744206E-15,40.));
#5999=CARTESIAN_POINT('',(-30.,-3.67394039744206E-15,40.));
#6000=CARTESIAN_POINT('Origin',(0.,0.,40.));
#6001=CARTESIAN_POINT('Origin',(0.,0.,45.));
#6002=CARTESIAN_POINT('Origin',(0.,0.,40.));
#6003=CARTESIAN_POINT('Origin',(0.,0.,0.));
#6004=CARTESIAN_POINT('',(-95.,-1.16341445918999E-14,0.));
#6005=CARTESIAN_POINT('Origin',(0.,0.,0.));
#6006=CARTESIAN_POINT('',(-100.,-1.22464679914735E-14,0.));
#6007=CARTESIAN_POINT('Origin',(0.,0.,25.));
#6008=CARTESIAN_POINT('',(-100.,-1.22464679914735E-14,25.));
#6009=CARTESIAN_POINT('Origin',(0.,0.,25.));
#6010=CARTESIAN_POINT('',(-95.,-1.16341445918999E-14,25.));
#6011=CARTESIAN_POINT('Origin',(0.,0.,25.));
#6012=CARTESIAN_POINT('Origin',(-33.9411254969543,33.9411254969543,45.));
#6013=CARTESIAN_POINT('',(-38.9411254969543,33.9411254969543,45.));
#6014=CARTESIAN_POINT('Origin',(-33.9411254969543,33.9411254969543,45.));
#6015=CARTESIAN_POINT('',(-35.7411254969543,33.9411254969543,45.));
#6016=CARTESIAN_POINT('Origin',(-33.9411254969543,33.9411254969543,45.));
#6017=CARTESIAN_POINT('Origin',(-33.9411254969543,-33.9411254969543,45.));
#6018=CARTESIAN_POINT('',(-38.9411254969543,-33.9411254969543,45.));
#6019=CARTESIAN_POINT('Origin',(-33.9411254969543,-33.9411254969543,45.));
#6020=CARTESIAN_POINT('',(-35.7411254969543,-33.9411254969543,45.));
#6021=CARTESIAN_POINT('Origin',(-33.9411254969543,-33.9411254969543,45.));
#6022=CARTESIAN_POINT('Origin',(33.9411254969543,33.9411254969543,45.));
#6023=CARTESIAN_POINT('',(28.9411254969543,33.9411254969543,45.));
#6024=CARTESIAN_POINT('Origin',(33.9411254969543,33.9411254969543,45.));
#6025=CARTESIAN_POINT('',(32.1411254969543,33.9411254969543,45.));
#6026=CARTESIAN_POINT('Origin',(33.9411254969543,33.9411254969543,45.));
#6027=CARTESIAN_POINT('Origin',(33.9411254969543,-33.9411254969543,45.));
#6028=CARTESIAN_POINT('',(28.9411254969543,-33.9411254969543,45.));
#6029=CARTESIAN_POINT('Origin',(33.9411254969543,-33.9411254969543,45.));
#6030=CARTESIAN_POINT('',(32.1411254969543,-33.9411254969543,45.));
#6031=CARTESIAN_POINT('Origin',(33.9411254969543,-33.9411254969543,45.));
#6032=CARTESIAN_POINT('Origin',(0.,0.,52.5));
#6033=CARTESIAN_POINT('',(-65.,-7.9602041944578E-15,70.));
#6034=CARTESIAN_POINT('Origin',(0.,0.,70.));
#6035=CARTESIAN_POINT('',(-95.,-1.16341445918999E-14,35.));
#6036=CARTESIAN_POINT('',(-80.,-9.79717439317883E-15,52.5));
#6037=CARTESIAN_POINT('Origin',(0.,0.,35.));
#6038=CARTESIAN_POINT('Origin',(0.,0.,55.));
#6039=CARTESIAN_POINT('',(-65.,-7.96020419445779E-15,75.));
#6040=CARTESIAN_POINT('Origin',(0.,0.,75.));
#6041=CARTESIAN_POINT('',(-100.,-1.22464679914735E-14,35.));
#6042=CARTESIAN_POINT('',(-82.5,-1.01033360929657E-14,55.));
#6043=CARTESIAN_POINT('Origin',(0.,0.,35.));
#6044=CARTESIAN_POINT('Origin',(-33.9411254969543,33.9411254969543,30.));
#6045=CARTESIAN_POINT('',(-38.9411254969543,33.9411254969543,70.));
#6046=CARTESIAN_POINT('Origin',(-33.9411254969543,33.9411254969543,70.));
#6047=CARTESIAN_POINT('',(-38.9411254969543,33.9411254969543,30.));
#6048=CARTESIAN_POINT('Origin',(-33.9411254969543,33.9411254969543,30.));
#6049=CARTESIAN_POINT('',(-35.7411254969543,33.9411254969543,75.));
#6050=CARTESIAN_POINT('Origin',(-33.9411254969543,33.9411254969543,75.));
#6051=CARTESIAN_POINT('',(-35.7411254969543,33.9411254969543,30.));
#6052=CARTESIAN_POINT('Origin',(-33.9411254969543,-33.9411254969543,30.));
#6053=CARTESIAN_POINT('',(-38.9411254969543,-33.9411254969543,70.));
#6054=CARTESIAN_POINT('Origin',(-33.9411254969543,-33.9411254969543,70.));
#6055=CARTESIAN_POINT('',(-38.9411254969543,-33.9411254969543,30.));
#6056=CARTESIAN_POINT('Origin',(-33.9411254969543,-33.9411254969543,30.));
#6057=CARTESIAN_POINT('',(-35.7411254969543,-33.9411254969543,75.));
#6058=CARTESIAN_POINT('Origin',(-33.9411254969543,-33.9411254969543,75.));
#6059=CARTESIAN_POINT('',(-35.7411254969543,-33.9411254969543,30.));
#6060=CARTESIAN_POINT('Origin',(33.9411254969543,-33.9411254969543,30.));
#6061=CARTESIAN_POINT('',(28.9411254969543,-33.9411254969543,70.));
#6062=CARTESIAN_POINT('Origin',(33.9411254969543,-33.9411254969543,70.));
#6063=CARTESIAN_POINT('',(28.9411254969543,-33.9411254969543,30.));
#6064=CARTESIAN_POINT('Origin',(33.9411254969543,-33.9411254969543,30.));
#6065=CARTESIAN_POINT('',(32.1411254969543,-33.9411254969543,75.));
#6066=CARTESIAN_POINT('Origin',(33.9411254969543,-33.9411254969543,75.));
#6067=CARTESIAN_POINT('',(32.1411254969543,-33.9411254969543,30.));
#6068=CARTESIAN_POINT('Origin',(33.9411254969543,33.9411254969543,30.));
#6069=CARTESIAN_POINT('',(28.9411254969543,33.9411254969543,70.));
#6070=CARTESIAN_POINT('Origin',(33.9411254969543,33.9411254969543,70.));
#6071=CARTESIAN_POINT('',(28.9411254969543,33.9411254969543,30.));
#6072=CARTESIAN_POINT('Origin',(33.9411254969543,33.9411254969543,30.));
#6073=CARTESIAN_POINT('',(32.1411254969543,33.9411254969543,75.));
#6074=CARTESIAN_POINT('Origin',(33.9411254969543,33.9411254969543,75.));
#6075=CARTESIAN_POINT('',(32.1411254969543,33.9411254969543,30.));
#6076=CARTESIAN_POINT('Origin',(0.,0.,70.));
#6077=CARTESIAN_POINT('',(-30.,-3.67394039744206E-15,75.));
#6078=CARTESIAN_POINT('Origin',(0.,0.,75.));
#6079=CARTESIAN_POINT('',(-30.,-3.67394039744206E-15,70.));
#6080=CARTESIAN_POINT('',(-30.,-3.67394039744206E-15,70.));
#6081=CARTESIAN_POINT('Origin',(0.,0.,70.));
#6082=CARTESIAN_POINT('Origin',(0.,0.,75.));
#6083=CARTESIAN_POINT('Origin',(0.,0.,70.));
#6084=CARTESIAN_POINT('Origin',(0.,0.,30.));
#6085=CARTESIAN_POINT('',(-95.,-1.16341445918999E-14,30.));
#6086=CARTESIAN_POINT('Origin',(0.,0.,30.));
#6087=CARTESIAN_POINT('',(-100.,-1.22464679914735E-14,30.));
#6088=CARTESIAN_POINT('Origin',(-15.0000002235174,30.0000004470348,173.2));
#6089=CARTESIAN_POINT('',(-16.8000002235174,30.0000004470348,173.4));
#6090=CARTESIAN_POINT('Origin',(-15.0000002235174,30.0000004470348,173.4));
#6091=CARTESIAN_POINT('',(-17.0000002235174,30.0000004470348,173.2));
#6092=CARTESIAN_POINT('Origin',(-16.8000002235174,30.0000004470348,173.2));
#6093=CARTESIAN_POINT('Origin',(-15.0000002235174,30.0000004470348,173.2));
#6094=CARTESIAN_POINT('Origin',(-15.0000002235174,30.0000004470348,165.));
#6095=CARTESIAN_POINT('',(-17.0000002235174,30.0000004470348,169.));
#6096=CARTESIAN_POINT('',(-17.0000002235174,30.0000004470348,165.));
#6097=CARTESIAN_POINT('Origin',(-15.0000002235174,30.0000004470348,169.));
#6098=CARTESIAN_POINT('Origin',(-15.0000002235174,30.0000004470348,173.4));
#6099=CARTESIAN_POINT('Origin',(-15.0000002235174,45.0000006705523,173.2));
#6100=CARTESIAN_POINT('',(-16.8000002235174,45.0000006705523,173.4));
#6101=CARTESIAN_POINT('Origin',(-15.0000002235174,45.0000006705523,173.4));
#6102=CARTESIAN_POINT('',(-17.0000002235174,45.0000006705523,173.2));
#6103=CARTESIAN_POINT('Origin',(-16.8000002235174,45.0000006705523,173.2));
#6104=CARTESIAN_POINT('Origin',(-15.0000002235174,45.0000006705523,173.2));
#6105=CARTESIAN_POINT('Origin',(-15.0000002235174,45.0000006705523,165.));
#6106=CARTESIAN_POINT('',(-17.0000002235174,45.0000006705523,169.));
#6107=CARTESIAN_POINT('',(-17.0000002235174,45.0000006705523,165.));
#6108=CARTESIAN_POINT('Origin',(-15.0000002235174,45.0000006705523,169.));
#6109=CARTESIAN_POINT('Origin',(-15.0000002235174,45.0000006705523,173.4));
#6110=CARTESIAN_POINT('Origin',(15.0000002235174,45.0000006705523,173.2));
#6111=CARTESIAN_POINT('',(13.2000002235174,45.0000006705523,173.4));
#6112=CARTESIAN_POINT('Origin',(15.0000002235174,45.0000006705523,173.4));
#6113=CARTESIAN_POINT('',(13.0000002235174,45.0000006705523,173.2));
#6114=CARTESIAN_POINT('Origin',(13.2000002235174,45.0000006705523,173.2));
#6115=CARTESIAN_POINT('Origin',(15.0000002235174,45.0000006705523,173.2));
#6116=CARTESIAN_POINT('Origin',(15.0000002235174,45.0000006705523,165.));
#6117=CARTESIAN_POINT('',(13.0000002235174,45.0000006705523,169.));
#6118=CARTESIAN_POINT('',(13.0000002235174,45.0000006705523,165.));
#6119=CARTESIAN_POINT('Origin',(15.0000002235174,45.0000006705523,169.));
#6120=CARTESIAN_POINT('Origin',(15.0000002235174,45.0000006705523,173.4));
#6121=CARTESIAN_POINT('Origin',(15.0000002235174,30.0000004470348,173.2));
#6122=CARTESIAN_POINT('',(13.2000002235174,30.0000004470348,173.4));
#6123=CARTESIAN_POINT('Origin',(15.0000002235174,30.0000004470348,173.4));
#6124=CARTESIAN_POINT('',(13.0000002235174,30.0000004470348,173.2));
#6125=CARTESIAN_POINT('Origin',(13.2000002235174,30.0000004470348,173.2));
#6126=CARTESIAN_POINT('Origin',(15.0000002235174,30.0000004470348,173.2));
#6127=CARTESIAN_POINT('Origin',(15.0000002235174,30.0000004470348,165.));
#6128=CARTESIAN_POINT('',(13.0000002235174,30.0000004470348,169.));
#6129=CARTESIAN_POINT('',(13.0000002235174,30.0000004470348,165.));
#6130=CARTESIAN_POINT('Origin',(15.0000002235174,30.0000004470348,169.));
#6131=CARTESIAN_POINT('Origin',(15.0000002235174,30.0000004470348,173.4));
#6132=CARTESIAN_POINT('Origin',(15.0000002235174,10.0000001490116,173.2));
#6133=CARTESIAN_POINT('',(13.2000002235174,10.0000001490116,173.4));
#6134=CARTESIAN_POINT('Origin',(15.0000002235174,10.0000001490116,173.4));
#6135=CARTESIAN_POINT('',(13.0000002235174,10.0000001490116,173.2));
#6136=CARTESIAN_POINT('Origin',(13.2000002235174,10.0000001490116,173.2));
#6137=CARTESIAN_POINT('Origin',(15.0000002235174,10.0000001490116,173.2));
#6138=CARTESIAN_POINT('Origin',(15.0000002235174,10.0000001490116,165.));
#6139=CARTESIAN_POINT('',(13.0000002235174,10.0000001490116,169.));
#6140=CARTESIAN_POINT('',(13.0000002235174,10.0000001490116,165.));
#6141=CARTESIAN_POINT('Origin',(15.0000002235174,10.0000001490116,169.));
#6142=CARTESIAN_POINT('Origin',(15.0000002235174,10.0000001490116,173.4));
#6143=CARTESIAN_POINT('Origin',(-15.0000002235174,10.0000001490116,173.2));
#6144=CARTESIAN_POINT('',(-16.8000002235174,10.0000001490116,173.4));
#6145=CARTESIAN_POINT('Origin',(-15.0000002235174,10.0000001490116,173.4));
#6146=CARTESIAN_POINT('',(-17.0000002235174,10.0000001490116,173.2));
#6147=CARTESIAN_POINT('Origin',(-16.8000002235174,10.0000001490116,173.2));
#6148=CARTESIAN_POINT('Origin',(-15.0000002235174,10.0000001490116,173.2));
#6149=CARTESIAN_POINT('Origin',(-15.0000002235174,10.0000001490116,165.));
#6150=CARTESIAN_POINT('',(-17.0000002235174,10.0000001490116,169.));
#6151=CARTESIAN_POINT('',(-17.0000002235174,10.0000001490116,165.));
#6152=CARTESIAN_POINT('Origin',(-15.0000002235174,10.0000001490116,169.));
#6153=CARTESIAN_POINT('Origin',(-15.0000002235174,10.0000001490116,173.4));
#6154=CARTESIAN_POINT('Origin',(-15.0000002235174,-10.0000001490116,173.2));
#6155=CARTESIAN_POINT('',(-16.8000002235174,-10.0000001490116,173.4));
#6156=CARTESIAN_POINT('Origin',(-15.0000002235174,-10.0000001490116,173.4));
#6157=CARTESIAN_POINT('',(-17.0000002235174,-10.0000001490116,173.2));
#6158=CARTESIAN_POINT('Origin',(-16.8000002235174,-10.0000001490116,173.2));
#6159=CARTESIAN_POINT('Origin',(-15.0000002235174,-10.0000001490116,173.2));
#6160=CARTESIAN_POINT('Origin',(-15.0000002235174,-10.0000001490116,165.));
#6161=CARTESIAN_POINT('',(-17.0000002235174,-10.0000001490116,169.));
#6162=CARTESIAN_POINT('',(-17.0000002235174,-10.0000001490116,165.));
#6163=CARTESIAN_POINT('Origin',(-15.0000002235174,-10.0000001490116,169.));
#6164=CARTESIAN_POINT('Origin',(-15.0000002235174,-10.0000001490116,173.4));
#6165=CARTESIAN_POINT('Origin',(15.0000002235174,-10.0000001490116,173.2));
#6166=CARTESIAN_POINT('',(13.2000002235174,-10.0000001490116,173.4));
#6167=CARTESIAN_POINT('Origin',(15.0000002235174,-10.0000001490116,173.4));
#6168=CARTESIAN_POINT('',(13.0000002235174,-10.0000001490116,173.2));
#6169=CARTESIAN_POINT('Origin',(13.2000002235174,-10.0000001490116,173.2));
#6170=CARTESIAN_POINT('Origin',(15.0000002235174,-10.0000001490116,173.2));
#6171=CARTESIAN_POINT('Origin',(15.0000002235174,-10.0000001490116,165.));
#6172=CARTESIAN_POINT('',(13.0000002235174,-10.0000001490116,169.));
#6173=CARTESIAN_POINT('',(13.0000002235174,-10.0000001490116,165.));
#6174=CARTESIAN_POINT('Origin',(15.0000002235174,-10.0000001490116,169.));
#6175=CARTESIAN_POINT('Origin',(15.0000002235174,-10.0000001490116,173.4));
#6176=CARTESIAN_POINT('Origin',(-2.38855979722395,-30.2422829669622,166.5));
#6177=CARTESIAN_POINT('',(4.89721400572355,-30.2422829669622,167.));
#6178=CARTESIAN_POINT('',(4.89721400572355,-29.7422829669622,166.5));
#6179=CARTESIAN_POINT('Origin',(4.89721400572355,-30.2422829669622,166.5));
#6180=CARTESIAN_POINT('',(-4.7771195944479,-29.7422829669622,166.5));
#6181=CARTESIAN_POINT('',(-2.38855979722395,-29.7422829669622,166.5));
#6182=CARTESIAN_POINT('',(-4.7771195944479,-30.2422829669622,167.));
#6183=CARTESIAN_POINT('Origin',(-4.7771195944479,-30.2422829669622,166.5));
#6184=CARTESIAN_POINT('',(-2.38855979722395,-30.2422829669622,167.));
#6185=CARTESIAN_POINT('Origin',(0.,-43.2422829669622,167.));
#6186=CARTESIAN_POINT('',(4.89721400572355,-29.7422829669622,167.));
#6187=CARTESIAN_POINT('',(4.89721400572355,-36.4922829669622,167.));
#6188=CARTESIAN_POINT('',(-4.7771195944479,-29.7422829669622,167.));
#6189=CARTESIAN_POINT('',(-4.7771195944479,-29.0995866384671,167.));
#6190=CARTESIAN_POINT('',(-9.7,-29.7422829669622,167.));
#6191=CARTESIAN_POINT('',(0.,-29.7422829669622,167.));
#6192=CARTESIAN_POINT('',(-9.7,-56.7422829669622,167.));
#6193=CARTESIAN_POINT('',(-9.7,-29.7422829669622,167.));
#6194=CARTESIAN_POINT('',(9.7,-56.7422829669622,167.));
#6195=CARTESIAN_POINT('',(-9.7,-56.7422829669622,167.));
#6196=CARTESIAN_POINT('',(9.7,-29.7422829669622,167.));
#6197=CARTESIAN_POINT('',(9.7,-29.7422829669622,167.));
#6198=CARTESIAN_POINT('',(0.,-29.7422829669622,167.));
#6199=CARTESIAN_POINT('',(5.26,-53.4022829669622,167.));
#6200=CARTESIAN_POINT('Origin',(6.36,-53.4022829669622,167.));
#6201=CARTESIAN_POINT('',(5.26,-33.0822829669622,167.));
#6202=CARTESIAN_POINT('Origin',(6.36,-33.0822829669622,167.));
#6203=CARTESIAN_POINT('',(-7.46,-53.4022829669622,167.));
#6204=CARTESIAN_POINT('Origin',(-6.36,-53.4022829669622,167.));
#6205=CARTESIAN_POINT('',(-7.46,-33.0822829669622,167.));
#6206=CARTESIAN_POINT('Origin',(-6.36,-33.0822829669622,167.));
#6207=CARTESIAN_POINT('Origin',(2.4697578655333,-12.956890309972,167.));
#6208=CARTESIAN_POINT('',(-4.7771195944479,-12.956890309972,169.));
#6209=CARTESIAN_POINT('',(-4.7771195944479,-14.956890309972,167.));
#6210=CARTESIAN_POINT('Origin',(-4.7771195944479,-12.956890309972,167.));
#6211=CARTESIAN_POINT('',(4.89721400572355,-14.956890309972,167.));
#6212=CARTESIAN_POINT('',(2.4697578655333,-14.956890309972,167.));
#6213=CARTESIAN_POINT('',(4.89721400572355,-12.956890309972,169.));
#6214=CARTESIAN_POINT('Origin',(4.89721400572355,-12.956890309972,167.));
#6215=CARTESIAN_POINT('',(2.4697578655333,-12.956890309972,169.));
#6216=CARTESIAN_POINT('Origin',(0.0423017253430524,17.543109690028,169.));
#6217=CARTESIAN_POINT('',(-4.7771195944479,-14.956890309972,169.));
#6218=CARTESIAN_POINT('',(-4.7771195944479,1.29310969002798,169.));
#6219=CARTESIAN_POINT('',(4.89721400572355,-14.956890309972,169.));
#6220=CARTESIAN_POINT('',(4.89721400572355,-6.09958663846711,169.));
#6221=CARTESIAN_POINT('',(23.0423017253431,-14.956890309972,169.));
#6222=CARTESIAN_POINT('',(23.0423017253431,-14.956890309972,169.));
#6223=CARTESIAN_POINT('',(23.0423017253431,50.043109690028,169.));
#6224=CARTESIAN_POINT('',(23.0423017253431,50.043109690028,169.));
#6225=CARTESIAN_POINT('',(-22.9576982746569,50.043109690028,169.));
#6226=CARTESIAN_POINT('',(-22.9576982746569,50.043109690028,169.));
#6227=CARTESIAN_POINT('',(-22.9576982746569,-14.956890309972,169.));
#6228=CARTESIAN_POINT('',(-22.9576982746569,-14.956890309972,169.));
#6229=CARTESIAN_POINT('',(23.0423017253431,-14.956890309972,169.));
#6230=CARTESIAN_POINT('Origin',(-6.36,-53.4022829669622,174.3));
#6231=CARTESIAN_POINT('',(-7.46,-53.4022829669622,174.3));
#6232=CARTESIAN_POINT('',(-5.26,-53.4022829669622,174.3));
#6233=CARTESIAN_POINT('Origin',(-6.36,-53.4022829669622,174.3));
#6234=CARTESIAN_POINT('',(-5.76,-53.4022829669622,174.8));
#6235=CARTESIAN_POINT('Origin',(-5.76,-53.4022829669622,174.3));
#6236=CARTESIAN_POINT('Origin',(-6.36,-53.4022829669622,174.8));
#6237=CARTESIAN_POINT('Origin',(-6.36,-53.4022829669622,174.3));
#6238=CARTESIAN_POINT('Origin',(0.,0.,174.8));
#6239=CARTESIAN_POINT('Origin',(-6.36,-53.4022829669622,167.));
#6240=CARTESIAN_POINT('',(-7.46,-53.4022829669622,167.));
#6241=CARTESIAN_POINT('Origin',(6.36,-53.4022829669622,174.3));
#6242=CARTESIAN_POINT('',(5.26,-53.4022829669622,174.3));
#6243=CARTESIAN_POINT('',(7.46,-53.4022829669622,174.3));
#6244=CARTESIAN_POINT('Origin',(6.36,-53.4022829669622,174.3));
#6245=CARTESIAN_POINT('',(6.96,-53.4022829669622,174.8));
#6246=CARTESIAN_POINT('Origin',(6.96,-53.4022829669622,174.3));
#6247=CARTESIAN_POINT('Origin',(6.36,-53.4022829669622,174.8));
#6248=CARTESIAN_POINT('Origin',(6.36,-53.4022829669622,174.3));
#6249=CARTESIAN_POINT('Origin',(0.,0.,174.8));
#6250=CARTESIAN_POINT('Origin',(6.36,-53.4022829669622,167.));
#6251=CARTESIAN_POINT('',(5.26,-53.4022829669622,167.));
#6252=CARTESIAN_POINT('Origin',(6.36,-33.0822829669622,174.3));
#6253=CARTESIAN_POINT('',(5.26,-33.0822829669622,174.3));
#6254=CARTESIAN_POINT('',(7.46,-33.0822829669622,174.3));
#6255=CARTESIAN_POINT('Origin',(6.36,-33.0822829669622,174.3));
#6256=CARTESIAN_POINT('',(6.96,-33.0822829669622,174.8));
#6257=CARTESIAN_POINT('Origin',(6.96,-33.0822829669622,174.3));
#6258=CARTESIAN_POINT('Origin',(6.36,-33.0822829669622,174.8));
#6259=CARTESIAN_POINT('Origin',(6.36,-33.0822829669622,174.3));
#6260=CARTESIAN_POINT('Origin',(0.,0.,174.8));
#6261=CARTESIAN_POINT('Origin',(6.36,-33.0822829669622,167.));
#6262=CARTESIAN_POINT('',(5.26,-33.0822829669622,167.));
#6263=CARTESIAN_POINT('Origin',(-6.36,-33.0822829669622,174.3));
#6264=CARTESIAN_POINT('',(-7.46,-33.0822829669622,174.3));
#6265=CARTESIAN_POINT('',(-5.26,-33.0822829669622,174.3));
#6266=CARTESIAN_POINT('Origin',(-6.36,-33.0822829669622,174.3));
#6267=CARTESIAN_POINT('',(-5.76,-33.0822829669622,174.8));
#6268=CARTESIAN_POINT('Origin',(-5.76,-33.0822829669622,174.3));
#6269=CARTESIAN_POINT('Origin',(-6.36,-33.0822829669622,174.8));
#6270=CARTESIAN_POINT('Origin',(-6.36,-33.0822829669622,174.3));
#6271=CARTESIAN_POINT('Origin',(0.,0.,174.8));
#6272=CARTESIAN_POINT('Origin',(-6.36,-33.0822829669622,167.));
#6273=CARTESIAN_POINT('',(-7.46,-33.0822829669622,167.));
#6274=CARTESIAN_POINT('Origin',(-33.9411254969543,33.9411254969543,166.));
#6275=CARTESIAN_POINT('',(-35.7411254969543,33.9411254969543,166.));
#6276=CARTESIAN_POINT('',(-32.1411254969543,33.9411254969543,166.));
#6277=CARTESIAN_POINT('Origin',(-33.9411254969543,33.9411254969543,166.));
#6278=CARTESIAN_POINT('',(-31.1411254969543,33.9411254969543,165.));
#6279=CARTESIAN_POINT('Origin',(-31.1411254969543,33.9411254969543,166.));
#6280=CARTESIAN_POINT('Origin',(-33.9411254969543,33.9411254969543,165.));
#6281=CARTESIAN_POINT('Origin',(-33.9411254969543,33.9411254969543,166.));
#6282=CARTESIAN_POINT('Origin',(0.,0.,165.));
#6283=CARTESIAN_POINT('',(-64.,-7.83773951454306E-15,165.));
#6284=CARTESIAN_POINT('Origin',(0.,0.,165.));
#6285=CARTESIAN_POINT('',(-31.1411254969543,-33.9411254969543,165.));
#6286=CARTESIAN_POINT('Origin',(-33.9411254969543,-33.9411254969543,165.));
#6287=CARTESIAN_POINT('',(36.7411254969543,-33.9411254969543,165.));
#6288=CARTESIAN_POINT('Origin',(33.9411254969543,-33.9411254969543,165.));
#6289=CARTESIAN_POINT('',(-5.7771195944479,-30.7422829669622,165.));
#6290=CARTESIAN_POINT('',(-5.7771195944479,-13.956890309972,165.));
#6291=CARTESIAN_POINT('',(-5.7771195944479,-7.47844515498601,165.));
#6292=CARTESIAN_POINT('',(5.89721400572355,-30.7422829669622,165.));
#6293=CARTESIAN_POINT('',(-2.38855979722395,-30.7422829669622,165.));
#6294=CARTESIAN_POINT('',(5.89721400572355,-13.956890309972,165.));
#6295=CARTESIAN_POINT('',(5.89721400572355,-14.8711414834811,165.));
#6296=CARTESIAN_POINT('',(2.44860700286178,-13.956890309972,165.));
#6297=CARTESIAN_POINT('',(36.7411254969543,33.9411254969543,165.));
#6298=CARTESIAN_POINT('Origin',(33.9411254969543,33.9411254969543,165.));
#6299=CARTESIAN_POINT('Origin',(-33.9411254969543,33.9411254969543,165.));
#6300=CARTESIAN_POINT('',(-35.7411254969543,33.9411254969543,174.));
#6301=CARTESIAN_POINT('',(-32.1411254969543,33.9411254969543,174.));
#6302=CARTESIAN_POINT('Origin',(-33.9411254969543,33.9411254969543,174.));
#6303=CARTESIAN_POINT('',(-35.7411254969543,33.9411254969543,165.));
#6304=CARTESIAN_POINT('Origin',(-33.9411254969543,33.9411254969543,174.));
#6305=CARTESIAN_POINT('Origin',(-33.9411254969543,-33.9411254969543,166.));
#6306=CARTESIAN_POINT('',(-35.7411254969543,-33.9411254969543,166.));
#6307=CARTESIAN_POINT('',(-32.1411254969543,-33.9411254969543,166.));
#6308=CARTESIAN_POINT('Origin',(-33.9411254969543,-33.9411254969543,166.));
#6309=CARTESIAN_POINT('Origin',(-31.1411254969543,-33.9411254969543,166.));
#6310=CARTESIAN_POINT('Origin',(-33.9411254969543,-33.9411254969543,166.));
#6311=CARTESIAN_POINT('Origin',(-33.9411254969543,-33.9411254969543,165.));
#6312=CARTESIAN_POINT('',(-35.7411254969543,-33.9411254969543,174.));
#6313=CARTESIAN_POINT('',(-32.1411254969543,-33.9411254969543,174.));
#6314=CARTESIAN_POINT('Origin',(-33.9411254969543,-33.9411254969543,174.));
#6315=CARTESIAN_POINT('',(-35.7411254969543,-33.9411254969543,165.));
#6316=CARTESIAN_POINT('Origin',(-33.9411254969543,-33.9411254969543,174.));
#6317=CARTESIAN_POINT('Origin',(33.9411254969543,33.9411254969543,166.));
#6318=CARTESIAN_POINT('',(32.1411254969543,33.9411254969543,166.));
#6319=CARTESIAN_POINT('',(35.7411254969543,33.9411254969543,166.));
#6320=CARTESIAN_POINT('Origin',(33.9411254969543,33.9411254969543,166.));
#6321=CARTESIAN_POINT('Origin',(36.7411254969543,33.9411254969543,166.));
#6322=CARTESIAN_POINT('Origin',(33.9411254969543,33.9411254969543,166.));
#6323=CARTESIAN_POINT('Origin',(33.9411254969543,33.9411254969543,165.));
#6324=CARTESIAN_POINT('',(32.1411254969543,33.9411254969543,174.));
#6325=CARTESIAN_POINT('',(35.7411254969543,33.9411254969543,174.));
#6326=CARTESIAN_POINT('Origin',(33.9411254969543,33.9411254969543,174.));
#6327=CARTESIAN_POINT('',(32.1411254969543,33.9411254969543,165.));
#6328=CARTESIAN_POINT('Origin',(33.9411254969543,33.9411254969543,174.));
#6329=CARTESIAN_POINT('Origin',(33.9411254969543,-33.9411254969543,166.));
#6330=CARTESIAN_POINT('',(32.1411254969543,-33.9411254969543,166.));
#6331=CARTESIAN_POINT('',(35.7411254969543,-33.9411254969543,166.));
#6332=CARTESIAN_POINT('Origin',(33.9411254969543,-33.9411254969543,166.));
#6333=CARTESIAN_POINT('Origin',(36.7411254969543,-33.9411254969543,166.));
#6334=CARTESIAN_POINT('Origin',(33.9411254969543,-33.9411254969543,166.));
#6335=CARTESIAN_POINT('Origin',(33.9411254969543,-33.9411254969543,165.));
#6336=CARTESIAN_POINT('',(32.1411254969543,-33.9411254969543,174.));
#6337=CARTESIAN_POINT('',(35.7411254969543,-33.9411254969543,174.));
#6338=CARTESIAN_POINT('Origin',(33.9411254969543,-33.9411254969543,174.));
#6339=CARTESIAN_POINT('',(32.1411254969543,-33.9411254969543,165.));
#6340=CARTESIAN_POINT('Origin',(33.9411254969543,-33.9411254969543,174.));
#6341=CARTESIAN_POINT('Origin',(5.89721400572355,-14.8711414834811,166.));
#6342=CARTESIAN_POINT('',(4.89721400572355,-29.7422829669622,166.));
#6343=CARTESIAN_POINT('Origin',(5.89721400572355,-30.7422829669622,166.));
#6344=CARTESIAN_POINT('',(4.89721400572355,-14.956890309972,166.));
#6345=CARTESIAN_POINT('',(4.89721400572355,-14.8711414834811,166.));
#6346=CARTESIAN_POINT('Origin',(5.89721400572355,-13.956890309972,166.));
#6347=CARTESIAN_POINT('Origin',(-5.7771195944479,-7.47844515498601,166.));
#6348=CARTESIAN_POINT('',(-4.7771195944479,-14.956890309972,166.));
#6349=CARTESIAN_POINT('Origin',(-5.7771195944479,-13.956890309972,166.));
#6350=CARTESIAN_POINT('',(-4.7771195944479,-29.7422829669622,166.));
#6351=CARTESIAN_POINT('',(-4.7771195944479,-7.47844515498601,166.));
#6352=CARTESIAN_POINT('Origin',(-5.7771195944479,-30.7422829669622,166.));
#6353=CARTESIAN_POINT('Origin',(2.44860700286178,-13.956890309972,166.));
#6354=CARTESIAN_POINT('',(2.44860700286178,-14.956890309972,166.));
#6355=CARTESIAN_POINT('Origin',(-2.38855979722395,-30.7422829669622,166.));
#6356=CARTESIAN_POINT('',(-2.38855979722395,-29.7422829669622,166.));
#6357=CARTESIAN_POINT('Origin',(-4.7771195944479,-29.7422829669622,165.));
#6358=CARTESIAN_POINT('',(4.89721400572355,-29.7422829669622,165.));
#6359=CARTESIAN_POINT('',(-4.7771195944479,-29.7422829669622,165.));
#6360=CARTESIAN_POINT('Origin',(-4.7771195944479,-14.956890309972,165.));
#6361=CARTESIAN_POINT('',(-4.7771195944479,-14.956890309972,165.));
#6362=CARTESIAN_POINT('',(-4.7771195944479,-14.956890309972,174.));
#6363=CARTESIAN_POINT('',(-4.7771195944479,-14.956890309972,167.));
#6364=CARTESIAN_POINT('',(-4.7771195944479,-29.7422829669622,174.));
#6365=CARTESIAN_POINT('',(-4.7771195944479,-7.47844515498601,174.));
#6366=CARTESIAN_POINT('',(-4.7771195944479,-29.7422829669622,165.));
#6367=CARTESIAN_POINT('Origin',(5.89721400572355,-14.8711414834811,174.));
#6368=CARTESIAN_POINT('',(4.89721400572355,-14.956890309972,174.));
#6369=CARTESIAN_POINT('',(4.89721400572355,-29.7422829669622,174.));
#6370=CARTESIAN_POINT('',(4.89721400572355,-14.8711414834811,174.));
#6371=CARTESIAN_POINT('',(5.89721400572355,-28.7422829669622,175.));
#6372=CARTESIAN_POINT('Origin',(5.89721400572355,-28.7422829669622,174.));
#6373=CARTESIAN_POINT('',(5.89721400572355,-15.956890309972,175.));
#6374=CARTESIAN_POINT('',(5.89721400572355,-14.8711414834811,175.));
#6375=CARTESIAN_POINT('Origin',(5.89721400572355,-15.956890309972,174.));
#6376=CARTESIAN_POINT('Origin',(-23.957698274657,25.021554845014,174.));
#6377=CARTESIAN_POINT('',(-23.957698274657,51.043109690028,175.));
#6378=CARTESIAN_POINT('',(-23.957698274657,-15.956890309972,175.));
#6379=CARTESIAN_POINT('',(-23.957698274657,25.021554845014,175.));
#6380=CARTESIAN_POINT('',(-22.9576982746569,-14.956890309972,174.));
#6381=CARTESIAN_POINT('Origin',(-23.957698274657,-15.956890309972,174.));
#6382=CARTESIAN_POINT('',(-22.9576982746569,50.043109690028,174.));
#6383=CARTESIAN_POINT('',(-22.9576982746569,25.021554845014,174.));
#6384=CARTESIAN_POINT('Origin',(-23.957698274657,51.043109690028,174.));
#6385=CARTESIAN_POINT('Origin',(10.7,-28.3711414834811,174.));
#6386=CARTESIAN_POINT('',(9.7,-29.7422829669622,174.));
#6387=CARTESIAN_POINT('',(9.7,-56.7422829669622,174.));
#6388=CARTESIAN_POINT('',(9.7,-28.3711414834811,174.));
#6389=CARTESIAN_POINT('',(10.7,-57.7422829669622,175.));
#6390=CARTESIAN_POINT('Origin',(10.7,-57.7422829669622,174.));
#6391=CARTESIAN_POINT('',(10.7,-28.7422829669622,175.));
#6392=CARTESIAN_POINT('',(10.7,-28.3711414834811,175.));
#6393=CARTESIAN_POINT('Origin',(10.7,-28.7422829669622,174.));
#6394=CARTESIAN_POINT('Origin',(-11.4788491373285,-15.956890309972,174.));
#6395=CARTESIAN_POINT('',(-5.7771195944479,-15.956890309972,175.));
#6396=CARTESIAN_POINT('',(-11.4788491373285,-15.956890309972,175.));
#6397=CARTESIAN_POINT('Origin',(-5.7771195944479,-15.956890309972,174.));
#6398=CARTESIAN_POINT('',(-11.4788491373285,-14.956890309972,174.));
#6399=CARTESIAN_POINT('Origin',(-4.85,-57.7422829669622,174.));
#6400=CARTESIAN_POINT('',(-9.7,-56.7422829669622,174.));
#6401=CARTESIAN_POINT('',(-4.85,-56.7422829669622,174.));
#6402=CARTESIAN_POINT('',(-10.7,-57.7422829669622,175.));
#6403=CARTESIAN_POINT('Origin',(-10.7,-57.7422829669622,174.));
#6404=CARTESIAN_POINT('',(-4.85,-57.7422829669622,175.));
#6405=CARTESIAN_POINT('Origin',(-5.7771195944479,-7.47844515498601,174.));
#6406=CARTESIAN_POINT('',(-5.77711959444789,-28.7422829669622,175.));
#6407=CARTESIAN_POINT('',(-5.7771195944479,-7.47844515498601,175.));
#6408=CARTESIAN_POINT('Origin',(-5.7771195944479,-28.7422829669622,174.));
#6409=CARTESIAN_POINT('Origin',(-10.7,-14.8711414834811,174.));
#6410=CARTESIAN_POINT('',(-9.7,-29.7422829669622,174.));
#6411=CARTESIAN_POINT('',(-9.7,-14.8711414834811,174.));
#6412=CARTESIAN_POINT('',(-10.7,-28.7422829669622,175.));
#6413=CARTESIAN_POINT('Origin',(-10.7,-28.7422829669622,174.));
#6414=CARTESIAN_POINT('',(-10.7,-14.8711414834811,175.));
#6415=CARTESIAN_POINT('Origin',(4.85,-28.7422829669622,174.));
#6416=CARTESIAN_POINT('',(4.85,-28.7422829669622,175.));
#6417=CARTESIAN_POINT('',(4.85,-29.7422829669622,174.));
#6418=CARTESIAN_POINT('Origin',(4.85,-28.7422829669622,174.));
#6419=CARTESIAN_POINT('',(4.85,-29.7422829669622,174.));
#6420=CARTESIAN_POINT('',(4.85,-28.7422829669622,175.));
#6421=CARTESIAN_POINT('Origin',(11.5211508626715,51.043109690028,174.));
#6422=CARTESIAN_POINT('',(24.0423017253431,51.043109690028,175.));
#6423=CARTESIAN_POINT('',(11.5211508626715,51.043109690028,175.));
#6424=CARTESIAN_POINT('',(23.0423017253431,50.043109690028,174.));
#6425=CARTESIAN_POINT('',(11.5211508626715,50.043109690028,174.));
#6426=CARTESIAN_POINT('Origin',(24.0423017253431,51.043109690028,174.));
#6427=CARTESIAN_POINT('Origin',(24.0423017253431,-7.47844515498601,174.));
#6428=CARTESIAN_POINT('',(24.0423017253431,-15.956890309972,175.));
#6429=CARTESIAN_POINT('',(24.0423017253431,-7.47844515498601,175.));
#6430=CARTESIAN_POINT('',(23.0423017253431,-14.956890309972,174.));
#6431=CARTESIAN_POINT('',(23.0423017253431,-7.47844515498601,174.));
#6432=CARTESIAN_POINT('Origin',(24.0423017253431,-15.956890309972,174.));
#6433=CARTESIAN_POINT('Origin',(-11.4788491373285,-15.956890309972,174.));
#6434=CARTESIAN_POINT('',(-11.4788491373285,-15.956890309972,175.));
#6435=CARTESIAN_POINT('',(-11.4788491373285,-14.956890309972,174.));
#6436=CARTESIAN_POINT('Origin',(-22.9576982746569,-14.956890309972,169.));
#6437=CARTESIAN_POINT('',(-22.9576982746569,-14.956890309972,169.));
#6438=CARTESIAN_POINT('Origin',(9.7,-29.7422829669622,167.));
#6439=CARTESIAN_POINT('',(-9.7,-29.7422829669622,167.));
#6440=CARTESIAN_POINT('Origin',(-9.7,-29.7422829669622,167.));
#6441=CARTESIAN_POINT('',(-9.7,-56.7422829669622,167.));
#6442=CARTESIAN_POINT('Origin',(-9.7,-56.7422829669622,167.));
#6443=CARTESIAN_POINT('',(9.7,-56.7422829669622,167.));
#6444=CARTESIAN_POINT('Origin',(9.7,-56.7422829669622,167.));
#6445=CARTESIAN_POINT('',(9.7,-29.7422829669622,167.));
#6446=CARTESIAN_POINT('Origin',(0.,0.,175.));
#6447=CARTESIAN_POINT('',(-64.,7.83773951454306E-15,175.));
#6448=CARTESIAN_POINT('Origin',(0.,0.,175.));
#6449=CARTESIAN_POINT('',(-31.1411254969543,33.9411254969543,175.));
#6450=CARTESIAN_POINT('Origin',(-33.9411254969543,33.9411254969543,175.));
#6451=CARTESIAN_POINT('',(36.7411254969543,33.9411254969543,175.));
#6452=CARTESIAN_POINT('Origin',(33.9411254969543,33.9411254969543,175.));
#6453=CARTESIAN_POINT('',(36.7411254969543,-33.9411254969543,175.));
#6454=CARTESIAN_POINT('Origin',(33.9411254969543,-33.9411254969543,175.));
#6455=CARTESIAN_POINT('',(-31.1411254969543,-33.9411254969543,175.));
#6456=CARTESIAN_POINT('Origin',(-33.9411254969543,-33.9411254969543,175.));
#6457=CARTESIAN_POINT('Origin',(-33.9411254969543,33.9411254969543,174.));
#6458=CARTESIAN_POINT('Origin',(-31.1411254969543,33.9411254969543,174.));
#6459=CARTESIAN_POINT('Origin',(-33.9411254969543,-33.9411254969543,174.));
#6460=CARTESIAN_POINT('Origin',(-31.1411254969543,-33.9411254969543,174.));
#6461=CARTESIAN_POINT('Origin',(33.9411254969543,33.9411254969543,174.));
#6462=CARTESIAN_POINT('Origin',(36.7411254969543,33.9411254969543,174.));
#6463=CARTESIAN_POINT('Origin',(33.9411254969543,-33.9411254969543,174.));
#6464=CARTESIAN_POINT('Origin',(36.7411254969543,-33.9411254969543,174.));
#6465=CARTESIAN_POINT('Origin',(0.,0.,174.));
#6466=CARTESIAN_POINT('',(-65.,-7.9602041944578E-15,174.));
#6467=CARTESIAN_POINT('Origin',(-64.,-7.83773951454306E-15,174.));
#6468=CARTESIAN_POINT('Origin',(0.,0.,174.));
#6469=CARTESIAN_POINT('Origin',(0.,0.,165.));
#6470=CARTESIAN_POINT('',(-65.,7.9602041944578E-15,166.));
#6471=CARTESIAN_POINT('',(-65.,-7.9602041944578E-15,165.));
#6472=CARTESIAN_POINT('Origin',(0.,0.,166.));
#6473=CARTESIAN_POINT('Origin',(0.,0.,166.));
#6474=CARTESIAN_POINT('Origin',(-64.,-7.83773951454306E-15,166.));
#6475=CARTESIAN_POINT('Origin',(9.7,-29.7422829669622,167.));
#6476=CARTESIAN_POINT('',(4.89721400572355,-29.7422829669622,165.));
#6477=CARTESIAN_POINT('Origin',(4.89721400572355,-14.956890309972,165.));
#6478=CARTESIAN_POINT('',(4.89721400572355,-14.956890309972,165.));
#6479=CARTESIAN_POINT('Origin',(4.89721400572355,-29.7422829669622,165.));
#6480=CARTESIAN_POINT('',(4.89721400572355,-14.956890309972,167.));
#6481=CARTESIAN_POINT('Origin',(-22.9576982746569,50.043109690028,169.));
#6482=CARTESIAN_POINT('',(-22.9576982746569,50.043109690028,169.));
#6483=CARTESIAN_POINT('Origin',(23.0423017253431,50.043109690028,169.));
#6484=CARTESIAN_POINT('',(23.0423017253431,50.043109690028,169.));
#6485=CARTESIAN_POINT('Origin',(23.0423017253431,-14.956890309972,169.));
#6486=CARTESIAN_POINT('',(23.0423017253431,-14.956890309972,169.));
#6487=CARTESIAN_POINT('Origin',(-22.9576982746569,-14.956890309972,169.));
#6488=CARTESIAN_POINT('Origin',(0.,0.,55.));
#6489=CARTESIAN_POINT('',(-100.,-1.22464679914735E-14,55.));
#6490=CARTESIAN_POINT('Origin',(0.,0.,55.));
#6491=CARTESIAN_POINT('',(-95.,-1.16341445918999E-14,55.));
#6492=CARTESIAN_POINT('Origin',(0.,0.,55.));
#6493=CARTESIAN_POINT('Origin',(-33.9411254969543,33.9411254969543,75.));
#6494=CARTESIAN_POINT('',(-38.9411254969543,33.9411254969543,75.));
#6495=CARTESIAN_POINT('Origin',(-33.9411254969543,33.9411254969543,75.));
#6496=CARTESIAN_POINT('',(-35.7411254969543,33.9411254969543,75.));
#6497=CARTESIAN_POINT('Origin',(-33.9411254969543,33.9411254969543,75.));
#6498=CARTESIAN_POINT('Origin',(-33.9411254969543,-33.9411254969543,75.));
#6499=CARTESIAN_POINT('',(-38.9411254969543,-33.9411254969543,75.));
#6500=CARTESIAN_POINT('Origin',(-33.9411254969543,-33.9411254969543,75.));
#6501=CARTESIAN_POINT('',(-35.7411254969543,-33.9411254969543,75.));
#6502=CARTESIAN_POINT('Origin',(-33.9411254969543,-33.9411254969543,75.));
#6503=CARTESIAN_POINT('Origin',(33.9411254969543,33.9411254969543,75.));
#6504=CARTESIAN_POINT('',(28.9411254969543,33.9411254969543,75.));
#6505=CARTESIAN_POINT('Origin',(33.9411254969543,33.9411254969543,75.));
#6506=CARTESIAN_POINT('',(32.1411254969543,33.9411254969543,75.));
#6507=CARTESIAN_POINT('Origin',(33.9411254969543,33.9411254969543,75.));
#6508=CARTESIAN_POINT('Origin',(33.9411254969543,-33.9411254969543,75.));
#6509=CARTESIAN_POINT('',(28.9411254969543,-33.9411254969543,75.));
#6510=CARTESIAN_POINT('Origin',(33.9411254969543,-33.9411254969543,75.));
#6511=CARTESIAN_POINT('',(32.1411254969543,-33.9411254969543,75.));
#6512=CARTESIAN_POINT('Origin',(33.9411254969543,-33.9411254969543,75.));
#6513=CARTESIAN_POINT('Origin',(0.,0.,82.5));
#6514=CARTESIAN_POINT('',(-65.,-7.9602041944578E-15,100.));
#6515=CARTESIAN_POINT('Origin',(0.,0.,100.));
#6516=CARTESIAN_POINT('',(-95.,-1.16341445918999E-14,65.));
#6517=CARTESIAN_POINT('',(-80.,-9.79717439317883E-15,82.5));
#6518=CARTESIAN_POINT('Origin',(0.,0.,65.));
#6519=CARTESIAN_POINT('Origin',(0.,0.,85.));
#6520=CARTESIAN_POINT('',(-65.,-7.96020419445779E-15,105.));
#6521=CARTESIAN_POINT('Origin',(0.,0.,105.));
#6522=CARTESIAN_POINT('',(-100.,-1.22464679914735E-14,65.));
#6523=CARTESIAN_POINT('',(-82.5,-1.01033360929657E-14,85.));
#6524=CARTESIAN_POINT('Origin',(0.,0.,65.));
#6525=CARTESIAN_POINT('Origin',(-33.9411254969543,33.9411254969543,60.));
#6526=CARTESIAN_POINT('',(-38.9411254969543,33.9411254969543,100.));
#6527=CARTESIAN_POINT('Origin',(-33.9411254969543,33.9411254969543,100.));
#6528=CARTESIAN_POINT('',(-38.9411254969543,33.9411254969543,60.));
#6529=CARTESIAN_POINT('Origin',(-33.9411254969543,33.9411254969543,60.));
#6530=CARTESIAN_POINT('',(-35.7411254969543,33.9411254969543,105.));
#6531=CARTESIAN_POINT('Origin',(-33.9411254969543,33.9411254969543,105.));
#6532=CARTESIAN_POINT('',(-35.7411254969543,33.9411254969543,60.));
#6533=CARTESIAN_POINT('Origin',(-33.9411254969543,-33.9411254969543,60.));
#6534=CARTESIAN_POINT('',(-38.9411254969543,-33.9411254969543,100.));
#6535=CARTESIAN_POINT('Origin',(-33.9411254969543,-33.9411254969543,100.));
#6536=CARTESIAN_POINT('',(-38.9411254969543,-33.9411254969543,60.));
#6537=CARTESIAN_POINT('Origin',(-33.9411254969543,-33.9411254969543,60.));
#6538=CARTESIAN_POINT('',(-35.7411254969543,-33.9411254969543,105.));
#6539=CARTESIAN_POINT('Origin',(-33.9411254969543,-33.9411254969543,105.));
#6540=CARTESIAN_POINT('',(-35.7411254969543,-33.9411254969543,60.));
#6541=CARTESIAN_POINT('Origin',(33.9411254969543,-33.9411254969543,60.));
#6542=CARTESIAN_POINT('',(28.9411254969543,-33.9411254969543,100.));
#6543=CARTESIAN_POINT('Origin',(33.9411254969543,-33.9411254969543,100.));
#6544=CARTESIAN_POINT('',(28.9411254969543,-33.9411254969543,60.));
#6545=CARTESIAN_POINT('Origin',(33.9411254969543,-33.9411254969543,60.));
#6546=CARTESIAN_POINT('',(32.1411254969543,-33.9411254969543,105.));
#6547=CARTESIAN_POINT('Origin',(33.9411254969543,-33.9411254969543,105.));
#6548=CARTESIAN_POINT('',(32.1411254969543,-33.9411254969543,60.));
#6549=CARTESIAN_POINT('Origin',(33.9411254969543,33.9411254969543,60.));
#6550=CARTESIAN_POINT('',(28.9411254969543,33.9411254969543,100.));
#6551=CARTESIAN_POINT('Origin',(33.9411254969543,33.9411254969543,100.));
#6552=CARTESIAN_POINT('',(28.9411254969543,33.9411254969543,60.));
#6553=CARTESIAN_POINT('Origin',(33.9411254969543,33.9411254969543,60.));
#6554=CARTESIAN_POINT('',(32.1411254969543,33.9411254969543,105.));
#6555=CARTESIAN_POINT('Origin',(33.9411254969543,33.9411254969543,105.));
#6556=CARTESIAN_POINT('',(32.1411254969543,33.9411254969543,60.));
#6557=CARTESIAN_POINT('Origin',(0.,0.,100.));
#6558=CARTESIAN_POINT('',(-30.,-3.67394039744206E-15,105.));
#6559=CARTESIAN_POINT('Origin',(0.,0.,105.));
#6560=CARTESIAN_POINT('',(-30.,-3.67394039744206E-15,100.));
#6561=CARTESIAN_POINT('',(-30.,-3.67394039744206E-15,100.));
#6562=CARTESIAN_POINT('Origin',(0.,0.,100.));
#6563=CARTESIAN_POINT('Origin',(0.,0.,105.));
#6564=CARTESIAN_POINT('Origin',(0.,0.,100.));
#6565=CARTESIAN_POINT('Origin',(0.,0.,60.));
#6566=CARTESIAN_POINT('',(-95.,-1.16341445918999E-14,60.));
#6567=CARTESIAN_POINT('Origin',(0.,0.,60.));
#6568=CARTESIAN_POINT('',(-100.,-1.22464679914735E-14,60.));
#6569=CARTESIAN_POINT('Origin',(0.,0.,85.));
#6570=CARTESIAN_POINT('',(-100.,-1.22464679914735E-14,85.));
#6571=CARTESIAN_POINT('Origin',(0.,0.,85.));
#6572=CARTESIAN_POINT('',(-95.,-1.16341445918999E-14,85.));
#6573=CARTESIAN_POINT('Origin',(0.,0.,85.));
#6574=CARTESIAN_POINT('Origin',(-33.9411254969543,33.9411254969543,105.));
#6575=CARTESIAN_POINT('',(-38.9411254969543,33.9411254969543,105.));
#6576=CARTESIAN_POINT('Origin',(-33.9411254969543,33.9411254969543,105.));
#6577=CARTESIAN_POINT('',(-35.7411254969543,33.9411254969543,105.));
#6578=CARTESIAN_POINT('Origin',(-33.9411254969543,33.9411254969543,105.));
#6579=CARTESIAN_POINT('Origin',(-33.9411254969543,-33.9411254969543,105.));
#6580=CARTESIAN_POINT('',(-38.9411254969543,-33.9411254969543,105.));
#6581=CARTESIAN_POINT('Origin',(-33.9411254969543,-33.9411254969543,105.));
#6582=CARTESIAN_POINT('',(-35.7411254969543,-33.9411254969543,105.));
#6583=CARTESIAN_POINT('Origin',(-33.9411254969543,-33.9411254969543,105.));
#6584=CARTESIAN_POINT('Origin',(33.9411254969543,33.9411254969543,105.));
#6585=CARTESIAN_POINT('',(28.9411254969543,33.9411254969543,105.));
#6586=CARTESIAN_POINT('Origin',(33.9411254969543,33.9411254969543,105.));
#6587=CARTESIAN_POINT('',(32.1411254969543,33.9411254969543,105.));
#6588=CARTESIAN_POINT('Origin',(33.9411254969543,33.9411254969543,105.));
#6589=CARTESIAN_POINT('Origin',(33.9411254969543,-33.9411254969543,105.));
#6590=CARTESIAN_POINT('',(28.9411254969543,-33.9411254969543,105.));
#6591=CARTESIAN_POINT('Origin',(33.9411254969543,-33.9411254969543,105.));
#6592=CARTESIAN_POINT('',(32.1411254969543,-33.9411254969543,105.));
#6593=CARTESIAN_POINT('Origin',(33.9411254969543,-33.9411254969543,105.));
#6594=CARTESIAN_POINT('Origin',(0.,0.,112.5));
#6595=CARTESIAN_POINT('',(-65.,-7.9602041944578E-15,130.));
#6596=CARTESIAN_POINT('Origin',(0.,0.,130.));
#6597=CARTESIAN_POINT('',(-95.,-1.16341445918999E-14,95.));
#6598=CARTESIAN_POINT('',(-80.,-9.79717439317883E-15,112.5));
#6599=CARTESIAN_POINT('Origin',(0.,0.,95.));
#6600=CARTESIAN_POINT('Origin',(0.,0.,115.));
#6601=CARTESIAN_POINT('',(-65.,-7.96020419445779E-15,135.));
#6602=CARTESIAN_POINT('Origin',(0.,0.,135.));
#6603=CARTESIAN_POINT('',(-100.,-1.22464679914735E-14,95.));
#6604=CARTESIAN_POINT('',(-82.5,-1.01033360929657E-14,115.));
#6605=CARTESIAN_POINT('Origin',(0.,0.,95.));
#6606=CARTESIAN_POINT('Origin',(-33.9411254969543,33.9411254969543,90.));
#6607=CARTESIAN_POINT('',(-38.9411254969543,33.9411254969543,130.));
#6608=CARTESIAN_POINT('Origin',(-33.9411254969543,33.9411254969543,130.));
#6609=CARTESIAN_POINT('',(-38.9411254969543,33.9411254969543,90.));
#6610=CARTESIAN_POINT('Origin',(-33.9411254969543,33.9411254969543,90.));
#6611=CARTESIAN_POINT('',(-35.7411254969543,33.9411254969543,135.));
#6612=CARTESIAN_POINT('Origin',(-33.9411254969543,33.9411254969543,135.));
#6613=CARTESIAN_POINT('',(-35.7411254969543,33.9411254969543,90.));
#6614=CARTESIAN_POINT('Origin',(-33.9411254969543,-33.9411254969543,90.));
#6615=CARTESIAN_POINT('',(-38.9411254969543,-33.9411254969543,130.));
#6616=CARTESIAN_POINT('Origin',(-33.9411254969543,-33.9411254969543,130.));
#6617=CARTESIAN_POINT('',(-38.9411254969543,-33.9411254969543,90.));
#6618=CARTESIAN_POINT('Origin',(-33.9411254969543,-33.9411254969543,90.));
#6619=CARTESIAN_POINT('',(-35.7411254969543,-33.9411254969543,135.));
#6620=CARTESIAN_POINT('Origin',(-33.9411254969543,-33.9411254969543,135.));
#6621=CARTESIAN_POINT('',(-35.7411254969543,-33.9411254969543,90.));
#6622=CARTESIAN_POINT('Origin',(33.9411254969543,-33.9411254969543,90.));
#6623=CARTESIAN_POINT('',(28.9411254969543,-33.9411254969543,130.));
#6624=CARTESIAN_POINT('Origin',(33.9411254969543,-33.9411254969543,130.));
#6625=CARTESIAN_POINT('',(28.9411254969543,-33.9411254969543,90.));
#6626=CARTESIAN_POINT('Origin',(33.9411254969543,-33.9411254969543,90.));
#6627=CARTESIAN_POINT('',(32.1411254969543,-33.9411254969543,135.));
#6628=CARTESIAN_POINT('Origin',(33.9411254969543,-33.9411254969543,135.));
#6629=CARTESIAN_POINT('',(32.1411254969543,-33.9411254969543,90.));
#6630=CARTESIAN_POINT('Origin',(33.9411254969543,33.9411254969543,90.));
#6631=CARTESIAN_POINT('',(28.9411254969543,33.9411254969543,130.));
#6632=CARTESIAN_POINT('Origin',(33.9411254969543,33.9411254969543,130.));
#6633=CARTESIAN_POINT('',(28.9411254969543,33.9411254969543,90.));
#6634=CARTESIAN_POINT('Origin',(33.9411254969543,33.9411254969543,90.));
#6635=CARTESIAN_POINT('',(32.1411254969543,33.9411254969543,135.));
#6636=CARTESIAN_POINT('Origin',(33.9411254969543,33.9411254969543,135.));
#6637=CARTESIAN_POINT('',(32.1411254969543,33.9411254969543,90.));
#6638=CARTESIAN_POINT('Origin',(0.,0.,130.));
#6639=CARTESIAN_POINT('',(-30.,-3.67394039744206E-15,135.));
#6640=CARTESIAN_POINT('Origin',(0.,0.,135.));
#6641=CARTESIAN_POINT('',(-30.,-3.67394039744206E-15,130.));
#6642=CARTESIAN_POINT('',(-30.,-3.67394039744206E-15,130.));
#6643=CARTESIAN_POINT('Origin',(0.,0.,130.));
#6644=CARTESIAN_POINT('Origin',(0.,0.,135.));
#6645=CARTESIAN_POINT('Origin',(0.,0.,130.));
#6646=CARTESIAN_POINT('Origin',(0.,0.,90.));
#6647=CARTESIAN_POINT('',(-95.,-1.16341445918999E-14,90.));
#6648=CARTESIAN_POINT('Origin',(0.,0.,90.));
#6649=CARTESIAN_POINT('',(-100.,-1.22464679914735E-14,90.));
#6650=CARTESIAN_POINT('Origin',(0.,0.,115.));
#6651=CARTESIAN_POINT('',(-100.,-1.22464679914735E-14,115.));
#6652=CARTESIAN_POINT('Origin',(0.,0.,115.));
#6653=CARTESIAN_POINT('',(-95.,-1.16341445918999E-14,115.));
#6654=CARTESIAN_POINT('Origin',(0.,0.,115.));
#6655=CARTESIAN_POINT('Origin',(-33.9411254969543,33.9411254969543,135.));
#6656=CARTESIAN_POINT('',(-38.9411254969543,33.9411254969543,135.));
#6657=CARTESIAN_POINT('Origin',(-33.9411254969543,33.9411254969543,135.));
#6658=CARTESIAN_POINT('',(-35.7411254969543,33.9411254969543,135.));
#6659=CARTESIAN_POINT('Origin',(-33.9411254969543,33.9411254969543,135.));
#6660=CARTESIAN_POINT('Origin',(-33.9411254969543,-33.9411254969543,135.));
#6661=CARTESIAN_POINT('',(-38.9411254969543,-33.9411254969543,135.));
#6662=CARTESIAN_POINT('Origin',(-33.9411254969543,-33.9411254969543,135.));
#6663=CARTESIAN_POINT('',(-35.7411254969543,-33.9411254969543,135.));
#6664=CARTESIAN_POINT('Origin',(-33.9411254969543,-33.9411254969543,135.));
#6665=CARTESIAN_POINT('Origin',(33.9411254969543,33.9411254969543,135.));
#6666=CARTESIAN_POINT('',(28.9411254969543,33.9411254969543,135.));
#6667=CARTESIAN_POINT('Origin',(33.9411254969543,33.9411254969543,135.));
#6668=CARTESIAN_POINT('',(32.1411254969543,33.9411254969543,135.));
#6669=CARTESIAN_POINT('Origin',(33.9411254969543,33.9411254969543,135.));
#6670=CARTESIAN_POINT('Origin',(33.9411254969543,-33.9411254969543,135.));
#6671=CARTESIAN_POINT('',(28.9411254969543,-33.9411254969543,135.));
#6672=CARTESIAN_POINT('Origin',(33.9411254969543,-33.9411254969543,135.));
#6673=CARTESIAN_POINT('',(32.1411254969543,-33.9411254969543,135.));
#6674=CARTESIAN_POINT('Origin',(33.9411254969543,-33.9411254969543,135.));
#6675=CARTESIAN_POINT('Origin',(0.,0.,142.5));
#6676=CARTESIAN_POINT('',(-65.,-7.9602041944578E-15,160.));
#6677=CARTESIAN_POINT('Origin',(0.,0.,160.));
#6678=CARTESIAN_POINT('',(-95.,-1.16341445918999E-14,125.));
#6679=CARTESIAN_POINT('',(-80.,-9.79717439317883E-15,142.5));
#6680=CARTESIAN_POINT('Origin',(0.,0.,125.));
#6681=CARTESIAN_POINT('Origin',(0.,0.,145.));
#6682=CARTESIAN_POINT('',(-65.,-7.96020419445779E-15,165.));
#6683=CARTESIAN_POINT('Origin',(0.,0.,165.));
#6684=CARTESIAN_POINT('',(-100.,-1.22464679914735E-14,125.));
#6685=CARTESIAN_POINT('',(-82.5,-1.01033360929657E-14,145.));
#6686=CARTESIAN_POINT('Origin',(0.,0.,125.));
#6687=CARTESIAN_POINT('Origin',(-33.9411254969543,33.9411254969543,120.));
#6688=CARTESIAN_POINT('',(-38.9411254969543,33.9411254969543,160.));
#6689=CARTESIAN_POINT('Origin',(-33.9411254969543,33.9411254969543,160.));
#6690=CARTESIAN_POINT('',(-38.9411254969543,33.9411254969543,120.));
#6691=CARTESIAN_POINT('Origin',(-33.9411254969543,33.9411254969543,120.));
#6692=CARTESIAN_POINT('',(-35.7411254969543,33.9411254969543,165.));
#6693=CARTESIAN_POINT('Origin',(-33.9411254969543,33.9411254969543,165.));
#6694=CARTESIAN_POINT('',(-35.7411254969543,33.9411254969543,120.));
#6695=CARTESIAN_POINT('Origin',(-33.9411254969543,-33.9411254969543,120.));
#6696=CARTESIAN_POINT('',(-38.9411254969543,-33.9411254969543,160.));
#6697=CARTESIAN_POINT('Origin',(-33.9411254969543,-33.9411254969543,160.));
#6698=CARTESIAN_POINT('',(-38.9411254969543,-33.9411254969543,120.));
#6699=CARTESIAN_POINT('Origin',(-33.9411254969543,-33.9411254969543,120.));
#6700=CARTESIAN_POINT('',(-35.7411254969543,-33.9411254969543,165.));
#6701=CARTESIAN_POINT('Origin',(-33.9411254969543,-33.9411254969543,165.));
#6702=CARTESIAN_POINT('',(-35.7411254969543,-33.9411254969543,120.));
#6703=CARTESIAN_POINT('Origin',(33.9411254969543,-33.9411254969543,120.));
#6704=CARTESIAN_POINT('',(28.9411254969543,-33.9411254969543,160.));
#6705=CARTESIAN_POINT('Origin',(33.9411254969543,-33.9411254969543,160.));
#6706=CARTESIAN_POINT('',(28.9411254969543,-33.9411254969543,120.));
#6707=CARTESIAN_POINT('Origin',(33.9411254969543,-33.9411254969543,120.));
#6708=CARTESIAN_POINT('',(32.1411254969543,-33.9411254969543,165.));
#6709=CARTESIAN_POINT('Origin',(33.9411254969543,-33.9411254969543,165.));
#6710=CARTESIAN_POINT('',(32.1411254969543,-33.9411254969543,120.));
#6711=CARTESIAN_POINT('Origin',(33.9411254969543,33.9411254969543,120.));
#6712=CARTESIAN_POINT('',(28.9411254969543,33.9411254969543,160.));
#6713=CARTESIAN_POINT('Origin',(33.9411254969543,33.9411254969543,160.));
#6714=CARTESIAN_POINT('',(28.9411254969543,33.9411254969543,120.));
#6715=CARTESIAN_POINT('Origin',(33.9411254969543,33.9411254969543,120.));
#6716=CARTESIAN_POINT('',(32.1411254969543,33.9411254969543,165.));
#6717=CARTESIAN_POINT('Origin',(33.9411254969543,33.9411254969543,165.));
#6718=CARTESIAN_POINT('',(32.1411254969543,33.9411254969543,120.));
#6719=CARTESIAN_POINT('Origin',(0.,0.,160.));
#6720=CARTESIAN_POINT('',(-30.,-3.67394039744206E-15,165.));
#6721=CARTESIAN_POINT('Origin',(0.,0.,165.));
#6722=CARTESIAN_POINT('',(-30.,-3.67394039744206E-15,160.));
#6723=CARTESIAN_POINT('',(-30.,-3.67394039744206E-15,160.));
#6724=CARTESIAN_POINT('Origin',(0.,0.,160.));
#6725=CARTESIAN_POINT('Origin',(0.,0.,165.));
#6726=CARTESIAN_POINT('Origin',(0.,0.,160.));
#6727=CARTESIAN_POINT('Origin',(0.,0.,120.));
#6728=CARTESIAN_POINT('',(-95.,-1.16341445918999E-14,120.));
#6729=CARTESIAN_POINT('Origin',(0.,0.,120.));
#6730=CARTESIAN_POINT('',(-100.,-1.22464679914735E-14,120.));
#6731=CARTESIAN_POINT('Origin',(15.0336632380401,25.2164071792427,13.2));
#6732=CARTESIAN_POINT('',(20.0336632380401,25.2164071792427,15.));
#6733=CARTESIAN_POINT('Origin',(15.0336632380401,25.2164071792427,15.));
#6734=CARTESIAN_POINT('',(18.2336632380401,25.2164071792427,13.2));
#6735=CARTESIAN_POINT('Origin',(20.0336632380401,25.2164071792427,13.2));
#6736=CARTESIAN_POINT('',(11.8336632380401,25.2164071792427,13.2));
#6737=CARTESIAN_POINT('Origin',(15.0336632380401,25.2164071792427,13.2));
#6738=CARTESIAN_POINT('Origin',(15.0336632380401,25.2164071792427,13.2));
#6739=CARTESIAN_POINT('Origin',(15.0336632380401,25.2164071792427,0.));
#6740=CARTESIAN_POINT('',(11.8336632380401,25.2164071792427,0.));
#6741=CARTESIAN_POINT('Origin',(15.0336632380401,25.2164071792427,0.));
#6742=CARTESIAN_POINT('',(11.8336632380401,25.2164071792427,0.));
#6743=CARTESIAN_POINT('Origin',(0.,0.,15.));
#6744=CARTESIAN_POINT('',(-65.,-8.88178419700125E-15,15.));
#6745=CARTESIAN_POINT('Origin',(0.,0.,15.));
#6746=CARTESIAN_POINT('',(14.8565710196491,-20.,15.));
#6747=CARTESIAN_POINT('',(14.8565710196491,20.,15.));
#6748=CARTESIAN_POINT('',(14.8565710196491,20.,15.));
#6749=CARTESIAN_POINT('',(18.8565710196491,20.,15.));
#6750=CARTESIAN_POINT('',(18.8565710196491,20.,15.));
#6751=CARTESIAN_POINT('',(18.8565710196491,-20.,15.));
#6752=CARTESIAN_POINT('',(18.8565710196491,-20.,15.));
#6753=CARTESIAN_POINT('',(14.8565710196491,-20.,15.));
#6754=CARTESIAN_POINT('',(-35.7411254969543,-33.9411254969543,15.));
#6755=CARTESIAN_POINT('Origin',(-33.9411254969543,-33.9411254969543,15.));
#6756=CARTESIAN_POINT('',(32.1411254969543,33.9411254969543,15.));
#6757=CARTESIAN_POINT('Origin',(33.9411254969543,33.9411254969543,15.));
#6758=CARTESIAN_POINT('',(-35.7411254969543,33.9411254969543,15.));
#6759=CARTESIAN_POINT('Origin',(-33.9411254969543,33.9411254969543,15.));
#6760=CARTESIAN_POINT('',(-10.0000001490116,10.0000001490116,15.));
#6761=CARTESIAN_POINT('',(0.,10.0000001490116,15.));
#6762=CARTESIAN_POINT('',(-10.0000001490116,10.0000001490116,15.));
#6763=CARTESIAN_POINT('',(0.,-10.0000001490116,15.));
#6764=CARTESIAN_POINT('',(0.,10.0000001490116,15.));
#6765=CARTESIAN_POINT('',(-10.0000001490116,-10.0000001490116,15.));
#6766=CARTESIAN_POINT('',(0.,-10.0000001490116,15.));
#6767=CARTESIAN_POINT('',(-10.0000001490116,-10.0000001490116,15.));
#6768=CARTESIAN_POINT('',(32.1411254969543,-33.9411254969543,15.));
#6769=CARTESIAN_POINT('Origin',(33.9411254969543,-33.9411254969543,15.));
#6770=CARTESIAN_POINT('Origin',(14.8565710196491,-12.6267524490024,150.63690409842));
#6771=CARTESIAN_POINT('',(14.8565710196491,-12.6267524490024,149.28690409842));
#6772=CARTESIAN_POINT('Origin',(14.8565710196491,-12.6267524490024,150.63690409842));
#6773=CARTESIAN_POINT('',(18.8565710196491,-12.6267524490024,149.28690409842));
#6774=CARTESIAN_POINT('',(14.8565710196491,-12.6267524490024,149.28690409842));
#6775=CARTESIAN_POINT('Origin',(18.8565710196491,-12.6267524490024,150.63690409842));
#6776=CARTESIAN_POINT('Origin',(14.8565710196491,-12.6066661083417,85.1590776211292));
#6777=CARTESIAN_POINT('',(14.8565710196491,-12.6066661083417,83.8090776211292));
#6778=CARTESIAN_POINT('Origin',(14.8565710196491,-12.6066661083417,85.1590776211292));
#6779=CARTESIAN_POINT('',(18.8565710196491,-12.6066661083417,83.8090776211292));
#6780=CARTESIAN_POINT('',(14.8565710196491,-12.6066661083417,83.8090776211292));
#6781=CARTESIAN_POINT('Origin',(18.8565710196491,-12.6066661083417,85.1590776211292));
#6782=CARTESIAN_POINT('Origin',(14.8565710196491,12.6367585866813,150.714616568937));
#6783=CARTESIAN_POINT('',(14.8565710196491,12.6367585866813,149.364616568937));
#6784=CARTESIAN_POINT('Origin',(14.8565710196491,12.6367585866813,150.714616568937));
#6785=CARTESIAN_POINT('',(18.8565710196491,12.6367585866813,149.364616568937));
#6786=CARTESIAN_POINT('',(14.8565710196491,12.6367585866813,149.364616568937));
#6787=CARTESIAN_POINT('Origin',(18.8565710196491,12.6367585866813,150.714616568937));
#6788=CARTESIAN_POINT('Origin',(14.8565710196491,12.6268399053335,85.0912838622234));
#6789=CARTESIAN_POINT('',(14.8565710196491,12.6268399053335,83.7412838622234));
#6790=CARTESIAN_POINT('Origin',(14.8565710196491,12.6268399053335,85.0912838622234));
#6791=CARTESIAN_POINT('',(18.8565710196491,12.6268399053335,83.7412838622234));
#6792=CARTESIAN_POINT('',(14.8565710196491,12.6268399053335,83.7412838622234));
#6793=CARTESIAN_POINT('Origin',(18.8565710196491,12.6268399053335,85.0912838622234));
#6794=CARTESIAN_POINT('Origin',(14.8565710196491,-6.35054722928325,140.001759626375));
#6795=CARTESIAN_POINT('',(14.8565710196491,-5.00054722928325,140.001759626375));
#6796=CARTESIAN_POINT('Origin',(14.8565710196491,-6.35054722928325,140.001759626375));
#6797=CARTESIAN_POINT('',(18.8565710196491,-5.00054722928325,140.001759626375));
#6798=CARTESIAN_POINT('',(14.8565710196491,-5.00054722928325,140.001759626375));
#6799=CARTESIAN_POINT('Origin',(18.8565710196491,-6.35054722928325,140.001759626375));
#6800=CARTESIAN_POINT('Origin',(14.8565710196491,-6.35054722928325,119.701759626375));
#6801=CARTESIAN_POINT('',(14.8565710196491,-5.00054722928325,119.701759626375));
#6802=CARTESIAN_POINT('Origin',(14.8565710196491,-6.35054722928325,119.701759626375));
#6803=CARTESIAN_POINT('',(18.8565710196491,-5.00054722928325,119.701759626375));
#6804=CARTESIAN_POINT('',(14.8565710196491,-5.00054722928325,119.701759626375));
#6805=CARTESIAN_POINT('Origin',(18.8565710196491,-6.35054722928325,119.701759626375));
#6806=CARTESIAN_POINT('Origin',(14.8565710196491,6.34945277071675,140.001759626375));
#6807=CARTESIAN_POINT('',(14.8565710196491,7.69945277071676,140.001759626375));
#6808=CARTESIAN_POINT('Origin',(14.8565710196491,6.34945277071675,140.001759626375));
#6809=CARTESIAN_POINT('',(18.8565710196491,7.69945277071676,140.001759626375));
#6810=CARTESIAN_POINT('',(14.8565710196491,7.69945277071676,140.001759626375));
#6811=CARTESIAN_POINT('Origin',(18.8565710196491,6.34945277071675,140.001759626375));
#6812=CARTESIAN_POINT('Origin',(14.8565710196491,6.34945277071675,119.701759626375));
#6813=CARTESIAN_POINT('',(14.8565710196491,7.69945277071676,119.701759626375));
#6814=CARTESIAN_POINT('Origin',(14.8565710196491,6.34945277071675,119.701759626375));
#6815=CARTESIAN_POINT('',(18.8565710196491,7.69945277071676,119.701759626375));
#6816=CARTESIAN_POINT('',(14.8565710196491,7.69945277071676,119.701759626375));
#6817=CARTESIAN_POINT('Origin',(18.8565710196491,6.34945277071675,119.701759626375));
#6818=CARTESIAN_POINT('Origin',(14.8565710196491,7.00432120546945,78.0000005215406));
#6819=CARTESIAN_POINT('',(18.8565710196491,-6.99567879453055,78.0000005215406));
#6820=CARTESIAN_POINT('',(18.8565710196491,7.00432120546945,78.0000005215406));
#6821=CARTESIAN_POINT('',(18.8565710196491,-6.49783939726528,78.0000005215406));
#6822=CARTESIAN_POINT('',(14.8565710196491,-6.99567879453055,78.0000005215406));
#6823=CARTESIAN_POINT('',(14.8565710196491,-6.99567879453055,78.0000005215406));
#6824=CARTESIAN_POINT('',(14.8565710196491,7.00432120546945,78.0000005215406));
#6825=CARTESIAN_POINT('',(14.8565710196491,13.5021606027347,78.0000005215406));
#6826=CARTESIAN_POINT('',(14.8565710196491,7.00432120546945,78.0000005215406));
#6827=CARTESIAN_POINT('Origin',(14.8565710196491,7.00432120546945,35.0000005215406));
#6828=CARTESIAN_POINT('',(18.8565710196491,7.00432120546945,35.0000005215406));
#6829=CARTESIAN_POINT('',(18.8565710196491,7.00432120546945,17.5000002607703));
#6830=CARTESIAN_POINT('',(14.8565710196491,7.00432120546945,35.0000005215406));
#6831=CARTESIAN_POINT('',(14.8565710196491,7.00432120546945,17.5000002607703));
#6832=CARTESIAN_POINT('',(14.8565710196491,7.00432120546945,35.0000005215406));
#6833=CARTESIAN_POINT('Origin',(14.8565710196491,-6.99567879453055,35.0000005215406));
#6834=CARTESIAN_POINT('',(18.8565710196491,-6.99567879453055,35.0000005215406));
#6835=CARTESIAN_POINT('',(18.8565710196491,-13.4978393972653,35.0000005215406));
#6836=CARTESIAN_POINT('',(14.8565710196491,-6.99567879453055,35.0000005215406));
#6837=CARTESIAN_POINT('',(14.8565710196491,6.50216060273472,35.0000005215406));
#6838=CARTESIAN_POINT('',(14.8565710196491,-6.99567879453055,35.0000005215406));
#6839=CARTESIAN_POINT('Origin',(14.8565710196491,-6.99567879453055,78.0000005215406));
#6840=CARTESIAN_POINT('',(18.8565710196491,-6.99567879453055,39.0000002607703));
#6841=CARTESIAN_POINT('',(14.8565710196491,-6.99567879453055,39.0000002607703));
#6842=CARTESIAN_POINT('Origin',(0.,-10.0000001490116,0.));
#6843=CARTESIAN_POINT('',(0.,10.0000001490116,35.));
#6844=CARTESIAN_POINT('',(0.,10.0000001490116,0.));
#6845=CARTESIAN_POINT('',(0.,-10.0000001490116,35.));
#6846=CARTESIAN_POINT('',(0.,10.0000001490116,35.));
#6847=CARTESIAN_POINT('',(0.,-10.0000001490116,0.));
#6848=CARTESIAN_POINT('Origin',(0.,10.0000001490116,0.));
#6849=CARTESIAN_POINT('',(-10.0000001490116,10.0000001490116,35.));
#6850=CARTESIAN_POINT('',(-10.0000001490116,10.0000001490116,0.));
#6851=CARTESIAN_POINT('',(-10.0000001490116,10.0000001490116,35.));
#6852=CARTESIAN_POINT('Origin',(-10.0000001490116,-10.0000001490116,0.));
#6853=CARTESIAN_POINT('',(-10.0000001490116,-10.0000001490116,35.));
#6854=CARTESIAN_POINT('',(0.,-10.0000001490116,35.));
#6855=CARTESIAN_POINT('',(-10.0000001490116,-10.0000001490116,0.));
#6856=CARTESIAN_POINT('Origin',(-10.0000001490116,10.0000001490116,0.));
#6857=CARTESIAN_POINT('',(-10.0000001490116,-10.0000001490116,35.));
#6858=CARTESIAN_POINT('Origin',(-5.00000007450581,0.,35.));
#6859=CARTESIAN_POINT('Origin',(18.8565710196491,20.,0.));
#6860=CARTESIAN_POINT('',(14.8565710196491,20.,155.));
#6861=CARTESIAN_POINT('',(14.8565710196491,20.,0.));
#6862=CARTESIAN_POINT('',(18.8565710196491,20.,155.));
#6863=CARTESIAN_POINT('',(18.8565710196491,20.,155.));
#6864=CARTESIAN_POINT('',(18.8565710196491,20.,0.));
#6865=CARTESIAN_POINT('Origin',(14.8565710196491,20.,0.));
#6866=CARTESIAN_POINT('',(14.8565710196491,-20.,155.));
#6867=CARTESIAN_POINT('',(14.8565710196491,-20.,0.));
#6868=CARTESIAN_POINT('',(14.8565710196491,20.,155.));
#6869=CARTESIAN_POINT('Origin',(18.8565710196491,-20.,0.));
#6870=CARTESIAN_POINT('',(18.8565710196491,-20.,155.));
#6871=CARTESIAN_POINT('',(18.8565710196491,-20.,155.));
#6872=CARTESIAN_POINT('',(18.8565710196491,-20.,0.));
#6873=CARTESIAN_POINT('Origin',(14.8565710196491,-20.,0.));
#6874=CARTESIAN_POINT('',(14.8565710196491,-20.,155.));
#6875=CARTESIAN_POINT('Origin',(16.8565710196491,0.,155.));
#6876=CARTESIAN_POINT('Origin',(-33.9411254969543,-33.9411254969543,0.));
#6877=CARTESIAN_POINT('',(-35.7411254969543,-33.9411254969543,0.));
#6878=CARTESIAN_POINT('',(-35.7411254969543,-33.9411254969543,0.));
#6879=CARTESIAN_POINT('Origin',(-33.9411254969543,-33.9411254969543,0.));
#6880=CARTESIAN_POINT('Origin',(33.9411254969543,33.9411254969543,0.));
#6881=CARTESIAN_POINT('',(32.1411254969543,33.9411254969543,0.));
#6882=CARTESIAN_POINT('',(32.1411254969543,33.9411254969543,0.));
#6883=CARTESIAN_POINT('Origin',(33.9411254969543,33.9411254969543,0.));
#6884=CARTESIAN_POINT('Origin',(-33.9411254969543,33.9411254969543,0.));
#6885=CARTESIAN_POINT('',(-35.7411254969543,33.9411254969543,0.));
#6886=CARTESIAN_POINT('',(-35.7411254969543,33.9411254969543,0.));
#6887=CARTESIAN_POINT('Origin',(-33.9411254969543,33.9411254969543,0.));
#6888=CARTESIAN_POINT('Origin',(33.9411254969543,-33.9411254969543,0.));
#6889=CARTESIAN_POINT('',(32.1411254969543,-33.9411254969543,0.));
#6890=CARTESIAN_POINT('',(32.1411254969543,-33.9411254969543,0.));
#6891=CARTESIAN_POINT('Origin',(33.9411254969543,-33.9411254969543,0.));
#6892=CARTESIAN_POINT('Origin',(0.,0.,0.));
#6893=CARTESIAN_POINT('',(-65.,-7.9602041944578E-15,0.));
#6894=CARTESIAN_POINT('',(-65.,-7.9602041944578E-15,0.));
#6895=CARTESIAN_POINT('Origin',(0.,0.,0.));
#6896=CARTESIAN_POINT('Origin',(0.,0.,0.));
#6897=CARTESIAN_POINT('Ctrl Pts',(-131.000001817944,2.80331313717852E-14,
-25.));
#6898=CARTESIAN_POINT('Ctrl Pts',(-131.000001817944,-1.34639087015731,-25.));
#6899=CARTESIAN_POINT('Ctrl Pts',(-130.386275367344,-4.03762977573235,-25.));
#6900=CARTESIAN_POINT('Ctrl Pts',(-127.802494498629,-7.27878194357391,-25.));
#6901=CARTESIAN_POINT('Ctrl Pts',(-124.072926895807,-9.07172909304368,-25.));
#6902=CARTESIAN_POINT('Ctrl Pts',(-119.463311236162,-9.07916706674466,-25.));
#6903=CARTESIAN_POINT('Ctrl Pts',(-115.813045600823,-6.96841486815522,-25.));
#6904=CARTESIAN_POINT('Ctrl Pts',(-113.252007676833,-3.21230684771664,-25.));
#6905=CARTESIAN_POINT('Ctrl Pts',(-112.695468746189,0.492643211507207,-25.));
#6906=CARTESIAN_POINT('Ctrl Pts',(-113.903825294645,4.39892046238087,-25.));
#6907=CARTESIAN_POINT('Ctrl Pts',(-116.19616763088,7.27649845879415,-25.));
#6908=CARTESIAN_POINT('Ctrl Pts',(-119.929981539131,9.07422298805761,-25.));
#6909=CARTESIAN_POINT('Ctrl Pts',(-124.070847052446,9.07380600963362,-25.));
#6910=CARTESIAN_POINT('Ctrl Pts',(-127.803739522549,7.27790189776252,-25.));
#6911=CARTESIAN_POINT('Ctrl Pts',(-130.385715371499,4.03816542148724,-25.));
#6912=CARTESIAN_POINT('Ctrl Pts',(-131.000001817943,1.34639087015712,-25.));
#6913=CARTESIAN_POINT('Ctrl Pts',(-131.000001817943,-9.88098491916389E-14,
-25.));
#6914=CARTESIAN_POINT('Ctrl Pts',(-130.676753003687,2.92892053387302E-14,
-25.0000000000001));
#6915=CARTESIAN_POINT('Ctrl Pts',(-130.676753003687,-1.29871820805047,-25.0000000000001));
#6916=CARTESIAN_POINT('Ctrl Pts',(-130.085679384451,-3.89307431837945,-25.0000000000001));
#6917=CARTESIAN_POINT('Ctrl Pts',(-127.595055558661,-7.0182901266999,-25.));
#6918=CARTESIAN_POINT('Ctrl Pts',(-123.998428667705,-8.74709194109591,-25.));
#6919=CARTESIAN_POINT('Ctrl Pts',(-119.55437581219,-8.75447243987858,-25.));
#6920=CARTESIAN_POINT('Ctrl Pts',(-116.034339850704,-6.71901649186617,-25.));
#6921=CARTESIAN_POINT('Ctrl Pts',(-113.564805053411,-3.09727220741135,-25.));
#6922=CARTESIAN_POINT('Ctrl Pts',(-113.028558162191,0.474472791876431,-25.));
#6923=CARTESIAN_POINT('Ctrl Pts',(-114.193587122724,4.24182843164665,-25.));
#6924=CARTESIAN_POINT('Ctrl Pts',(-116.404174665249,7.01624102496084,-25.));
#6925=CARTESIAN_POINT('Ctrl Pts',(-120.004038908096,8.74984277624783,-25.));
#6926=CARTESIAN_POINT('Ctrl Pts',(-123.996395990168,8.74908881769515,-25.));
#6927=CARTESIAN_POINT('Ctrl Pts',(-127.596197058462,7.01748070459014,-25.));
#6928=CARTESIAN_POINT('Ctrl Pts',(-130.085136818801,3.89358686937766,-25.));
#6929=CARTESIAN_POINT('Ctrl Pts',(-130.676753003686,1.2987182080503,-25.));
#6930=CARTESIAN_POINT('Ctrl Pts',(-130.676753003686,-9.58042436278727E-14,
-25.));
#6931=CARTESIAN_POINT('Ctrl Pts',(-129.870497140983,3.65305983142196E-14,
-24.8327425346104));
#6932=CARTESIAN_POINT('Ctrl Pts',(-129.870497140983,-1.17741376055889,-24.8327425346104));
#6933=CARTESIAN_POINT('Ctrl Pts',(-129.333789800839,-3.53090220172633,-24.8327425346103));
#6934=CARTESIAN_POINT('Ctrl Pts',(-127.07427250651,-6.36528507052183,-24.8327425346102));
#6935=CARTESIAN_POINT('Ctrl Pts',(-123.812774013434,-7.93321482431886,-24.8327425346102));
#6936=CARTESIAN_POINT('Ctrl Pts',(-119.781667505728,-7.9397179952768,-24.8327425346102));
#6937=CARTESIAN_POINT('Ctrl Pts',(-116.589517669542,-6.09386956687802,-24.8327425346102));
#6938=CARTESIAN_POINT('Ctrl Pts',(-114.34989439099,-2.80915850530184,-24.8327425346101));
#6939=CARTESIAN_POINT('Ctrl Pts',(-113.863199458183,0.430819261495198,-24.8327425346102));
#6940=CARTESIAN_POINT('Ctrl Pts',(-114.91990617157,3.84684792342407,-24.8327425346102));
#6941=CARTESIAN_POINT('Ctrl Pts',(-116.924554676926,6.36328719544762,-24.8327425346102));
#6942=CARTESIAN_POINT('Ctrl Pts',(-120.189772007505,7.93539353094235,-24.8327425346102));
#6943=CARTESIAN_POINT('Ctrl Pts',(-123.810955366574,7.9350311214149,-24.8327425346102));
#6944=CARTESIAN_POINT('Ctrl Pts',(-127.075361653202,6.36451522284012,-24.8327425346102));
#6945=CARTESIAN_POINT('Ctrl Pts',(-129.333300101822,3.53137064818025,-24.8327425346102));
#6946=CARTESIAN_POINT('Ctrl Pts',(-129.870497140982,1.17741376055874,-24.8327425346102));
#6947=CARTESIAN_POINT('Ctrl Pts',(-129.870497140982,-8.85242235516289E-14,
-24.8327425346102));
#6948=CARTESIAN_POINT('Ctrl Pts',(-128.591768013473,6.66760517735187E-14,
-23.8077907313579));
#6949=CARTESIAN_POINT('Ctrl Pts',(-128.591768013473,-0.986553283140183,
-23.8077907313579));
#6950=CARTESIAN_POINT('Ctrl Pts',(-128.142647824566,-2.95752592096198,-23.8077907313579));
#6951=CARTESIAN_POINT('Ctrl Pts',(-126.250463745615,-5.3317047378776,-23.8077907313577));
#6952=CARTESIAN_POINT('Ctrl Pts',(-123.51822146855,-6.64505060547012,-23.8077907313577));
#6953=CARTESIAN_POINT('Ctrl Pts',(-120.142054708707,-6.65063046175275,-23.8077907313577));
#6954=CARTESIAN_POINT('Ctrl Pts',(-117.467981137146,-5.10435220899142,-23.8077907313577));
#6955=CARTESIAN_POINT('Ctrl Pts',(-115.591926841938,-2.35296732518488,-23.8077907313577));
#6956=CARTESIAN_POINT('Ctrl Pts',(-115.184498476515,0.360520741527205,-23.8077907313577));
#6957=CARTESIAN_POINT('Ctrl Pts',(-116.069566752099,3.22241903868907,-23.8077907313577));
#6958=CARTESIAN_POINT('Ctrl Pts',(-117.748885024924,5.33012830269566,-23.8077907313577));
#6959=CARTESIAN_POINT('Ctrl Pts',(-120.483697595878,6.64709557226075,-23.8077907313577));
#6960=CARTESIAN_POINT('Ctrl Pts',(-123.516680798753,6.64656834619317,-23.8077907313577));
#6961=CARTESIAN_POINT('Ctrl Pts',(-126.251338560444,5.331084765902,-23.8077907313577));
#6962=CARTESIAN_POINT('Ctrl Pts',(-128.14223598234,2.95791580739341,-23.8077907313577));
#6963=CARTESIAN_POINT('Ctrl Pts',(-128.591768013473,0.986553283140116,-23.8077907313577));
#6964=CARTESIAN_POINT('Ctrl Pts',(-128.591768013473,-7.7962028722769E-14,
-23.8077907313577));
#6965=CARTESIAN_POINT('Ctrl Pts',(-128.055680173787,9.61065040046649E-14,
-22.6944670115203));
#6966=CARTESIAN_POINT('Ctrl Pts',(-128.055680173787,-0.905714581651787,
-22.6944670115203));
#6967=CARTESIAN_POINT('Ctrl Pts',(-127.642546535308,-2.71659106048215,-22.6944670115203));
#6968=CARTESIAN_POINT('Ctrl Pts',(-125.903932770578,-4.89726587976884,-22.6944670115203));
#6969=CARTESIAN_POINT('Ctrl Pts',(-123.394789988092,-6.10357949362461,-22.6944670115202));
#6970=CARTESIAN_POINT('Ctrl Pts',(-120.293195146963,-6.1085202622696,-22.6944670115202));
#6971=CARTESIAN_POINT('Ctrl Pts',(-117.837369128494,-4.68845083139097,-22.6944670115202));
#6972=CARTESIAN_POINT('Ctrl Pts',(-116.114313114639,-2.16130708288214,-22.6944670115202));
#6973=CARTESIAN_POINT('Ctrl Pts',(-115.739751777981,0.331621710170797,-22.6944670115202));
#6974=CARTESIAN_POINT('Ctrl Pts',(-116.552776227852,2.95955263176524,-22.6944670115202));
#6975=CARTESIAN_POINT('Ctrl Pts',(-118.095009790105,4.89568299704843,-22.6944670115203));
#6976=CARTESIAN_POINT('Ctrl Pts',(-120.607270705029,6.10515192235642,-22.6944670115202));
#6977=CARTESIAN_POINT('Ctrl Pts',(-123.393398949952,6.10497861260899,-22.6944670115202));
#6978=CARTESIAN_POINT('Ctrl Pts',(-125.904788409787,4.89666184855791,-22.6944670115203));
#6979=CARTESIAN_POINT('Ctrl Pts',(-127.642170557933,2.71695264656273,-22.6944670115202));
#6980=CARTESIAN_POINT('Ctrl Pts',(-128.055680173787,0.905714581651744,-22.6944670115203));
#6981=CARTESIAN_POINT('Ctrl Pts',(-128.055680173787,-7.44194647203732E-14,
-22.6944670115203));
#6982=CARTESIAN_POINT('Ctrl Pts',(-128.000001817942,1.094114354586E-13,
-22.1616244071284));
#6983=CARTESIAN_POINT('Ctrl Pts',(-128.000001817942,-0.898008766188916,
-22.1616244071284));
#6984=CARTESIAN_POINT('Ctrl Pts',(-127.591220206,-2.69203309828323,-22.1616244071284));
#6985=CARTESIAN_POINT('Ctrl Pts',(-125.868915574471,-4.85308862313506,-22.1616244071284));
#6986=CARTESIAN_POINT('Ctrl Pts',(-123.381924047479,-6.04853879621882,-22.1616244071284));
#6987=CARTESIAN_POINT('Ctrl Pts',(-120.308847778185,-6.05362442139203,-22.1616244071284));
#6988=CARTESIAN_POINT('Ctrl Pts',(-117.874807325637,-4.64614461649954,-22.1616244071284));
#6989=CARTESIAN_POINT('Ctrl Pts',(-116.167157732249,-2.14174397707545,-22.1616244071284));
#6990=CARTESIAN_POINT('Ctrl Pts',(-115.796315328159,0.328140312493414,-22.1616244071284));
#6991=CARTESIAN_POINT('Ctrl Pts',(-116.601930200889,2.93315985836222,-22.1616244071284));
#6992=CARTESIAN_POINT('Ctrl Pts',(-118.130508580355,4.85165857345359,-22.1616244071284));
#6993=CARTESIAN_POINT('Ctrl Pts',(-120.619812320722,6.05041123917485,-22.1616244071284));
#6994=CARTESIAN_POINT('Ctrl Pts',(-123.380520810198,6.04992011020804,-22.1616244071284));
#6995=CARTESIAN_POINT('Ctrl Pts',(-125.86970997705,4.85252555354739,-22.1616244071284));
#6996=CARTESIAN_POINT('Ctrl Pts',(-127.590845250676,2.69238786014497,-22.1616244071284));
#6997=CARTESIAN_POINT('Ctrl Pts',(-128.000001817942,0.898008766188876,-22.1616244071284));
#6998=CARTESIAN_POINT('Ctrl Pts',(-128.000001817942,-7.45919306229619E-14,
-22.1616244071284));
#6999=CARTESIAN_POINT('Ctrl Pts',(-128.000001817942,1.13381526389844E-13,
-22.));
#7000=CARTESIAN_POINT('Ctrl Pts',(-128.000001817942,-0.897593913438112,
-22.));
#7001=CARTESIAN_POINT('Ctrl Pts',(-127.590850850876,-2.69175318382138,-22.));
#7002=CARTESIAN_POINT('Ctrl Pts',(-125.868330271733,-4.85252129571582,-22.));
#7003=CARTESIAN_POINT('Ctrl Pts',(-123.381951869852,-6.0478193953623,-22.));
#7004=CARTESIAN_POINT('Ctrl Pts',(-120.308874763422,-6.05277804449632,-22.));
#7005=CARTESIAN_POINT('Ctrl Pts',(-117.875364339863,-4.64560991210343,-22.));
#7006=CARTESIAN_POINT('Ctrl Pts',(-116.16800572387,-2.14153789847776,-22.));
#7007=CARTESIAN_POINT('Ctrl Pts',(-115.796979770107,0.328428807671406,-22.));
#7008=CARTESIAN_POINT('Ctrl Pts',(-116.602550802411,2.93261364158713,-22.));
#7009=CARTESIAN_POINT('Ctrl Pts',(-118.130779026568,4.8509989725292,-22.));
#7010=CARTESIAN_POINT('Ctrl Pts',(-120.619988298735,6.04948199203816,-22.));
#7011=CARTESIAN_POINT('Ctrl Pts',(-123.380565307611,6.04920400642218,-22.));
#7012=CARTESIAN_POINT('Ctrl Pts',(-125.86916028768,4.85193459850818,-22.));
#7013=CARTESIAN_POINT('Ctrl Pts',(-127.590477520313,2.69211028099144,-22.));
#7014=CARTESIAN_POINT('Ctrl Pts',(-128.000001817942,0.897593913438071,-22.));
#7015=CARTESIAN_POINT('Ctrl Pts',(-128.000001817942,-7.48012762841199E-14,
-22.));
#7016=CARTESIAN_POINT('',(-131.000001817943,-9.88098491916389E-14,-25.));
#7017=CARTESIAN_POINT('',(-128.000001817942,1.13381526389844E-13,-22.));
#7018=CARTESIAN_POINT('Ctrl Pts',(-131.000001817935,2.80331313718183E-14,
-25.));
#7019=CARTESIAN_POINT('Ctrl Pts',(-130.67675300368,2.92892053387939E-14,
-24.9999999999986));
#7020=CARTESIAN_POINT('Ctrl Pts',(-130.273625072331,3.2909901826535E-14,
-24.9163712673034));
#7021=CARTESIAN_POINT('Ctrl Pts',(-129.858939585407,3.97444923135638E-14,
-24.7037316004157));
#7022=CARTESIAN_POINT('Ctrl Pts',(-129.444254098479,4.65790828006526E-14,
-24.4910919335262));
#7023=CARTESIAN_POINT('Ctrl Pts',(-129.018011055976,5.66275672870857E-14,
-24.1494413324421));
#7024=CARTESIAN_POINT('Ctrl Pts',(-128.697671966787,6.75378999765314E-14,
-23.7559512879325));
#7025=CARTESIAN_POINT('Ctrl Pts',(-128.377332877598,7.84482326659772E-14,
-23.3624612434229));
#7026=CARTESIAN_POINT('Ctrl Pts',(-128.162897741724,9.02204135584357E-14,
-22.9171317554878));
#7027=CARTESIAN_POINT('Ctrl Pts',(-128.066673427168,1.00057776724338E-13,
-22.5318696575575));
#7028=CARTESIAN_POINT('Ctrl Pts',(-128.01856126989,1.04976458307289E-13,
-22.3392386085924));
#7029=CARTESIAN_POINT('Ctrl Pts',(-128.000001817942,1.094114354586E-13,
-22.1616244071284));
#7030=CARTESIAN_POINT('Ctrl Pts',(-128.000001817942,1.13381526389844E-13,
-22.));
#7031=CARTESIAN_POINT('Ctrl Pts',(-128.000001817942,1.13381526389844E-13,
-22.));
#7032=CARTESIAN_POINT('Ctrl Pts',(-128.000001817942,-0.897593913438112,
-22.));
#7033=CARTESIAN_POINT('Ctrl Pts',(-127.590850850876,-2.69175318382138,-22.));
#7034=CARTESIAN_POINT('Ctrl Pts',(-125.868330271733,-4.85252129571582,-22.));
#7035=CARTESIAN_POINT('Ctrl Pts',(-123.381951869852,-6.0478193953623,-22.));
#7036=CARTESIAN_POINT('Ctrl Pts',(-120.308874763422,-6.05277804449632,-22.));
#7037=CARTESIAN_POINT('Ctrl Pts',(-117.875364339863,-4.64560991210343,-22.));
#7038=CARTESIAN_POINT('Ctrl Pts',(-116.16800572387,-2.14153789847776,-22.));
#7039=CARTESIAN_POINT('Ctrl Pts',(-115.796979770107,0.328428807671406,-22.));
#7040=CARTESIAN_POINT('Ctrl Pts',(-116.602550802411,2.93261364158713,-22.));
#7041=CARTESIAN_POINT('Ctrl Pts',(-118.130779026568,4.8509989725292,-22.));
#7042=CARTESIAN_POINT('Ctrl Pts',(-120.619988298735,6.04948199203816,-22.));
#7043=CARTESIAN_POINT('Ctrl Pts',(-123.380565307611,6.04920400642218,-22.));
#7044=CARTESIAN_POINT('Ctrl Pts',(-125.86916028768,4.85193459850818,-22.));
#7045=CARTESIAN_POINT('Ctrl Pts',(-127.590477520313,2.69211028099144,-22.));
#7046=CARTESIAN_POINT('Ctrl Pts',(-128.000001817942,0.897593913438071,-22.));
#7047=CARTESIAN_POINT('Ctrl Pts',(-128.000001817942,-7.48012762841199E-14,
-22.));
#7048=CARTESIAN_POINT('Ctrl Pts',(-131.000001817941,-9.88098491916236E-14,
-25.));
#7049=CARTESIAN_POINT('Ctrl Pts',(-131.000001817941,1.34639087015688,-25.));
#7050=CARTESIAN_POINT('Ctrl Pts',(-130.692858594719,2.6922781458217,-25.));
#7051=CARTESIAN_POINT('Ctrl Pts',(-130.10895767495,3.90517786303325,-25.));
#7052=CARTESIAN_POINT('Ctrl Pts',(-129.525056755181,5.11807758024481,-25.));
#7053=CARTESIAN_POINT('Ctrl Pts',(-128.664398138864,6.19798973900309,-25.));
#7054=CARTESIAN_POINT('Ctrl Pts',(-127.611920085689,7.03726317036072,-25.));
#7055=CARTESIAN_POINT('Ctrl Pts',(-126.559442032514,7.87653660171835,-25.));
#7056=CARTESIAN_POINT('Ctrl Pts',(-125.31514454248,8.47517130567533,-25.));
#7057=CARTESIAN_POINT('Ctrl Pts',(-124.002851545244,8.77455815405784,-25.));
#7058=CARTESIAN_POINT('Ctrl Pts',(-122.690558548007,9.07394500244035,-25.));
#7059=CARTESIAN_POINT('Ctrl Pts',(-121.310270043569,9.07408399524838,-25.));
#7060=CARTESIAN_POINT('Ctrl Pts',(-119.997823473308,8.77453273677521,-25.));
#7061=CARTESIAN_POINT('Ctrl Pts',(-118.685376903048,8.47498147830205,-25.));
#7062=CARTESIAN_POINT('Ctrl Pts',(-117.440772266964,7.87573996854767,-25.));
#7063=CARTESIAN_POINT('Ctrl Pts',(-116.388655760878,7.03657333934307,-25.));
#7064=CARTESIAN_POINT('Ctrl Pts',(-115.336539254793,6.19740671013846,-25.));
#7065=CARTESIAN_POINT('Ctrl Pts',(-114.476910878705,5.11831496148363,-25.));
#7066=CARTESIAN_POINT('Ctrl Pts',(-113.891388218578,3.90542281184705,-25.));
#7067=CARTESIAN_POINT('Ctrl Pts',(-113.501039778494,3.09682804542267,-25.));
#7068=CARTESIAN_POINT('Ctrl Pts',(-113.232516101059,2.2287664341175,-25.));
#7069=CARTESIAN_POINT('Ctrl Pts',(-113.099878560323,1.34131285497877,-25.));
#7070=CARTESIAN_POINT('Ctrl Pts',(-112.834603478851,-0.433594303298705,
-25.));
#7071=CARTESIAN_POINT('Ctrl Pts',(-113.112872944173,-2.28606933291047,-25.));
#7072=CARTESIAN_POINT('Ctrl Pts',(-113.888572879011,-3.90518981489796,-25.));
#7073=CARTESIAN_POINT('Ctrl Pts',(-114.27642284643,-4.7147500558917,-25.));
#7074=CARTESIAN_POINT('Ctrl Pts',(-114.788630431228,-5.46597165997938,-25.));
#7075=CARTESIAN_POINT('Ctrl Pts',(-115.400492201489,-6.12313807741482,-25.));
#7076=CARTESIAN_POINT('Ctrl Pts',(-116.62421574201,-7.43747091228571,-25.));
#7077=CARTESIAN_POINT('Ctrl Pts',(-118.246556024383,-8.37558300054768,-25.));
#7078=CARTESIAN_POINT('Ctrl Pts',(-119.995471153318,-8.77593093009975,-25.));
#7079=CARTESIAN_POINT('Ctrl Pts',(-121.30715750002,-9.07619187726381,-25.));
#7080=CARTESIAN_POINT('Ctrl Pts',(-122.690042197914,-9.07396048515356,-25.));
#7081=CARTESIAN_POINT('Ctrl Pts',(-124.003079147331,-8.77402026418684,-25.));
#7082=CARTESIAN_POINT('Ctrl Pts',(-125.316116096748,-8.47408004322011,-25.));
#7083=CARTESIAN_POINT('Ctrl Pts',(-126.559305297688,-7.87643099339691,-25.));
#7084=CARTESIAN_POINT('Ctrl Pts',(-127.611530042944,-7.03741444051175,-25.));
#7085=CARTESIAN_POINT('Ctrl Pts',(-128.6637547882,-6.19839788762658,-25.));
#7086=CARTESIAN_POINT('Ctrl Pts',(-129.525015077772,-5.11801383167944,-25.));
#7087=CARTESIAN_POINT('Ctrl Pts',(-130.109076835208,-3.90501207731212,-25.));
#7088=CARTESIAN_POINT('Ctrl Pts',(-130.693138592644,-2.69201032294484,-25.));
#7089=CARTESIAN_POINT('Ctrl Pts',(-131.000001817944,-1.34639087015739,-25.));
#7090=CARTESIAN_POINT('Ctrl Pts',(-131.000001817944,-9.6622358626521E-14,
-25.));
#7091=CARTESIAN_POINT('Origin',(-122.000001817942,-1.11022302462516E-14,
0.));
#7092=CARTESIAN_POINT('',(-128.000001817942,-1.36279876272738E-13,-8.));
#7093=CARTESIAN_POINT('Ctrl Pts',(-128.000001817942,-1.36279876272738E-13,
-8.));
#7094=CARTESIAN_POINT('Ctrl Pts',(-128.000001817942,0.897593913438088,-8.));
#7095=CARTESIAN_POINT('Ctrl Pts',(-127.590862202544,2.69175148255097,-8.));
#7096=CARTESIAN_POINT('Ctrl Pts',(-125.868338236216,4.85252404840835,-8.));
#7097=CARTESIAN_POINT('Ctrl Pts',(-123.381970452368,6.04783286810192,-8.));
#7098=CARTESIAN_POINT('Ctrl Pts',(-120.308915564937,6.05277908484025,-8.));
#7099=CARTESIAN_POINT('Ctrl Pts',(-117.875423218309,4.64560677366191,-8.));
#7100=CARTESIAN_POINT('Ctrl Pts',(-116.168051720259,2.14152639810647,-7.99999999999999));
#7101=CARTESIAN_POINT('Ctrl Pts',(-115.796953119676,-0.32841538623453,-8.));
#7102=CARTESIAN_POINT('Ctrl Pts',(-116.602545489391,-2.93261346516959,-8.));
#7103=CARTESIAN_POINT('Ctrl Pts',(-118.130739696657,-4.85100536944132,-8.));
#7104=CARTESIAN_POINT('Ctrl Pts',(-120.619967688374,-6.04949527855141,-8.));
#7105=CARTESIAN_POINT('Ctrl Pts',(-123.380553417873,-6.04921137372018,-8.));
#7106=CARTESIAN_POINT('Ctrl Pts',(-125.869151649754,-4.8519315904682,-8.));
#7107=CARTESIAN_POINT('Ctrl Pts',(-127.590480786897,-2.69210655256985,-8.));
#7108=CARTESIAN_POINT('Ctrl Pts',(-128.000001817942,-0.897593913438087,
-8.));
#7109=CARTESIAN_POINT('Ctrl Pts',(-128.000001817942,5.55111512312578E-14,
-8.));
#7110=CARTESIAN_POINT('',(-128.000001817942,-1.03674421667632E-14,0.));
#7111=CARTESIAN_POINT('Origin',(0.,0.,-25.));
#7112=CARTESIAN_POINT('',(-139.611263946491,-25.,-25.));
#7113=CARTESIAN_POINT('',(-139.611263946491,25.,-25.));
#7114=CARTESIAN_POINT('Origin',(-180.,0.,-25.));
#7115=CARTESIAN_POINT('',(-60.,25.,-25.));
#7116=CARTESIAN_POINT('',(0.,25.,-25.));
#7117=CARTESIAN_POINT('',(-60.,-25.,-25.));
#7118=CARTESIAN_POINT('Origin',(0.,0.,-25.));
#7119=CARTESIAN_POINT('',(-160.,-25.,-25.));
#7120=CARTESIAN_POINT('',(5.83366323804007,25.2164071792427,-25.));
#7121=CARTESIAN_POINT('Origin',(15.0336632380401,25.2164071792427,-25.));
#7122=CARTESIAN_POINT('',(32.1411254969543,-33.9411254969543,-25.));
#7123=CARTESIAN_POINT('Origin',(33.9411254969543,-33.9411254969543,-25.));
#7124=CARTESIAN_POINT('',(-35.7411254969543,33.9411254969543,-25.));
#7125=CARTESIAN_POINT('Origin',(-33.9411254969543,33.9411254969543,-25.));
#7126=CARTESIAN_POINT('',(-35.7411254969543,-33.9411254969543,-25.));
#7127=CARTESIAN_POINT('Origin',(-33.9411254969543,-33.9411254969543,-25.));
#7128=CARTESIAN_POINT('',(32.1411254969543,33.9411254969543,-25.));
#7129=CARTESIAN_POINT('Origin',(33.9411254969543,33.9411254969543,-25.));
#7130=CARTESIAN_POINT('Ctrl Pts',(-131.000001817944,-5.12090370108353E-14,
-5.));
#7131=CARTESIAN_POINT('Ctrl Pts',(-131.000001817944,1.34639087015729,-5.));
#7132=CARTESIAN_POINT('Ctrl Pts',(-130.386292394847,4.03762722382677,-5.));
#7133=CARTESIAN_POINT('Ctrl Pts',(-127.802506445354,7.27878607261273,-5.));
#7134=CARTESIAN_POINT('Ctrl Pts',(-124.072954769582,9.07174930215313,-5.));
#7135=CARTESIAN_POINT('Ctrl Pts',(-119.463372438434,9.07916862726058,-5.));
#7136=CARTESIAN_POINT('Ctrl Pts',(-115.813133918493,6.96841016049296,-5.));
#7137=CARTESIAN_POINT('Ctrl Pts',(-113.252076671417,3.21228959715973,-5.));
#7138=CARTESIAN_POINT('Ctrl Pts',(-112.695428770542,-0.492623079351875,
-5.));
#7139=CARTESIAN_POINT('Ctrl Pts',(-113.903817325115,-4.39892019775454,-5.));
#7140=CARTESIAN_POINT('Ctrl Pts',(-116.196108636014,-7.27650805416232,-5.));
#7141=CARTESIAN_POINT('Ctrl Pts',(-119.92995062359,-9.07424291782749,-5.));
#7142=CARTESIAN_POINT('Ctrl Pts',(-124.070829217839,-9.07381706058062,-5.));
#7143=CARTESIAN_POINT('Ctrl Pts',(-127.80372656566,-7.27789738570254,-5.));
#7144=CARTESIAN_POINT('Ctrl Pts',(-130.385720271375,-4.03815982885483,-5.));
#7145=CARTESIAN_POINT('Ctrl Pts',(-131.000001817943,-1.34639087015714,-5.));
#7146=CARTESIAN_POINT('Ctrl Pts',(-131.000001817943,7.9658502016855E-14,
-5.));
#7147=CARTESIAN_POINT('Ctrl Pts',(-130.676753003687,-5.24202511932465E-14,
-4.99999999999991));
#7148=CARTESIAN_POINT('Ctrl Pts',(-130.676753003687,1.29871820805045,-4.99999999999991));
#7149=CARTESIAN_POINT('Ctrl Pts',(-130.085661102168,3.89301306783321,-4.99999999999992));
#7150=CARTESIAN_POINT('Ctrl Pts',(-127.595040458411,7.01820043184824,-4.99999999999997));
#7151=CARTESIAN_POINT('Ctrl Pts',(-123.998443950889,8.74699325952435,-4.99999999999997));
#7152=CARTESIAN_POINT('Ctrl Pts',(-119.554481320102,8.75435822569272,-4.99999999999998));
#7153=CARTESIAN_POINT('Ctrl Pts',(-116.034508018793,6.71891937690911,-4.99999999999999));
#7154=CARTESIAN_POINT('Ctrl Pts',(-113.564981573232,3.09720824827737,-4.99999999999999));
#7155=CARTESIAN_POINT('Ctrl Pts',(-113.028636642862,-0.474439149635405,
-4.99999999999999));
#7156=CARTESIAN_POINT('Ctrl Pts',(-114.19367855884,-4.2417795578251,-4.99999999999998));
#7157=CARTESIAN_POINT('Ctrl Pts',(-116.404191382952,-7.01614743623514,-4.99999999999997));
#7158=CARTESIAN_POINT('Ctrl Pts',(-120.004045544228,-8.74974348762519,-4.99999999999998));
#7159=CARTESIAN_POINT('Ctrl Pts',(-123.996370155535,-8.74897584645409,-4.99999999999998));
#7160=CARTESIAN_POINT('Ctrl Pts',(-127.596159988419,-7.01738048689016,-4.99999999999998));
#7161=CARTESIAN_POINT('Ctrl Pts',(-130.085108460175,-3.8935210807687,-4.99999999999998));
#7162=CARTESIAN_POINT('Ctrl Pts',(-130.676753003686,-1.29871820805031,-4.99999999999997));
#7163=CARTESIAN_POINT('Ctrl Pts',(-130.676753003686,7.65482236225098E-14,
-4.99999999999997));
#7164=CARTESIAN_POINT('Ctrl Pts',(-129.870521499079,-5.95573275514641E-14,
-5.16725453642518));
#7165=CARTESIAN_POINT('Ctrl Pts',(-129.870521499079,1.17741376055886,-5.16725453642517));
#7166=CARTESIAN_POINT('Ctrl Pts',(-129.33382454939,3.53090912559685,-5.16725453642521));
#7167=CARTESIAN_POINT('Ctrl Pts',(-127.074293827842,6.36530449175701,-5.16725453642536));
#7168=CARTESIAN_POINT('Ctrl Pts',(-123.812804379112,7.93325211035351,-5.16725453642537));
#7169=CARTESIAN_POINT('Ctrl Pts',(-119.781713855778,7.93973784931929,-5.1672545364254));
#7170=CARTESIAN_POINT('Ctrl Pts',(-116.589582081949,6.09388069411903,-5.16725453642541));
#7171=CARTESIAN_POINT('Ctrl Pts',(-114.349937214767,2.80915085617045,-5.16725453642541));
#7172=CARTESIAN_POINT('Ctrl Pts',(-113.863143786814,-0.43080568946828,-5.16725453642541));
#7173=CARTESIAN_POINT('Ctrl Pts',(-114.919881583948,-3.84685536743803,-5.1672545364254));
#7174=CARTESIAN_POINT('Ctrl Pts',(-116.924488894079,-6.3633106873297,-5.16725453642537));
#7175=CARTESIAN_POINT('Ctrl Pts',(-120.189740489566,-7.93542874015863,-5.16725453642537));
#7176=CARTESIAN_POINT('Ctrl Pts',(-123.810945866576,-7.93506049696391,-5.16725453642538));
#7177=CARTESIAN_POINT('Ctrl Pts',(-127.075361488641,-6.36452690309452,-5.16725453642538));
#7178=CARTESIAN_POINT('Ctrl Pts',(-129.333324238626,-3.53137495365182,-5.1672545364254));
#7179=CARTESIAN_POINT('Ctrl Pts',(-129.870521499079,-1.17741376055877,-5.16725453642536));
#7180=CARTESIAN_POINT('Ctrl Pts',(-129.870521499079,6.90537788022277E-14,
-5.16725453642536));
#7181=CARTESIAN_POINT('Ctrl Pts',(-128.591783594022,-8.95727611630959E-14,
-6.19220605655342));
#7182=CARTESIAN_POINT('Ctrl Pts',(-128.591783594022,0.986553283140158,-6.19220605655342));
#7183=CARTESIAN_POINT('Ctrl Pts',(-128.142650987967,2.95749261602875,-6.19220605655345));
#7184=CARTESIAN_POINT('Ctrl Pts',(-126.250462566685,5.3316584543451,-6.1922060565536));
#7185=CARTESIAN_POINT('Ctrl Pts',(-123.518238363859,6.64500299757095,-6.19220605655361));
#7186=CARTESIAN_POINT('Ctrl Pts',(-120.142124445817,6.65057002811832,-6.19220605655364));
#7187=CARTESIAN_POINT('Ctrl Pts',(-117.468090284754,5.10429978831981,-6.19220605655365));
#7188=CARTESIAN_POINT('Ctrl Pts',(-115.592035951233,2.35292942583316,-6.19220605655365));
#7189=CARTESIAN_POINT('Ctrl Pts',(-115.184530177878,-0.360499547945596,
-6.19220605655365));
#7190=CARTESIAN_POINT('Ctrl Pts',(-116.069612519532,-3.2223929143717,-6.19220605655364));
#7191=CARTESIAN_POINT('Ctrl Pts',(-117.748879420535,-5.3300797560032,-6.19220605655361));
#7192=CARTESIAN_POINT('Ctrl Pts',(-120.483695201295,-6.64704637335479,-6.19220605655362));
#7193=CARTESIAN_POINT('Ctrl Pts',(-123.516666154927,-6.6465106298872,-6.19220605655362));
#7194=CARTESIAN_POINT('Ctrl Pts',(-126.251320622241,-5.33103064504537,-6.19220605655362));
#7195=CARTESIAN_POINT('Ctrl Pts',(-128.142231284192,-2.95787928234528,-6.19220605655364));
#7196=CARTESIAN_POINT('Ctrl Pts',(-128.591783594022,-0.986553283140127,
-6.1922060565536));
#7197=CARTESIAN_POINT('Ctrl Pts',(-128.591783594022,5.83619086089805E-14,
-6.1922060565536));
#7198=CARTESIAN_POINT('Ctrl Pts',(-128.055691239888,-1.18980386432324E-13,
-7.30553187665874));
#7199=CARTESIAN_POINT('Ctrl Pts',(-128.055691239888,0.905714581651762,-7.30553187665873));
#7200=CARTESIAN_POINT('Ctrl Pts',(-127.642577487715,2.7166112488264,-7.30553187665875));
#7201=CARTESIAN_POINT('Ctrl Pts',(-125.903953783757,4.89730411697756,-7.3055318766588));
#7202=CARTESIAN_POINT('Ctrl Pts',(-123.394814962697,6.10363767012965,-7.3055318766588));
#7203=CARTESIAN_POINT('Ctrl Pts',(-120.293219031846,6.10856464206786,-7.30553187665882));
#7204=CARTESIAN_POINT('Ctrl Pts',(-117.837397667956,4.68848253372128,-7.30553187665882));
#7205=CARTESIAN_POINT('Ctrl Pts',(-116.11431837731,2.16131314034758,-7.30553187665882));
#7206=CARTESIAN_POINT('Ctrl Pts',(-115.739680147395,-0.331614292965994,
-7.30553187665882));
#7207=CARTESIAN_POINT('Ctrl Pts',(-116.552732941993,-2.95957061638118,-7.30553187665882));
#7208=CARTESIAN_POINT('Ctrl Pts',(-118.094941433328,-4.89572735602485,-7.3055318766588));
#7209=CARTESIAN_POINT('Ctrl Pts',(-120.607236867175,-6.10520918031828,-7.30553187665881));
#7210=CARTESIAN_POINT('Ctrl Pts',(-123.393392327688,-6.10503231992841,-7.30553187665881));
#7211=CARTESIAN_POINT('Ctrl Pts',(-125.904792183699,-4.89669484951904,-7.30553187665881));
#7212=CARTESIAN_POINT('Ctrl Pts',(-127.642192859735,-2.7169712923815,-7.30553187665882));
#7213=CARTESIAN_POINT('Ctrl Pts',(-128.055691239888,-0.905714581651764,
-7.3055318766588));
#7214=CARTESIAN_POINT('Ctrl Pts',(-128.055691239888,5.49547205691144E-14,
-7.3055318766588));
#7215=CARTESIAN_POINT('Ctrl Pts',(-128.000001817942,-1.32302308710739E-13,
-7.83837559287162));
#7216=CARTESIAN_POINT('Ctrl Pts',(-128.000001817942,0.898008766188892,-7.83837559287162));
#7217=CARTESIAN_POINT('Ctrl Pts',(-127.59121054458,2.69199579386583,-7.83837559287163));
#7218=CARTESIAN_POINT('Ctrl Pts',(-125.868907419276,4.85303464629905,-7.83837559287164));
#7219=CARTESIAN_POINT('Ctrl Pts',(-123.381935611468,6.04848070884684,-7.83837559287164));
#7220=CARTESIAN_POINT('Ctrl Pts',(-120.308916742206,6.05355538302416,-7.83837559287165));
#7221=CARTESIAN_POINT('Ctrl Pts',(-117.874916482138,4.64608541420746,-7.83837559287164));
#7222=CARTESIAN_POINT('Ctrl Pts',(-116.167270346148,2.14170381497852,-7.83837559287164));
#7223=CARTESIAN_POINT('Ctrl Pts',(-115.796359544851,-0.328118271515134,
-7.83837559287164));
#7224=CARTESIAN_POINT('Ctrl Pts',(-116.60198491415,-2.93313023867222,-7.83837559287164));
#7225=CARTESIAN_POINT('Ctrl Pts',(-118.130513818454,-4.85160269123638,-7.83837559287164));
#7226=CARTESIAN_POINT('Ctrl Pts',(-120.61981377905,-6.05035276103996,-7.83837559287164));
#7227=CARTESIAN_POINT('Ctrl Pts',(-123.38050368776,-6.04985261057791,-7.83837559287164));
#7228=CARTESIAN_POINT('Ctrl Pts',(-125.869686454479,-4.85246448844791,-7.83837559287164));
#7229=CARTESIAN_POINT('Ctrl Pts',(-127.590828482632,-2.69234755565776,-7.83837559287164));
#7230=CARTESIAN_POINT('Ctrl Pts',(-128.000001817942,-0.898008766188891,
-7.83837559287164));
#7231=CARTESIAN_POINT('Ctrl Pts',(-128.000001817942,5.5256945785566E-14,
-7.83837559287164));
#7232=CARTESIAN_POINT('Ctrl Pts',(-128.000001817942,-1.36279876272738E-13,
-8.));
#7233=CARTESIAN_POINT('Ctrl Pts',(-128.000001817942,0.897593913438088,-8.));
#7234=CARTESIAN_POINT('Ctrl Pts',(-127.590862202544,2.69175148255097,-8.));
#7235=CARTESIAN_POINT('Ctrl Pts',(-125.868338236216,4.85252404840835,-8.));
#7236=CARTESIAN_POINT('Ctrl Pts',(-123.381970452368,6.04783286810192,-8.));
#7237=CARTESIAN_POINT('Ctrl Pts',(-120.308915564937,6.05277908484025,-8.));
#7238=CARTESIAN_POINT('Ctrl Pts',(-117.875423218309,4.64560677366191,-8.));
#7239=CARTESIAN_POINT('Ctrl Pts',(-116.168051720259,2.14152639810647,-7.99999999999999));
#7240=CARTESIAN_POINT('Ctrl Pts',(-115.796953119676,-0.32841538623453,-8.));
#7241=CARTESIAN_POINT('Ctrl Pts',(-116.602545489391,-2.93261346516959,-8.));
#7242=CARTESIAN_POINT('Ctrl Pts',(-118.130739696657,-4.85100536944132,-8.));
#7243=CARTESIAN_POINT('Ctrl Pts',(-120.619967688374,-6.04949527855141,-8.));
#7244=CARTESIAN_POINT('Ctrl Pts',(-123.380553417873,-6.04921137372018,-8.));
#7245=CARTESIAN_POINT('Ctrl Pts',(-125.869151649754,-4.8519315904682,-8.));
#7246=CARTESIAN_POINT('Ctrl Pts',(-127.590480786897,-2.69210655256985,-8.));
#7247=CARTESIAN_POINT('Ctrl Pts',(-128.000001817942,-0.897593913438087,
-8.));
#7248=CARTESIAN_POINT('Ctrl Pts',(-128.000001817942,5.55111512312578E-14,
-8.));
#7249=CARTESIAN_POINT('',(-131.000001817943,7.9658502016855E-14,-5.));
#7250=CARTESIAN_POINT('Ctrl Pts',(-131.000001817935,-5.12090370108673E-14,
-5.));
#7251=CARTESIAN_POINT('Ctrl Pts',(-130.67675300368,-5.24202511933093E-14,
-5.00000000000138));
#7252=CARTESIAN_POINT('Ctrl Pts',(-130.273637251379,-5.5988789372415E-14,
-5.08362726821441));
#7253=CARTESIAN_POINT('Ctrl Pts',(-129.858956391055,-6.2775630730515E-14,
-5.29626615567357));
#7254=CARTESIAN_POINT('Ctrl Pts',(-129.444275530727,-6.95624720886747E-14,
-5.50890504313459));
#7255=CARTESIAN_POINT('Ctrl Pts',(-129.018029562375,-7.95676166258853E-14,
-5.850555549844));
#7256=CARTESIAN_POINT('Ctrl Pts',(-128.697688107372,-9.04517139483362E-14,
-6.24404596721978));
#7257=CARTESIAN_POINT('Ctrl Pts',(-128.377346652368,-1.01335811270787E-13,
-6.63753638459555));
#7258=CARTESIAN_POINT('Ctrl Pts',(-128.162909710715,-1.13098861378478E-13,
-7.08286671263767));
#7259=CARTESIAN_POINT('Ctrl Pts',(-128.066679875965,-1.22940732427004E-13,
-7.46812958474633));
#7260=CARTESIAN_POINT('Ctrl Pts',(-128.018564958591,-1.27861667951267E-13,
-7.66076102080066));
#7261=CARTESIAN_POINT('Ctrl Pts',(-128.000001817942,-1.32302308710739E-13,
-7.83837559287162));
#7262=CARTESIAN_POINT('Ctrl Pts',(-128.000001817942,-1.36279876272738E-13,
-8.));
#7263=CARTESIAN_POINT('Ctrl Pts',(-131.000001817941,7.99360577729951E-14,
-5.));
#7264=CARTESIAN_POINT('Ctrl Pts',(-131.000001817941,-1.34639087015689,-5.));
#7265=CARTESIAN_POINT('Ctrl Pts',(-130.692861044657,-2.6922753495055,-5.));
#7266=CARTESIAN_POINT('Ctrl Pts',(-130.10895837373,-3.90517384865435,-5.));
#7267=CARTESIAN_POINT('Ctrl Pts',(-129.525055702802,-5.1180723478032,-5.));
#7268=CARTESIAN_POINT('Ctrl Pts',(-128.66439113423,-6.19798486675229,-5.));
#7269=CARTESIAN_POINT('Ctrl Pts',(-127.611909291975,-7.03726107203982,-5.));
#7270=CARTESIAN_POINT('Ctrl Pts',(-126.559427449719,-7.87653727732735,-5.));
#7271=CARTESIAN_POINT('Ctrl Pts',(-125.315128333779,-8.47517716895332,-5.));
#7272=CARTESIAN_POINT('Ctrl Pts',(-124.002832343434,-8.77456809097414,-5.));
#7273=CARTESIAN_POINT('Ctrl Pts',(-122.690536353089,-9.07395901299496,-5.));
#7274=CARTESIAN_POINT('Ctrl Pts',(-121.31024348834,-9.07410096541063,-5.));
#7275=CARTESIAN_POINT('Ctrl Pts',(-119.997790058036,-8.77454946434099,-5.));
#7276=CARTESIAN_POINT('Ctrl Pts',(-118.685336627732,-8.47499796327135,-5.));
#7277=CARTESIAN_POINT('Ctrl Pts',(-117.440722631873,-7.87575300871641,-5.));
#7278=CARTESIAN_POINT('Ctrl Pts',(-116.38861101315,-7.03658280836255,-5.));
#7279=CARTESIAN_POINT('Ctrl Pts',(-115.336499394427,-6.1974126080087,-5.));
#7280=CARTESIAN_POINT('Ctrl Pts',(-114.47689015284,-5.11831716185593,-5.));
#7281=CARTESIAN_POINT('Ctrl Pts',(-113.891368745291,-3.90541955971438,-5.));
#7282=CARTESIAN_POINT('Ctrl Pts',(-113.501021140258,-3.09682115828668,-5.));
#7283=CARTESIAN_POINT('Ctrl Pts',(-113.232490350353,-2.22875513197506,-5.));
#7284=CARTESIAN_POINT('Ctrl Pts',(-113.099857148823,-1.34130172472472,-5.));
#7285=CARTESIAN_POINT('Ctrl Pts',(-112.834590745762,0.433605089775979,-5.));
#7286=CARTESIAN_POINT('Ctrl Pts',(-113.112914696199,2.28606142803163,-5.));
#7287=CARTESIAN_POINT('Ctrl Pts',(-113.888637945565,3.90517902433898,-5.));
#7288=CARTESIAN_POINT('Ctrl Pts',(-114.276499570248,4.71473782249266,-5.));
#7289=CARTESIAN_POINT('Ctrl Pts',(-114.788711019663,5.46596193515926,-5.));
#7290=CARTESIAN_POINT('Ctrl Pts',(-115.400573357787,6.12313048929016,-5.));
#7291=CARTESIAN_POINT('Ctrl Pts',(-116.624298034036,7.43746759755194,-5.));
#7292=CARTESIAN_POINT('Ctrl Pts',(-118.246626265121,8.37558247167088,-5.));
#7293=CARTESIAN_POINT('Ctrl Pts',(-119.995528611277,8.77593585769733,-5.));
#7294=CARTESIAN_POINT('Ctrl Pts',(-121.307205370893,9.07620089721716,-5.));
#7295=CARTESIAN_POINT('Ctrl Pts',(-122.690080070238,9.07397509968497,-5.));
#7296=CARTESIAN_POINT('Ctrl Pts',(-124.003109365872,8.7740349959955,-5.));
#7297=CARTESIAN_POINT('Ctrl Pts',(-125.316138661506,8.47409489230603,-5.));
#7298=CARTESIAN_POINT('Ctrl Pts',(-126.55932255343,7.87644048245929,-5.));
#7299=CARTESIAN_POINT('Ctrl Pts',(-127.611545490974,7.03742013607162,-5.));
#7300=CARTESIAN_POINT('Ctrl Pts',(-128.663768428518,6.19839978968394,-5.));
#7301=CARTESIAN_POINT('Ctrl Pts',(-129.525030411682,5.11801350675534,-5.));
#7302=CARTESIAN_POINT('Ctrl Pts',(-130.109088759039,3.90501127687367,-5.));
#7303=CARTESIAN_POINT('Ctrl Pts',(-130.693147106395,2.69200904699205,-5.));
#7304=CARTESIAN_POINT('Ctrl Pts',(-131.000001817944,1.34639087015737,-5.));
#7305=CARTESIAN_POINT('Ctrl Pts',(-131.000001817944,8.25728374564961E-14,
-5.));
#7306=CARTESIAN_POINT('Origin',(0.,0.,-5.));
#7307=CARTESIAN_POINT('',(-139.611263946491,25.,-5.));
#7308=CARTESIAN_POINT('',(-139.611263946491,-25.,-5.));
#7309=CARTESIAN_POINT('Origin',(-180.,0.,-5.));
#7310=CARTESIAN_POINT('',(-60.,-25.,-5.));
#7311=CARTESIAN_POINT('',(-160.,-25.,-5.));
#7312=CARTESIAN_POINT('',(-65.,7.9602041944578E-15,-5.));
#7313=CARTESIAN_POINT('Origin',(0.,0.,-5.));
#7314=CARTESIAN_POINT('',(-60.,25.,-5.));
#7315=CARTESIAN_POINT('Origin',(0.,0.,-5.));
#7316=CARTESIAN_POINT('',(0.,25.,-5.));
#7317=CARTESIAN_POINT('Origin',(15.0336632380401,25.2164071792427,-19.));
#7318=CARTESIAN_POINT('',(11.8336632380401,25.2164071792427,-19.));
#7319=CARTESIAN_POINT('Origin',(5.83366323804007,25.2164071792427,-19.));
#7320=CARTESIAN_POINT('Origin',(15.0336632380401,25.2164071792427,-19.));
#7321=CARTESIAN_POINT('Origin',(15.0336632380401,25.2164071792427,0.));
#7322=CARTESIAN_POINT('',(11.8336632380401,25.2164071792427,0.));
#7323=CARTESIAN_POINT('',(11.8336632380401,25.2164071792427,0.));
#7324=CARTESIAN_POINT('Origin',(15.0336632380401,25.2164071792427,0.));
#7325=CARTESIAN_POINT('Origin',(-142.274575140626,0.,-60.));
#7326=CARTESIAN_POINT('',(-152.049150281253,-38.405728739343,-60.));
#7327=CARTESIAN_POINT('',(-152.049150281253,-25.,-60.));
#7328=CARTESIAN_POINT('',(-152.049150281253,25.,-60.));
#7329=CARTESIAN_POINT('',(-152.049150281253,25.,-60.));
#7330=CARTESIAN_POINT('Origin',(-180.,0.,-60.));
#7331=CARTESIAN_POINT('',(-152.049150281253,38.405728739343,-60.));
#7332=CARTESIAN_POINT('',(-152.049150281253,-25.,-60.));
#7333=CARTESIAN_POINT('Origin',(-180.,0.,-60.));
#7334=CARTESIAN_POINT('Origin',(-195.,0.,-50.));
#7335=CARTESIAN_POINT('',(-144.866125494779,-31.9665584987092,-50.));
#7336=CARTESIAN_POINT('',(-144.866125494779,31.9665584987092,-50.));
#7337=CARTESIAN_POINT('Origin',(-195.,0.,-50.));
#7338=CARTESIAN_POINT('',(-144.866125494779,31.9665584987092,-45.));
#7339=CARTESIAN_POINT('',(-144.866125494779,31.9665584987094,-50.));
#7340=CARTESIAN_POINT('',(-144.866125494779,-31.9665584987092,-45.));
#7341=CARTESIAN_POINT('Origin',(-195.,0.,-45.));
#7342=CARTESIAN_POINT('',(-144.866125494779,-31.9665584987094,-50.));
#7343=CARTESIAN_POINT('Origin',(-138.68306274739,0.,-45.));
#7344=CARTESIAN_POINT('Origin',(-180.,0.,-45.));
#7345=CARTESIAN_POINT('Origin',(-138.68306274739,0.,-50.));
#7346=CARTESIAN_POINT('Origin',(-180.,0.,-50.));
#7347=CARTESIAN_POINT('Origin',(-195.,0.,-35.));
#7348=CARTESIAN_POINT('',(-144.866125494779,-31.9665584987092,-35.));
#7349=CARTESIAN_POINT('',(-144.866125494779,31.9665584987092,-35.));
#7350=CARTESIAN_POINT('Origin',(-195.,0.,-35.));
#7351=CARTESIAN_POINT('',(-144.866125494779,31.9665584987092,-30.));
#7352=CARTESIAN_POINT('',(-144.866125494779,31.9665584987094,-35.));
#7353=CARTESIAN_POINT('',(-144.866125494779,-31.9665584987092,-30.));
#7354=CARTESIAN_POINT('Origin',(-195.,0.,-30.));
#7355=CARTESIAN_POINT('',(-144.866125494779,-31.9665584987094,-35.));
#7356=CARTESIAN_POINT('Origin',(-138.68306274739,0.,-30.));
#7357=CARTESIAN_POINT('Origin',(-180.,0.,-30.));
#7358=CARTESIAN_POINT('Origin',(-138.68306274739,0.,-35.));
#7359=CARTESIAN_POINT('Origin',(-180.,0.,-35.));
#7360=CARTESIAN_POINT('Origin',(-195.,0.,15.));
#7361=CARTESIAN_POINT('',(-144.866125494779,-31.9665584987092,15.));
#7362=CARTESIAN_POINT('',(-144.866125494779,31.9665584987092,15.));
#7363=CARTESIAN_POINT('Origin',(-195.,0.,15.));
#7364=CARTESIAN_POINT('',(-144.866125494779,31.9665584987092,20.));
#7365=CARTESIAN_POINT('',(-144.866125494779,31.9665584987094,15.));
#7366=CARTESIAN_POINT('',(-144.866125494779,-31.9665584987092,20.));
#7367=CARTESIAN_POINT('Origin',(-195.,0.,20.));
#7368=CARTESIAN_POINT('',(-144.866125494779,-31.9665584987094,15.));
#7369=CARTESIAN_POINT('Origin',(-138.68306274739,0.,20.));
#7370=CARTESIAN_POINT('Origin',(-180.,0.,20.));
#7371=CARTESIAN_POINT('Origin',(-138.68306274739,0.,15.));
#7372=CARTESIAN_POINT('Origin',(-180.,0.,15.));
#7373=CARTESIAN_POINT('Origin',(-195.,0.,0.));
#7374=CARTESIAN_POINT('',(-144.866125494779,-31.9665584987092,0.));
#7375=CARTESIAN_POINT('',(-144.866125494779,31.9665584987092,0.));
#7376=CARTESIAN_POINT('Origin',(-195.,0.,0.));
#7377=CARTESIAN_POINT('',(-144.866125494779,31.9665584987092,5.));
#7378=CARTESIAN_POINT('',(-144.866125494779,31.9665584987094,0.));
#7379=CARTESIAN_POINT('',(-144.866125494779,-31.9665584987092,5.));
#7380=CARTESIAN_POINT('Origin',(-195.,0.,5.));
#7381=CARTESIAN_POINT('',(-144.866125494779,-31.9665584987094,0.));
#7382=CARTESIAN_POINT('Origin',(-138.68306274739,0.,5.));
#7383=CARTESIAN_POINT('Origin',(-180.,0.,5.));
#7384=CARTESIAN_POINT('Origin',(-138.68306274739,0.,0.));
#7385=CARTESIAN_POINT('Origin',(-180.,0.,0.));
#7386=CARTESIAN_POINT('Origin',(-142.274575140626,0.,30.));
#7387=CARTESIAN_POINT('',(-152.049150281253,-25.,30.));
#7388=CARTESIAN_POINT('',(-152.049150281253,-38.405728739343,30.));
#7389=CARTESIAN_POINT('',(-152.049150281253,25.,30.));
#7390=CARTESIAN_POINT('',(-152.049150281253,38.405728739343,30.));
#7391=CARTESIAN_POINT('Origin',(-180.,0.,30.));
#7392=CARTESIAN_POINT('',(-152.049150281253,25.,30.));
#7393=CARTESIAN_POINT('',(-152.049150281253,-25.,30.));
#7394=CARTESIAN_POINT('Origin',(-180.,0.,30.));
#7395=CARTESIAN_POINT('Origin',(0.,0.,0.));
#7396=CARTESIAN_POINT('',(-65.,-7.9602041944578E-15,0.));
#7397=CARTESIAN_POINT('Origin',(0.,0.,0.));
#7398=CARTESIAN_POINT('',(-35.7411254969543,-33.9411254969543,0.));
#7399=CARTESIAN_POINT('Origin',(-33.9411254969543,-33.9411254969543,0.));
#7400=CARTESIAN_POINT('',(32.1411254969543,33.9411254969543,0.));
#7401=CARTESIAN_POINT('Origin',(33.9411254969543,33.9411254969543,0.));
#7402=CARTESIAN_POINT('',(32.1411254969543,-33.9411254969543,0.));
#7403=CARTESIAN_POINT('Origin',(33.9411254969543,-33.9411254969543,0.));
#7404=CARTESIAN_POINT('',(-35.7411254969543,33.9411254969543,0.));
#7405=CARTESIAN_POINT('Origin',(-33.9411254969543,33.9411254969543,0.));
#7406=CARTESIAN_POINT('Origin',(0.,-25.,-5.));
#7407=CARTESIAN_POINT('',(-60.,-25.,-5.));
#7408=CARTESIAN_POINT('',(-139.611263946491,-25.,-5.));
#7409=CARTESIAN_POINT('Origin',(-139.611263946491,25.,-5.));
#7410=CARTESIAN_POINT('',(-60.,25.,-5.));
#7411=CARTESIAN_POINT('',(-139.611263946491,25.,-5.));
#7412=CARTESIAN_POINT('Origin',(-180.,0.,-5.));
#7413=CARTESIAN_POINT('',(-152.049150281253,-38.405728739343,0.));
#7414=CARTESIAN_POINT('',(-152.049150281253,38.405728739343,0.));
#7415=CARTESIAN_POINT('Origin',(-152.049150281253,25.,-5.));
#7416=CARTESIAN_POINT('',(-152.049150281253,25.,0.));
#7417=CARTESIAN_POINT('Origin',(-180.,0.,-5.));
#7418=CARTESIAN_POINT('',(-152.049150281253,-25.,-5.));
#7419=CARTESIAN_POINT('Origin',(-152.049150281253,-38.405728739343,-5.));
#7420=CARTESIAN_POINT('Origin',(33.9411254969543,-33.9411254969543,-5.));
#7421=CARTESIAN_POINT('',(32.1411254969543,-33.9411254969543,-5.));
#7422=CARTESIAN_POINT('Origin',(-33.9411254969543,33.9411254969543,-5.));
#7423=CARTESIAN_POINT('',(-35.7411254969543,33.9411254969543,-5.));
#7424=CARTESIAN_POINT('Origin',(-33.9411254969543,-33.9411254969543,-5.));
#7425=CARTESIAN_POINT('',(-35.7411254969543,-33.9411254969543,-5.));
#7426=CARTESIAN_POINT('Origin',(33.9411254969543,33.9411254969543,-5.));
#7427=CARTESIAN_POINT('',(32.1411254969543,33.9411254969543,-5.));
#7428=CARTESIAN_POINT('Origin',(0.,0.,-5.));
#7429=CARTESIAN_POINT('',(-65.,7.9602041944578E-15,-5.));
#7430=UNCERTAINTY_MEASURE_WITH_UNIT(LENGTH_MEASURE(0.01),#7434,
'DISTANCE_ACCURACY_VALUE',
'Maximum model space distance between geometric entities at asserted c
onnectivities');
#7431=UNCERTAINTY_MEASURE_WITH_UNIT(LENGTH_MEASURE(0.01),#7434,
'DISTANCE_ACCURACY_VALUE',
'Maximum model space distance between geometric entities at asserted c
onnectivities');
#7432=(
GEOMETRIC_REPRESENTATION_CONTEXT(3)
GLOBAL_UNCERTAINTY_ASSIGNED_CONTEXT((#7430))
GLOBAL_UNIT_ASSIGNED_CONTEXT((#7434,#7436,#7437))
REPRESENTATION_CONTEXT('','3D')
);
#7433=(
GEOMETRIC_REPRESENTATION_CONTEXT(3)
GLOBAL_UNCERTAINTY_ASSIGNED_CONTEXT((#7431))
GLOBAL_UNIT_ASSIGNED_CONTEXT((#7434,#7436,#7437))
REPRESENTATION_CONTEXT('','3D')
);
#7434=(
LENGTH_UNIT()
NAMED_UNIT(*)
SI_UNIT(.MILLI.,.METRE.)
);
#7435=(
LENGTH_UNIT()
NAMED_UNIT(*)
SI_UNIT($,.METRE.)
);
#7436=(
NAMED_UNIT(*)
PLANE_ANGLE_UNIT()
SI_UNIT($,.RADIAN.)
);
#7437=(
NAMED_UNIT(*)
SI_UNIT($,.STERADIAN.)
SOLID_ANGLE_UNIT()
);
#7438=SHAPE_DEFINITION_REPRESENTATION(#7439,#7440);
#7439=PRODUCT_DEFINITION_SHAPE('',$,#7442);
#7440=SHAPE_REPRESENTATION('',(#4049),#7432);
#7441=PRODUCT_DEFINITION_CONTEXT('part definition',#7446,'design');
#7442=PRODUCT_DEFINITION('2026-05-01-22-33-14-311',
'hydroNodeStation01_outdoor_screen',#7443,#7441);
#7443=PRODUCT_DEFINITION_FORMATION('',$,#7448);
#7444=PRODUCT_RELATED_PRODUCT_CATEGORY(
'hydroNodeStation01_outdoor_screen','hydroNodeStation01_outdoor_screen',
(#7448));
#7445=APPLICATION_PROTOCOL_DEFINITION('international standard',
'automotive_design',2009,#7446);
#7446=APPLICATION_CONTEXT(
'Core Data for Automotive Mechanical Design Process');
#7447=PRODUCT_CONTEXT('part definition',#7446,'mechanical');
#7448=PRODUCT('2026-05-01-22-33-14-311',
'hydroNodeStation01_outdoor_screen',$,(#7447));
#7449=PRESENTATION_STYLE_ASSIGNMENT((#7450));
#7450=SURFACE_STYLE_USAGE(.BOTH.,#7451);
#7451=SURFACE_SIDE_STYLE('',(#7452));
#7452=SURFACE_STYLE_FILL_AREA(#7453);
#7453=FILL_AREA_STYLE('Stahl - satiniert',(#7454));
#7454=FILL_AREA_STYLE_COLOUR('Stahl - satiniert',#7455);
#7455=COLOUR_RGB('Stahl - satiniert',0.627450980392157,0.627450980392157,
0.627450980392157);
ENDSEC;
END-ISO-10303-21;
