ISO-10303-21;
HEADER;
/* Generated by software containing ST-Developer
 * from STEP Tools, Inc. (www.steptools.com) 
 */

FILE_DESCRIPTION(
/* description */ (''),
/* implementation_level */ '2;1');

FILE_NAME(
/* name */ 'hydroNodeStation01_outdoor_box.step',
/* time_stamp */ '2026-05-02T22:58:31+02:00',
/* author */ (''),
/* organization */ (''),
/* preprocessor_version */ 'ST-DEVELOPER v20.1',
/* originating_system */ 'Autodesk Translation Framework v15.8.0.0',
/* authorisation */ '');

FILE_SCHEMA (('AUTOMOTIVE_DESIGN { 1 0 10303 214 3 1 1 }'));
ENDSEC;

DATA;
#10=MECHANICAL_DESIGN_GEOMETRIC_PRESENTATION_REPRESENTATION('',(#13,#14,
#15),#2561);
#11=SHAPE_REPRESENTATION_RELATIONSHIP('SRR','None',#2568,#12);
#12=ADVANCED_BREP_SHAPE_REPRESENTATION('',(#16,#17,#18),#2560);
#13=STYLED_ITEM('',(#2577),#16);
#14=STYLED_ITEM('',(#2577),#17);
#15=STYLED_ITEM('',(#2577),#18);
#16=MANIFOLD_SOLID_BREP('TOP',#1519);
#17=MANIFOLD_SOLID_BREP('K\X\F6rper6',#1520);
#18=MANIFOLD_SOLID_BREP('K\X\F6rper7',#1521);
#19=FACE_BOUND('',#210,.T.);
#20=FACE_BOUND('',#213,.T.);
#21=FACE_BOUND('',#217,.T.);
#22=FACE_BOUND('',#220,.T.);
#23=FACE_BOUND('',#230,.T.);
#24=FACE_BOUND('',#232,.T.);
#25=FACE_BOUND('',#233,.T.);
#26=FACE_BOUND('',#234,.T.);
#27=FACE_BOUND('',#235,.T.);
#28=FACE_BOUND('',#236,.T.);
#29=FACE_BOUND('',#251,.T.);
#30=FACE_BOUND('',#252,.T.);
#31=FACE_BOUND('',#253,.T.);
#32=FACE_BOUND('',#254,.T.);
#33=FACE_BOUND('',#257,.T.);
#34=FACE_BOUND('',#262,.T.);
#35=FACE_BOUND('',#264,.T.);
#36=FACE_BOUND('',#274,.T.);
#37=FACE_BOUND('',#275,.T.);
#38=FACE_BOUND('',#276,.T.);
#39=FACE_BOUND('',#277,.T.);
#40=FACE_BOUND('',#278,.T.);
#41=FACE_BOUND('',#279,.T.);
#42=FACE_BOUND('',#289,.T.);
#43=FACE_BOUND('',#291,.T.);
#44=FACE_BOUND('',#294,.T.);
#45=FACE_BOUND('',#303,.T.);
#46=FACE_BOUND('',#307,.T.);
#47=FACE_BOUND('',#308,.T.);
#48=FACE_BOUND('',#309,.T.);
#49=FACE_BOUND('',#318,.T.);
#50=FACE_BOUND('',#329,.T.);
#51=FACE_BOUND('',#330,.T.);
#52=FACE_BOUND('',#331,.T.);
#53=FACE_BOUND('',#332,.T.);
#54=FACE_BOUND('',#334,.T.);
#55=FACE_BOUND('',#335,.T.);
#56=FACE_BOUND('',#336,.T.);
#57=FACE_BOUND('',#337,.T.);
#58=PLANE('',#1538);
#59=PLANE('',#1543);
#60=PLANE('',#1545);
#61=PLANE('',#1549);
#62=PLANE('',#1554);
#63=PLANE('',#1556);
#64=PLANE('',#1557);
#65=PLANE('',#1558);
#66=PLANE('',#1559);
#67=PLANE('',#1560);
#68=PLANE('',#1561);
#69=PLANE('',#1562);
#70=PLANE('',#1563);
#71=PLANE('',#1564);
#72=PLANE('',#1565);
#73=PLANE('',#1580);
#74=PLANE('',#1583);
#75=PLANE('',#1586);
#76=PLANE('',#1589);
#77=PLANE('',#1590);
#78=PLANE('',#1591);
#79=PLANE('',#1595);
#80=PLANE('',#1605);
#81=PLANE('',#1606);
#82=PLANE('',#1610);
#83=PLANE('',#1614);
#84=PLANE('',#1618);
#85=PLANE('',#1622);
#86=PLANE('',#1623);
#87=PLANE('',#1629);
#88=PLANE('',#1630);
#89=PLANE('',#1631);
#90=PLANE('',#1632);
#91=PLANE('',#1633);
#92=PLANE('',#1634);
#93=PLANE('',#1635);
#94=PLANE('',#1636);
#95=PLANE('',#1637);
#96=PLANE('',#1638);
#97=PLANE('',#1639);
#98=PLANE('',#1640);
#99=PLANE('',#1644);
#100=PLANE('',#1648);
#101=PLANE('',#1652);
#102=PLANE('',#1655);
#103=PLANE('',#1656);
#104=PLANE('',#1657);
#105=PLANE('',#1658);
#106=PLANE('',#1659);
#107=PLANE('',#1665);
#108=PLANE('',#1668);
#109=PLANE('',#1670);
#110=PLANE('',#1671);
#111=PLANE('',#1684);
#112=PLANE('',#1685);
#113=PLANE('',#1686);
#114=PLANE('',#1687);
#115=PLANE('',#1688);
#116=PLANE('',#1689);
#117=FACE_OUTER_BOUND('',#208,.T.);
#118=FACE_OUTER_BOUND('',#209,.T.);
#119=FACE_OUTER_BOUND('',#211,.T.);
#120=FACE_OUTER_BOUND('',#212,.T.);
#121=FACE_OUTER_BOUND('',#214,.T.);
#122=FACE_OUTER_BOUND('',#215,.T.);
#123=FACE_OUTER_BOUND('',#216,.T.);
#124=FACE_OUTER_BOUND('',#218,.T.);
#125=FACE_OUTER_BOUND('',#219,.T.);
#126=FACE_OUTER_BOUND('',#221,.T.);
#127=FACE_OUTER_BOUND('',#222,.T.);
#128=FACE_OUTER_BOUND('',#223,.T.);
#129=FACE_OUTER_BOUND('',#224,.T.);
#130=FACE_OUTER_BOUND('',#225,.T.);
#131=FACE_OUTER_BOUND('',#226,.T.);
#132=FACE_OUTER_BOUND('',#227,.T.);
#133=FACE_OUTER_BOUND('',#228,.T.);
#134=FACE_OUTER_BOUND('',#229,.T.);
#135=FACE_OUTER_BOUND('',#231,.T.);
#136=FACE_OUTER_BOUND('',#237,.T.);
#137=FACE_OUTER_BOUND('',#238,.T.);
#138=FACE_OUTER_BOUND('',#239,.T.);
#139=FACE_OUTER_BOUND('',#240,.T.);
#140=FACE_OUTER_BOUND('',#241,.T.);
#141=FACE_OUTER_BOUND('',#242,.T.);
#142=FACE_OUTER_BOUND('',#243,.T.);
#143=FACE_OUTER_BOUND('',#244,.T.);
#144=FACE_OUTER_BOUND('',#245,.T.);
#145=FACE_OUTER_BOUND('',#246,.T.);
#146=FACE_OUTER_BOUND('',#247,.T.);
#147=FACE_OUTER_BOUND('',#248,.T.);
#148=FACE_OUTER_BOUND('',#249,.T.);
#149=FACE_OUTER_BOUND('',#250,.T.);
#150=FACE_OUTER_BOUND('',#255,.T.);
#151=FACE_OUTER_BOUND('',#256,.T.);
#152=FACE_OUTER_BOUND('',#258,.T.);
#153=FACE_OUTER_BOUND('',#259,.T.);
#154=FACE_OUTER_BOUND('',#260,.T.);
#155=FACE_OUTER_BOUND('',#261,.T.);
#156=FACE_OUTER_BOUND('',#263,.T.);
#157=FACE_OUTER_BOUND('',#265,.T.);
#158=FACE_OUTER_BOUND('',#266,.T.);
#159=FACE_OUTER_BOUND('',#267,.T.);
#160=FACE_OUTER_BOUND('',#268,.T.);
#161=FACE_OUTER_BOUND('',#269,.T.);
#162=FACE_OUTER_BOUND('',#270,.T.);
#163=FACE_OUTER_BOUND('',#271,.T.);
#164=FACE_OUTER_BOUND('',#272,.T.);
#165=FACE_OUTER_BOUND('',#273,.T.);
#166=FACE_OUTER_BOUND('',#280,.T.);
#167=FACE_OUTER_BOUND('',#281,.T.);
#168=FACE_OUTER_BOUND('',#282,.T.);
#169=FACE_OUTER_BOUND('',#283,.T.);
#170=FACE_OUTER_BOUND('',#284,.T.);
#171=FACE_OUTER_BOUND('',#285,.T.);
#172=FACE_OUTER_BOUND('',#286,.T.);
#173=FACE_OUTER_BOUND('',#287,.T.);
#174=FACE_OUTER_BOUND('',#288,.T.);
#175=FACE_OUTER_BOUND('',#290,.T.);
#176=FACE_OUTER_BOUND('',#292,.T.);
#177=FACE_OUTER_BOUND('',#293,.T.);
#178=FACE_OUTER_BOUND('',#295,.T.);
#179=FACE_OUTER_BOUND('',#296,.T.);
#180=FACE_OUTER_BOUND('',#297,.T.);
#181=FACE_OUTER_BOUND('',#298,.T.);
#182=FACE_OUTER_BOUND('',#299,.T.);
#183=FACE_OUTER_BOUND('',#300,.T.);
#184=FACE_OUTER_BOUND('',#301,.T.);
#185=FACE_OUTER_BOUND('',#302,.T.);
#186=FACE_OUTER_BOUND('',#304,.T.);
#187=FACE_OUTER_BOUND('',#305,.T.);
#188=FACE_OUTER_BOUND('',#306,.T.);
#189=FACE_OUTER_BOUND('',#310,.T.);
#190=FACE_OUTER_BOUND('',#311,.T.);
#191=FACE_OUTER_BOUND('',#312,.T.);
#192=FACE_OUTER_BOUND('',#313,.T.);
#193=FACE_OUTER_BOUND('',#314,.T.);
#194=FACE_OUTER_BOUND('',#315,.T.);
#195=FACE_OUTER_BOUND('',#316,.T.);
#196=FACE_OUTER_BOUND('',#317,.T.);
#197=FACE_OUTER_BOUND('',#319,.T.);
#198=FACE_OUTER_BOUND('',#320,.T.);
#199=FACE_OUTER_BOUND('',#321,.T.);
#200=FACE_OUTER_BOUND('',#322,.T.);
#201=FACE_OUTER_BOUND('',#323,.T.);
#202=FACE_OUTER_BOUND('',#324,.T.);
#203=FACE_OUTER_BOUND('',#325,.T.);
#204=FACE_OUTER_BOUND('',#326,.T.);
#205=FACE_OUTER_BOUND('',#327,.T.);
#206=FACE_OUTER_BOUND('',#328,.T.);
#207=FACE_OUTER_BOUND('',#333,.T.);
#208=EDGE_LOOP('',(#1000,#1001,#1002,#1003));
#209=EDGE_LOOP('',(#1004));
#210=EDGE_LOOP('',(#1005));
#211=EDGE_LOOP('',(#1006,#1007,#1008,#1009));
#212=EDGE_LOOP('',(#1010));
#213=EDGE_LOOP('',(#1011));
#214=EDGE_LOOP('',(#1012,#1013,#1014,#1015));
#215=EDGE_LOOP('',(#1016,#1017,#1018,#1019));
#216=EDGE_LOOP('',(#1020,#1021));
#217=EDGE_LOOP('',(#1022));
#218=EDGE_LOOP('',(#1023,#1024,#1025,#1026));
#219=EDGE_LOOP('',(#1027));
#220=EDGE_LOOP('',(#1028));
#221=EDGE_LOOP('',(#1029,#1030,#1031,#1032));
#222=EDGE_LOOP('',(#1033,#1034,#1035,#1036));
#223=EDGE_LOOP('',(#1037,#1038,#1039,#1040));
#224=EDGE_LOOP('',(#1041,#1042,#1043,#1044));
#225=EDGE_LOOP('',(#1045,#1046,#1047,#1048));
#226=EDGE_LOOP('',(#1049,#1050,#1051,#1052));
#227=EDGE_LOOP('',(#1053,#1054,#1055,#1056));
#228=EDGE_LOOP('',(#1057,#1058,#1059,#1060));
#229=EDGE_LOOP('',(#1061,#1062,#1063,#1064));
#230=EDGE_LOOP('',(#1065,#1066,#1067,#1068));
#231=EDGE_LOOP('',(#1069,#1070,#1071,#1072,#1073,#1074,#1075,#1076));
#232=EDGE_LOOP('',(#1077));
#233=EDGE_LOOP('',(#1078));
#234=EDGE_LOOP('',(#1079));
#235=EDGE_LOOP('',(#1080));
#236=EDGE_LOOP('',(#1081,#1082,#1083,#1084));
#237=EDGE_LOOP('',(#1085,#1086,#1087,#1088));
#238=EDGE_LOOP('',(#1089,#1090,#1091,#1092));
#239=EDGE_LOOP('',(#1093,#1094,#1095,#1096));
#240=EDGE_LOOP('',(#1097,#1098,#1099,#1100));
#241=EDGE_LOOP('',(#1101,#1102,#1103,#1104));
#242=EDGE_LOOP('',(#1105,#1106,#1107,#1108));
#243=EDGE_LOOP('',(#1109,#1110,#1111,#1112));
#244=EDGE_LOOP('',(#1113,#1114,#1115,#1116));
#245=EDGE_LOOP('',(#1117,#1118,#1119,#1120));
#246=EDGE_LOOP('',(#1121,#1122,#1123,#1124));
#247=EDGE_LOOP('',(#1125,#1126,#1127,#1128));
#248=EDGE_LOOP('',(#1129,#1130,#1131,#1132));
#249=EDGE_LOOP('',(#1133,#1134,#1135,#1136));
#250=EDGE_LOOP('',(#1137,#1138,#1139,#1140,#1141,#1142,#1143,#1144));
#251=EDGE_LOOP('',(#1145));
#252=EDGE_LOOP('',(#1146,#1147));
#253=EDGE_LOOP('',(#1148));
#254=EDGE_LOOP('',(#1149));
#255=EDGE_LOOP('',(#1150,#1151,#1152,#1153));
#256=EDGE_LOOP('',(#1154));
#257=EDGE_LOOP('',(#1155));
#258=EDGE_LOOP('',(#1156,#1157,#1158,#1159));
#259=EDGE_LOOP('',(#1160,#1161,#1162,#1163));
#260=EDGE_LOOP('',(#1164,#1165,#1166,#1167));
#261=EDGE_LOOP('',(#1168));
#262=EDGE_LOOP('',(#1169));
#263=EDGE_LOOP('',(#1170,#1171,#1172,#1173));
#264=EDGE_LOOP('',(#1174));
#265=EDGE_LOOP('',(#1175,#1176,#1177,#1178));
#266=EDGE_LOOP('',(#1179));
#267=EDGE_LOOP('',(#1180,#1181,#1182,#1183));
#268=EDGE_LOOP('',(#1184));
#269=EDGE_LOOP('',(#1185,#1186,#1187,#1188));
#270=EDGE_LOOP('',(#1189));
#271=EDGE_LOOP('',(#1190,#1191,#1192,#1193));
#272=EDGE_LOOP('',(#1194));
#273=EDGE_LOOP('',(#1195,#1196,#1197,#1198,#1199,#1200,#1201,#1202));
#274=EDGE_LOOP('',(#1203,#1204,#1205,#1206));
#275=EDGE_LOOP('',(#1207,#1208));
#276=EDGE_LOOP('',(#1209));
#277=EDGE_LOOP('',(#1210));
#278=EDGE_LOOP('',(#1211));
#279=EDGE_LOOP('',(#1212));
#280=EDGE_LOOP('',(#1213,#1214,#1215,#1216));
#281=EDGE_LOOP('',(#1217,#1218,#1219,#1220));
#282=EDGE_LOOP('',(#1221,#1222,#1223,#1224));
#283=EDGE_LOOP('',(#1225,#1226,#1227,#1228));
#284=EDGE_LOOP('',(#1229,#1230,#1231,#1232));
#285=EDGE_LOOP('',(#1233,#1234,#1235,#1236));
#286=EDGE_LOOP('',(#1237,#1238,#1239,#1240));
#287=EDGE_LOOP('',(#1241,#1242,#1243,#1244));
#288=EDGE_LOOP('',(#1245,#1246,#1247,#1248));
#289=EDGE_LOOP('',(#1249,#1250,#1251,#1252));
#290=EDGE_LOOP('',(#1253,#1254,#1255,#1256));
#291=EDGE_LOOP('',(#1257,#1258,#1259,#1260));
#292=EDGE_LOOP('',(#1261,#1262,#1263,#1264));
#293=EDGE_LOOP('',(#1265,#1266,#1267,#1268));
#294=EDGE_LOOP('',(#1269));
#295=EDGE_LOOP('',(#1270,#1271,#1272,#1273));
#296=EDGE_LOOP('',(#1274));
#297=EDGE_LOOP('',(#1275,#1276,#1277,#1278));
#298=EDGE_LOOP('',(#1279));
#299=EDGE_LOOP('',(#1280,#1281,#1282,#1283));
#300=EDGE_LOOP('',(#1284));
#301=EDGE_LOOP('',(#1285,#1286,#1287,#1288));
#302=EDGE_LOOP('',(#1289,#1290,#1291,#1292));
#303=EDGE_LOOP('',(#1293));
#304=EDGE_LOOP('',(#1294,#1295,#1296,#1297));
#305=EDGE_LOOP('',(#1298,#1299,#1300,#1301));
#306=EDGE_LOOP('',(#1302,#1303,#1304,#1305));
#307=EDGE_LOOP('',(#1306));
#308=EDGE_LOOP('',(#1307));
#309=EDGE_LOOP('',(#1308));
#310=EDGE_LOOP('',(#1309,#1310,#1311,#1312,#1313,#1314,#1315,#1316));
#311=EDGE_LOOP('',(#1317,#1318,#1319,#1320));
#312=EDGE_LOOP('',(#1321,#1322,#1323,#1324));
#313=EDGE_LOOP('',(#1325,#1326,#1327,#1328));
#314=EDGE_LOOP('',(#1329,#1330,#1331,#1332));
#315=EDGE_LOOP('',(#1333,#1334,#1335,#1336));
#316=EDGE_LOOP('',(#1337,#1338,#1339,#1340));
#317=EDGE_LOOP('',(#1341,#1342,#1343,#1344));
#318=EDGE_LOOP('',(#1345));
#319=EDGE_LOOP('',(#1346,#1347));
#320=EDGE_LOOP('',(#1348,#1349,#1350,#1351));
#321=EDGE_LOOP('',(#1352,#1353,#1354,#1355));
#322=EDGE_LOOP('',(#1356,#1357,#1358,#1359));
#323=EDGE_LOOP('',(#1360,#1361,#1362,#1363));
#324=EDGE_LOOP('',(#1364,#1365,#1366,#1367));
#325=EDGE_LOOP('',(#1368,#1369,#1370,#1371));
#326=EDGE_LOOP('',(#1372,#1373,#1374,#1375));
#327=EDGE_LOOP('',(#1376,#1377,#1378,#1379));
#328=EDGE_LOOP('',(#1380,#1381,#1382,#1383));
#329=EDGE_LOOP('',(#1384));
#330=EDGE_LOOP('',(#1385));
#331=EDGE_LOOP('',(#1386));
#332=EDGE_LOOP('',(#1387));
#333=EDGE_LOOP('',(#1388,#1389,#1390,#1391));
#334=EDGE_LOOP('',(#1392));
#335=EDGE_LOOP('',(#1393));
#336=EDGE_LOOP('',(#1394));
#337=EDGE_LOOP('',(#1395));
#338=LINE('',#2141,#472);
#339=LINE('',#2150,#473);
#340=LINE('',#2158,#474);
#341=LINE('',#2160,#475);
#342=LINE('',#2162,#476);
#343=LINE('',#2163,#477);
#344=LINE('',#2174,#478);
#345=LINE('',#2182,#479);
#346=LINE('',#2184,#480);
#347=LINE('',#2186,#481);
#348=LINE('',#2187,#482);
#349=LINE('',#2190,#483);
#350=LINE('',#2192,#484);
#351=LINE('',#2193,#485);
#352=LINE('',#2196,#486);
#353=LINE('',#2198,#487);
#354=LINE('',#2199,#488);
#355=LINE('',#2201,#489);
#356=LINE('',#2202,#490);
#357=LINE('',#2206,#491);
#358=LINE('',#2208,#492);
#359=LINE('',#2210,#493);
#360=LINE('',#2211,#494);
#361=LINE('',#2214,#495);
#362=LINE('',#2216,#496);
#363=LINE('',#2217,#497);
#364=LINE('',#2220,#498);
#365=LINE('',#2222,#499);
#366=LINE('',#2223,#500);
#367=LINE('',#2225,#501);
#368=LINE('',#2226,#502);
#369=LINE('',#2231,#503);
#370=LINE('',#2235,#504);
#371=LINE('',#2239,#505);
#372=LINE('',#2243,#506);
#373=LINE('',#2254,#507);
#374=LINE('',#2256,#508);
#375=LINE('',#2258,#509);
#376=LINE('',#2260,#510);
#377=LINE('',#2265,#511);
#378=LINE('',#2266,#512);
#379=LINE('',#2269,#513);
#380=LINE('',#2270,#514);
#381=LINE('',#2274,#515);
#382=LINE('',#2277,#516);
#383=LINE('',#2278,#517);
#384=LINE('',#2282,#518);
#385=LINE('',#2285,#519);
#386=LINE('',#2286,#520);
#387=LINE('',#2290,#521);
#388=LINE('',#2292,#522);
#389=LINE('',#2299,#523);
#390=LINE('',#2307,#524);
#391=LINE('',#2312,#525);
#392=LINE('',#2318,#526);
#393=LINE('',#2324,#527);
#394=LINE('',#2326,#528);
#395=LINE('',#2328,#529);
#396=LINE('',#2329,#530);
#397=LINE('',#2334,#531);
#398=LINE('',#2341,#532);
#399=LINE('',#2348,#533);
#400=LINE('',#2355,#534);
#401=LINE('',#2361,#535);
#402=LINE('',#2365,#536);
#403=LINE('',#2370,#537);
#404=LINE('',#2374,#538);
#405=LINE('',#2376,#539);
#406=LINE('',#2378,#540);
#407=LINE('',#2379,#541);
#408=LINE('',#2382,#542);
#409=LINE('',#2386,#543);
#410=LINE('',#2388,#544);
#411=LINE('',#2389,#545);
#412=LINE('',#2392,#546);
#413=LINE('',#2393,#547);
#414=LINE('',#2397,#548);
#415=LINE('',#2399,#549);
#416=LINE('',#2401,#550);
#417=LINE('',#2402,#551);
#418=LINE('',#2405,#552);
#419=LINE('',#2407,#553);
#420=LINE('',#2408,#554);
#421=LINE('',#2411,#555);
#422=LINE('',#2413,#556);
#423=LINE('',#2414,#557);
#424=LINE('',#2416,#558);
#425=LINE('',#2417,#559);
#426=LINE('',#2420,#560);
#427=LINE('',#2421,#561);
#428=LINE('',#2423,#562);
#429=LINE('',#2428,#563);
#430=LINE('',#2430,#564);
#431=LINE('',#2432,#565);
#432=LINE('',#2433,#566);
#433=LINE('',#2436,#567);
#434=LINE('',#2438,#568);
#435=LINE('',#2439,#569);
#436=LINE('',#2442,#570);
#437=LINE('',#2443,#571);
#438=LINE('',#2448,#572);
#439=LINE('',#2455,#573);
#440=LINE('',#2462,#574);
#441=LINE('',#2469,#575);
#442=LINE('',#2470,#576);
#443=LINE('',#2473,#577);
#444=LINE('',#2474,#578);
#445=LINE('',#2476,#579);
#446=LINE('',#2478,#580);
#447=LINE('',#2483,#581);
#448=LINE('',#2487,#582);
#449=LINE('',#2492,#583);
#450=LINE('',#2495,#584);
#451=LINE('',#2496,#585);
#452=LINE('',#2498,#586);
#453=LINE('',#2501,#587);
#454=LINE('',#2503,#588);
#455=LINE('',#2505,#589);
#456=LINE('',#2512,#590);
#457=LINE('',#2518,#591);
#458=LINE('',#2524,#592);
#459=LINE('',#2530,#593);
#460=LINE('',#2535,#594);
#461=LINE('',#2537,#595);
#462=LINE('',#2539,#596);
#463=LINE('',#2540,#597);
#464=LINE('',#2543,#598);
#465=LINE('',#2545,#599);
#466=LINE('',#2546,#600);
#467=LINE('',#2549,#601);
#468=LINE('',#2551,#602);
#469=LINE('',#2552,#603);
#470=LINE('',#2554,#604);
#471=LINE('',#2555,#605);
#472=VECTOR('',#1696,4.);
#473=VECTOR('',#1707,4.);
#474=VECTOR('',#1716,10.);
#475=VECTOR('',#1717,10.);
#476=VECTOR('',#1718,10.);
#477=VECTOR('',#1719,10.);
#478=VECTOR('',#1734,4.);
#479=VECTOR('',#1743,10.);
#480=VECTOR('',#1744,10.);
#481=VECTOR('',#1745,10.);
#482=VECTOR('',#1746,10.);
#483=VECTOR('',#1749,10.);
#484=VECTOR('',#1750,10.);
#485=VECTOR('',#1751,10.);
#486=VECTOR('',#1754,10.);
#487=VECTOR('',#1755,10.);
#488=VECTOR('',#1756,10.);
#489=VECTOR('',#1759,10.);
#490=VECTOR('',#1760,10.);
#491=VECTOR('',#1763,10.);
#492=VECTOR('',#1764,10.);
#493=VECTOR('',#1765,10.);
#494=VECTOR('',#1766,10.);
#495=VECTOR('',#1769,10.);
#496=VECTOR('',#1770,10.);
#497=VECTOR('',#1771,10.);
#498=VECTOR('',#1774,10.);
#499=VECTOR('',#1775,10.);
#500=VECTOR('',#1776,10.);
#501=VECTOR('',#1779,10.);
#502=VECTOR('',#1780,10.);
#503=VECTOR('',#1785,10.);
#504=VECTOR('',#1788,10.);
#505=VECTOR('',#1791,10.);
#506=VECTOR('',#1794,10.);
#507=VECTOR('',#1807,2.15);
#508=VECTOR('',#1810,2.15);
#509=VECTOR('',#1813,2.15);
#510=VECTOR('',#1816,2.15);
#511=VECTOR('',#1821,10.);
#512=VECTOR('',#1822,10.);
#513=VECTOR('',#1825,10.);
#514=VECTOR('',#1826,10.);
#515=VECTOR('',#1831,10.);
#516=VECTOR('',#1834,10.);
#517=VECTOR('',#1835,10.);
#518=VECTOR('',#1840,10.);
#519=VECTOR('',#1843,10.);
#520=VECTOR('',#1844,10.);
#521=VECTOR('',#1849,10.);
#522=VECTOR('',#1852,10.);
#523=VECTOR('',#1861,8.);
#524=VECTOR('',#1872,3.25);
#525=VECTOR('',#1877,4.7);
#526=VECTOR('',#1884,8.);
#527=VECTOR('',#1891,10.);
#528=VECTOR('',#1892,10.);
#529=VECTOR('',#1893,10.);
#530=VECTOR('',#1894,10.);
#531=VECTOR('',#1899,2.15);
#532=VECTOR('',#1908,2.15);
#533=VECTOR('',#1917,2.15);
#534=VECTOR('',#1926,2.15);
#535=VECTOR('',#1933,10.);
#536=VECTOR('',#1936,10.);
#537=VECTOR('',#1941,10.);
#538=VECTOR('',#1944,10.);
#539=VECTOR('',#1945,10.);
#540=VECTOR('',#1946,10.);
#541=VECTOR('',#1947,10.);
#542=VECTOR('',#1948,10.);
#543=VECTOR('',#1953,10.);
#544=VECTOR('',#1954,10.);
#545=VECTOR('',#1955,10.);
#546=VECTOR('',#1958,10.);
#547=VECTOR('',#1959,10.);
#548=VECTOR('',#1962,10.);
#549=VECTOR('',#1963,10.);
#550=VECTOR('',#1964,10.);
#551=VECTOR('',#1965,10.);
#552=VECTOR('',#1968,10.);
#553=VECTOR('',#1969,10.);
#554=VECTOR('',#1970,10.);
#555=VECTOR('',#1973,10.);
#556=VECTOR('',#1974,10.);
#557=VECTOR('',#1975,10.);
#558=VECTOR('',#1978,10.);
#559=VECTOR('',#1979,10.);
#560=VECTOR('',#1982,10.);
#561=VECTOR('',#1983,10.);
#562=VECTOR('',#1986,10.);
#563=VECTOR('',#1991,10.);
#564=VECTOR('',#1992,10.);
#565=VECTOR('',#1993,10.);
#566=VECTOR('',#1994,10.);
#567=VECTOR('',#1997,10.);
#568=VECTOR('',#1998,10.);
#569=VECTOR('',#1999,10.);
#570=VECTOR('',#2002,10.);
#571=VECTOR('',#2003,10.);
#572=VECTOR('',#2008,2.15);
#573=VECTOR('',#2017,2.15);
#574=VECTOR('',#2026,2.15);
#575=VECTOR('',#2035,10.);
#576=VECTOR('',#2036,10.);
#577=VECTOR('',#2039,10.);
#578=VECTOR('',#2040,10.);
#579=VECTOR('',#2043,10.);
#580=VECTOR('',#2046,10.);
#581=VECTOR('',#2051,10.);
#582=VECTOR('',#2054,10.);
#583=VECTOR('',#2059,10.);
#584=VECTOR('',#2064,10.);
#585=VECTOR('',#2065,10.);
#586=VECTOR('',#2068,10.);
#587=VECTOR('',#2073,10.);
#588=VECTOR('',#2076,10.);
#589=VECTOR('',#2079,10.);
#590=VECTOR('',#2088,2.15);
#591=VECTOR('',#2095,2.15);
#592=VECTOR('',#2102,2.15);
#593=VECTOR('',#2109,2.15);
#594=VECTOR('',#2114,10.);
#595=VECTOR('',#2115,10.);
#596=VECTOR('',#2116,10.);
#597=VECTOR('',#2117,10.);
#598=VECTOR('',#2120,10.);
#599=VECTOR('',#2121,10.);
#600=VECTOR('',#2122,10.);
#601=VECTOR('',#2125,10.);
#602=VECTOR('',#2126,10.);
#603=VECTOR('',#2127,10.);
#604=VECTOR('',#2130,10.);
#605=VECTOR('',#2131,10.);
#606=CIRCLE('',#1536,4.);
#607=CIRCLE('',#1537,4.);
#608=CIRCLE('',#1539,2.15);
#609=CIRCLE('',#1541,4.);
#610=CIRCLE('',#1542,4.);
#611=CIRCLE('',#1544,2.15);
#612=CIRCLE('',#1547,4.);
#613=CIRCLE('',#1548,4.);
#614=CIRCLE('',#1550,2.15);
#615=CIRCLE('',#1552,4.);
#616=CIRCLE('',#1553,4.);
#617=CIRCLE('',#1555,2.15);
#618=CIRCLE('',#1566,5.63922516464941);
#619=CIRCLE('',#1567,5.63922516464941);
#620=CIRCLE('',#1568,5.63922516464941);
#621=CIRCLE('',#1569,5.63922516464941);
#622=CIRCLE('',#1570,2.15);
#623=CIRCLE('',#1571,2.15);
#624=CIRCLE('',#1572,2.15);
#625=CIRCLE('',#1573,2.15);
#626=CIRCLE('',#1579,5.63922516464941);
#627=CIRCLE('',#1582,5.63922516464941);
#628=CIRCLE('',#1585,5.63922516464941);
#629=CIRCLE('',#1588,5.63922516464941);
#630=CIRCLE('',#1593,8.);
#631=CIRCLE('',#1594,8.);
#632=CIRCLE('',#1596,3.25);
#633=CIRCLE('',#1598,3.25);
#634=CIRCLE('',#1600,4.7);
#635=CIRCLE('',#1601,4.7);
#636=CIRCLE('',#1603,8.);
#637=CIRCLE('',#1604,8.);
#638=CIRCLE('',#1608,2.15);
#639=CIRCLE('',#1609,2.15);
#640=CIRCLE('',#1612,2.15);
#641=CIRCLE('',#1613,2.15);
#642=CIRCLE('',#1616,2.15);
#643=CIRCLE('',#1617,2.15);
#644=CIRCLE('',#1620,2.15);
#645=CIRCLE('',#1621,2.15);
#646=CIRCLE('',#1624,5.63922516464941);
#647=CIRCLE('',#1625,5.63922516464941);
#648=CIRCLE('',#1626,5.63922516464941);
#649=CIRCLE('',#1627,5.63922516464941);
#650=CIRCLE('',#1628,4.);
#651=CIRCLE('',#1642,2.15);
#652=CIRCLE('',#1643,2.15);
#653=CIRCLE('',#1646,2.15);
#654=CIRCLE('',#1647,2.15);
#655=CIRCLE('',#1650,2.15);
#656=CIRCLE('',#1651,2.15);
#657=CIRCLE('',#1654,4.);
#658=CIRCLE('',#1660,5.63922516464941);
#659=CIRCLE('',#1661,5.63922516464941);
#660=CIRCLE('',#1662,5.63922516464941);
#661=CIRCLE('',#1663,5.63922516464941);
#662=CIRCLE('',#1673,2.15);
#663=CIRCLE('',#1674,2.15);
#664=CIRCLE('',#1676,2.15);
#665=CIRCLE('',#1677,2.15);
#666=CIRCLE('',#1679,2.15);
#667=CIRCLE('',#1680,2.15);
#668=CIRCLE('',#1682,2.15);
#669=CIRCLE('',#1683,2.15);
#670=VERTEX_POINT('',#2138);
#671=VERTEX_POINT('',#2140);
#672=VERTEX_POINT('',#2144);
#673=VERTEX_POINT('',#2147);
#674=VERTEX_POINT('',#2149);
#675=VERTEX_POINT('',#2153);
#676=VERTEX_POINT('',#2156);
#677=VERTEX_POINT('',#2157);
#678=VERTEX_POINT('',#2159);
#679=VERTEX_POINT('',#2161);
#680=VERTEX_POINT('',#2168);
#681=VERTEX_POINT('',#2171);
#682=VERTEX_POINT('',#2173);
#683=VERTEX_POINT('',#2177);
#684=VERTEX_POINT('',#2180);
#685=VERTEX_POINT('',#2181);
#686=VERTEX_POINT('',#2183);
#687=VERTEX_POINT('',#2185);
#688=VERTEX_POINT('',#2189);
#689=VERTEX_POINT('',#2191);
#690=VERTEX_POINT('',#2195);
#691=VERTEX_POINT('',#2197);
#692=VERTEX_POINT('',#2204);
#693=VERTEX_POINT('',#2205);
#694=VERTEX_POINT('',#2207);
#695=VERTEX_POINT('',#2209);
#696=VERTEX_POINT('',#2213);
#697=VERTEX_POINT('',#2215);
#698=VERTEX_POINT('',#2219);
#699=VERTEX_POINT('',#2221);
#700=VERTEX_POINT('',#2229);
#701=VERTEX_POINT('',#2230);
#702=VERTEX_POINT('',#2232);
#703=VERTEX_POINT('',#2234);
#704=VERTEX_POINT('',#2236);
#705=VERTEX_POINT('',#2238);
#706=VERTEX_POINT('',#2240);
#707=VERTEX_POINT('',#2242);
#708=VERTEX_POINT('',#2245);
#709=VERTEX_POINT('',#2247);
#710=VERTEX_POINT('',#2249);
#711=VERTEX_POINT('',#2251);
#712=VERTEX_POINT('',#2262);
#713=VERTEX_POINT('',#2263);
#714=VERTEX_POINT('',#2268);
#715=VERTEX_POINT('',#2272);
#716=VERTEX_POINT('',#2276);
#717=VERTEX_POINT('',#2280);
#718=VERTEX_POINT('',#2284);
#719=VERTEX_POINT('',#2288);
#720=VERTEX_POINT('',#2296);
#721=VERTEX_POINT('',#2298);
#722=VERTEX_POINT('',#2302);
#723=VERTEX_POINT('',#2305);
#724=VERTEX_POINT('',#2309);
#725=VERTEX_POINT('',#2311);
#726=VERTEX_POINT('',#2315);
#727=VERTEX_POINT('',#2317);
#728=VERTEX_POINT('',#2322);
#729=VERTEX_POINT('',#2323);
#730=VERTEX_POINT('',#2325);
#731=VERTEX_POINT('',#2327);
#732=VERTEX_POINT('',#2331);
#733=VERTEX_POINT('',#2333);
#734=VERTEX_POINT('',#2338);
#735=VERTEX_POINT('',#2340);
#736=VERTEX_POINT('',#2345);
#737=VERTEX_POINT('',#2347);
#738=VERTEX_POINT('',#2352);
#739=VERTEX_POINT('',#2354);
#740=VERTEX_POINT('',#2359);
#741=VERTEX_POINT('',#2360);
#742=VERTEX_POINT('',#2362);
#743=VERTEX_POINT('',#2364);
#744=VERTEX_POINT('',#2367);
#745=VERTEX_POINT('',#2369);
#746=VERTEX_POINT('',#2372);
#747=VERTEX_POINT('',#2373);
#748=VERTEX_POINT('',#2375);
#749=VERTEX_POINT('',#2377);
#750=VERTEX_POINT('',#2380);
#751=VERTEX_POINT('',#2381);
#752=VERTEX_POINT('',#2385);
#753=VERTEX_POINT('',#2387);
#754=VERTEX_POINT('',#2391);
#755=VERTEX_POINT('',#2395);
#756=VERTEX_POINT('',#2396);
#757=VERTEX_POINT('',#2398);
#758=VERTEX_POINT('',#2400);
#759=VERTEX_POINT('',#2404);
#760=VERTEX_POINT('',#2406);
#761=VERTEX_POINT('',#2410);
#762=VERTEX_POINT('',#2412);
#763=VERTEX_POINT('',#2419);
#764=VERTEX_POINT('',#2426);
#765=VERTEX_POINT('',#2427);
#766=VERTEX_POINT('',#2429);
#767=VERTEX_POINT('',#2431);
#768=VERTEX_POINT('',#2435);
#769=VERTEX_POINT('',#2437);
#770=VERTEX_POINT('',#2441);
#771=VERTEX_POINT('',#2445);
#772=VERTEX_POINT('',#2447);
#773=VERTEX_POINT('',#2452);
#774=VERTEX_POINT('',#2454);
#775=VERTEX_POINT('',#2459);
#776=VERTEX_POINT('',#2461);
#777=VERTEX_POINT('',#2466);
#778=VERTEX_POINT('',#2467);
#779=VERTEX_POINT('',#2472);
#780=VERTEX_POINT('',#2481);
#781=VERTEX_POINT('',#2482);
#782=VERTEX_POINT('',#2484);
#783=VERTEX_POINT('',#2486);
#784=VERTEX_POINT('',#2489);
#785=VERTEX_POINT('',#2491);
#786=VERTEX_POINT('',#2509);
#787=VERTEX_POINT('',#2511);
#788=VERTEX_POINT('',#2515);
#789=VERTEX_POINT('',#2517);
#790=VERTEX_POINT('',#2521);
#791=VERTEX_POINT('',#2523);
#792=VERTEX_POINT('',#2527);
#793=VERTEX_POINT('',#2529);
#794=VERTEX_POINT('',#2533);
#795=VERTEX_POINT('',#2534);
#796=VERTEX_POINT('',#2536);
#797=VERTEX_POINT('',#2538);
#798=VERTEX_POINT('',#2542);
#799=VERTEX_POINT('',#2544);
#800=VERTEX_POINT('',#2548);
#801=VERTEX_POINT('',#2550);
#802=EDGE_CURVE('',#670,#670,#606,.T.);
#803=EDGE_CURVE('',#670,#671,#338,.T.);
#804=EDGE_CURVE('',#671,#671,#607,.T.);
#805=EDGE_CURVE('',#672,#672,#608,.T.);
#806=EDGE_CURVE('',#673,#673,#609,.T.);
#807=EDGE_CURVE('',#673,#674,#339,.T.);
#808=EDGE_CURVE('',#674,#674,#610,.T.);
#809=EDGE_CURVE('',#675,#675,#611,.T.);
#810=EDGE_CURVE('',#676,#677,#340,.T.);
#811=EDGE_CURVE('',#676,#678,#341,.T.);
#812=EDGE_CURVE('',#678,#679,#342,.T.);
#813=EDGE_CURVE('',#677,#679,#343,.T.);
#814=EDGE_CURVE('',#677,#676,#612,.T.);
#815=EDGE_CURVE('',#679,#678,#613,.T.);
#816=EDGE_CURVE('',#680,#680,#614,.T.);
#817=EDGE_CURVE('',#681,#681,#615,.T.);
#818=EDGE_CURVE('',#681,#682,#344,.T.);
#819=EDGE_CURVE('',#682,#682,#616,.T.);
#820=EDGE_CURVE('',#683,#683,#617,.T.);
#821=EDGE_CURVE('',#684,#685,#345,.T.);
#822=EDGE_CURVE('',#684,#686,#346,.T.);
#823=EDGE_CURVE('',#687,#686,#347,.T.);
#824=EDGE_CURVE('',#685,#687,#348,.T.);
#825=EDGE_CURVE('',#688,#684,#349,.T.);
#826=EDGE_CURVE('',#688,#689,#350,.T.);
#827=EDGE_CURVE('',#686,#689,#351,.T.);
#828=EDGE_CURVE('',#690,#688,#352,.T.);
#829=EDGE_CURVE('',#690,#691,#353,.T.);
#830=EDGE_CURVE('',#689,#691,#354,.T.);
#831=EDGE_CURVE('',#685,#690,#355,.T.);
#832=EDGE_CURVE('',#691,#687,#356,.T.);
#833=EDGE_CURVE('',#692,#693,#357,.T.);
#834=EDGE_CURVE('',#692,#694,#358,.T.);
#835=EDGE_CURVE('',#695,#694,#359,.T.);
#836=EDGE_CURVE('',#693,#695,#360,.T.);
#837=EDGE_CURVE('',#696,#692,#361,.T.);
#838=EDGE_CURVE('',#696,#697,#362,.T.);
#839=EDGE_CURVE('',#694,#697,#363,.T.);
#840=EDGE_CURVE('',#698,#696,#364,.T.);
#841=EDGE_CURVE('',#698,#699,#365,.T.);
#842=EDGE_CURVE('',#697,#699,#366,.T.);
#843=EDGE_CURVE('',#693,#698,#367,.T.);
#844=EDGE_CURVE('',#699,#695,#368,.T.);
#845=EDGE_CURVE('',#700,#701,#369,.T.);
#846=EDGE_CURVE('',#701,#702,#618,.T.);
#847=EDGE_CURVE('',#702,#703,#370,.T.);
#848=EDGE_CURVE('',#703,#704,#619,.T.);
#849=EDGE_CURVE('',#704,#705,#371,.T.);
#850=EDGE_CURVE('',#705,#706,#620,.T.);
#851=EDGE_CURVE('',#706,#707,#372,.T.);
#852=EDGE_CURVE('',#707,#700,#621,.T.);
#853=EDGE_CURVE('',#708,#708,#622,.T.);
#854=EDGE_CURVE('',#709,#709,#623,.T.);
#855=EDGE_CURVE('',#710,#710,#624,.T.);
#856=EDGE_CURVE('',#711,#711,#625,.T.);
#857=EDGE_CURVE('',#708,#672,#373,.T.);
#858=EDGE_CURVE('',#709,#680,#374,.T.);
#859=EDGE_CURVE('',#710,#683,#375,.T.);
#860=EDGE_CURVE('',#711,#675,#376,.T.);
#861=EDGE_CURVE('',#712,#713,#626,.T.);
#862=EDGE_CURVE('',#713,#700,#377,.T.);
#863=EDGE_CURVE('',#712,#707,#378,.T.);
#864=EDGE_CURVE('',#714,#712,#379,.T.);
#865=EDGE_CURVE('',#714,#706,#380,.T.);
#866=EDGE_CURVE('',#715,#714,#627,.T.);
#867=EDGE_CURVE('',#715,#705,#381,.T.);
#868=EDGE_CURVE('',#716,#715,#382,.T.);
#869=EDGE_CURVE('',#716,#704,#383,.T.);
#870=EDGE_CURVE('',#717,#716,#628,.T.);
#871=EDGE_CURVE('',#717,#703,#384,.T.);
#872=EDGE_CURVE('',#718,#717,#385,.T.);
#873=EDGE_CURVE('',#718,#702,#386,.T.);
#874=EDGE_CURVE('',#719,#718,#629,.T.);
#875=EDGE_CURVE('',#719,#701,#387,.T.);
#876=EDGE_CURVE('',#713,#719,#388,.T.);
#877=EDGE_CURVE('',#720,#720,#630,.T.);
#878=EDGE_CURVE('',#720,#721,#389,.T.);
#879=EDGE_CURVE('',#721,#721,#631,.T.);
#880=EDGE_CURVE('',#722,#722,#632,.T.);
#881=EDGE_CURVE('',#723,#723,#633,.T.);
#882=EDGE_CURVE('',#723,#722,#390,.T.);
#883=EDGE_CURVE('',#724,#724,#634,.T.);
#884=EDGE_CURVE('',#724,#725,#391,.T.);
#885=EDGE_CURVE('',#725,#725,#635,.T.);
#886=EDGE_CURVE('',#726,#726,#636,.T.);
#887=EDGE_CURVE('',#726,#727,#392,.T.);
#888=EDGE_CURVE('',#727,#727,#637,.T.);
#889=EDGE_CURVE('',#728,#729,#393,.T.);
#890=EDGE_CURVE('',#729,#730,#394,.T.);
#891=EDGE_CURVE('',#731,#730,#395,.T.);
#892=EDGE_CURVE('',#728,#731,#396,.T.);
#893=EDGE_CURVE('',#732,#732,#638,.T.);
#894=EDGE_CURVE('',#732,#733,#397,.T.);
#895=EDGE_CURVE('',#733,#733,#639,.T.);
#896=EDGE_CURVE('',#734,#734,#640,.T.);
#897=EDGE_CURVE('',#734,#735,#398,.T.);
#898=EDGE_CURVE('',#735,#735,#641,.T.);
#899=EDGE_CURVE('',#736,#736,#642,.T.);
#900=EDGE_CURVE('',#736,#737,#399,.T.);
#901=EDGE_CURVE('',#737,#737,#643,.T.);
#902=EDGE_CURVE('',#738,#738,#644,.T.);
#903=EDGE_CURVE('',#738,#739,#400,.T.);
#904=EDGE_CURVE('',#739,#739,#645,.T.);
#905=EDGE_CURVE('',#740,#741,#401,.T.);
#906=EDGE_CURVE('',#741,#742,#646,.T.);
#907=EDGE_CURVE('',#742,#743,#402,.T.);
#908=EDGE_CURVE('',#743,#731,#647,.T.);
#909=EDGE_CURVE('',#730,#744,#648,.T.);
#910=EDGE_CURVE('',#744,#745,#403,.T.);
#911=EDGE_CURVE('',#745,#740,#649,.T.);
#912=EDGE_CURVE('',#746,#747,#404,.T.);
#913=EDGE_CURVE('',#747,#748,#405,.T.);
#914=EDGE_CURVE('',#748,#749,#406,.T.);
#915=EDGE_CURVE('',#749,#746,#407,.T.);
#916=EDGE_CURVE('',#750,#751,#408,.T.);
#917=EDGE_CURVE('',#751,#750,#650,.T.);
#918=EDGE_CURVE('',#747,#752,#409,.T.);
#919=EDGE_CURVE('',#753,#752,#410,.T.);
#920=EDGE_CURVE('',#748,#753,#411,.T.);
#921=EDGE_CURVE('',#746,#754,#412,.T.);
#922=EDGE_CURVE('',#752,#754,#413,.T.);
#923=EDGE_CURVE('',#755,#756,#414,.T.);
#924=EDGE_CURVE('',#756,#757,#415,.T.);
#925=EDGE_CURVE('',#758,#757,#416,.T.);
#926=EDGE_CURVE('',#755,#758,#417,.T.);
#927=EDGE_CURVE('',#759,#755,#418,.T.);
#928=EDGE_CURVE('',#760,#758,#419,.T.);
#929=EDGE_CURVE('',#759,#760,#420,.T.);
#930=EDGE_CURVE('',#761,#759,#421,.T.);
#931=EDGE_CURVE('',#762,#760,#422,.T.);
#932=EDGE_CURVE('',#761,#762,#423,.T.);
#933=EDGE_CURVE('',#756,#761,#424,.T.);
#934=EDGE_CURVE('',#757,#762,#425,.T.);
#935=EDGE_CURVE('',#763,#753,#426,.T.);
#936=EDGE_CURVE('',#749,#763,#427,.T.);
#937=EDGE_CURVE('',#754,#763,#428,.T.);
#938=EDGE_CURVE('',#764,#765,#429,.T.);
#939=EDGE_CURVE('',#766,#764,#430,.T.);
#940=EDGE_CURVE('',#767,#766,#431,.T.);
#941=EDGE_CURVE('',#765,#767,#432,.T.);
#942=EDGE_CURVE('',#768,#764,#433,.T.);
#943=EDGE_CURVE('',#769,#768,#434,.T.);
#944=EDGE_CURVE('',#769,#766,#435,.T.);
#945=EDGE_CURVE('',#770,#765,#436,.T.);
#946=EDGE_CURVE('',#768,#770,#437,.T.);
#947=EDGE_CURVE('',#771,#771,#651,.T.);
#948=EDGE_CURVE('',#771,#772,#438,.T.);
#949=EDGE_CURVE('',#772,#772,#652,.T.);
#950=EDGE_CURVE('',#773,#773,#653,.T.);
#951=EDGE_CURVE('',#773,#774,#439,.T.);
#952=EDGE_CURVE('',#774,#774,#654,.T.);
#953=EDGE_CURVE('',#775,#775,#655,.T.);
#954=EDGE_CURVE('',#775,#776,#440,.T.);
#955=EDGE_CURVE('',#776,#776,#656,.T.);
#956=EDGE_CURVE('',#777,#778,#657,.T.);
#957=EDGE_CURVE('',#777,#750,#441,.T.);
#958=EDGE_CURVE('',#778,#751,#442,.T.);
#959=EDGE_CURVE('',#779,#769,#443,.T.);
#960=EDGE_CURVE('',#779,#767,#444,.T.);
#961=EDGE_CURVE('',#770,#779,#445,.T.);
#962=EDGE_CURVE('',#778,#777,#446,.T.);
#963=EDGE_CURVE('',#780,#781,#447,.T.);
#964=EDGE_CURVE('',#782,#780,#658,.T.);
#965=EDGE_CURVE('',#783,#782,#448,.T.);
#966=EDGE_CURVE('',#729,#783,#659,.T.);
#967=EDGE_CURVE('',#784,#728,#660,.T.);
#968=EDGE_CURVE('',#785,#784,#449,.T.);
#969=EDGE_CURVE('',#781,#785,#661,.T.);
#970=EDGE_CURVE('',#780,#740,#450,.T.);
#971=EDGE_CURVE('',#782,#745,#451,.T.);
#972=EDGE_CURVE('',#783,#744,#452,.T.);
#973=EDGE_CURVE('',#784,#743,#453,.T.);
#974=EDGE_CURVE('',#785,#742,#454,.T.);
#975=EDGE_CURVE('',#781,#741,#455,.T.);
#976=EDGE_CURVE('',#786,#786,#662,.T.);
#977=EDGE_CURVE('',#786,#787,#456,.T.);
#978=EDGE_CURVE('',#787,#787,#663,.T.);
#979=EDGE_CURVE('',#788,#788,#664,.T.);
#980=EDGE_CURVE('',#788,#789,#457,.T.);
#981=EDGE_CURVE('',#789,#789,#665,.T.);
#982=EDGE_CURVE('',#790,#790,#666,.T.);
#983=EDGE_CURVE('',#790,#791,#458,.T.);
#984=EDGE_CURVE('',#791,#791,#667,.T.);
#985=EDGE_CURVE('',#792,#792,#668,.T.);
#986=EDGE_CURVE('',#792,#793,#459,.T.);
#987=EDGE_CURVE('',#793,#793,#669,.T.);
#988=EDGE_CURVE('',#794,#795,#460,.T.);
#989=EDGE_CURVE('',#794,#796,#461,.T.);
#990=EDGE_CURVE('',#797,#796,#462,.T.);
#991=EDGE_CURVE('',#795,#797,#463,.T.);
#992=EDGE_CURVE('',#795,#798,#464,.T.);
#993=EDGE_CURVE('',#799,#797,#465,.T.);
#994=EDGE_CURVE('',#798,#799,#466,.T.);
#995=EDGE_CURVE('',#798,#800,#467,.T.);
#996=EDGE_CURVE('',#801,#799,#468,.T.);
#997=EDGE_CURVE('',#800,#801,#469,.T.);
#998=EDGE_CURVE('',#800,#794,#470,.T.);
#999=EDGE_CURVE('',#796,#801,#471,.T.);
#1000=ORIENTED_EDGE('',*,*,#802,.F.);
#1001=ORIENTED_EDGE('',*,*,#803,.T.);
#1002=ORIENTED_EDGE('',*,*,#804,.T.);
#1003=ORIENTED_EDGE('',*,*,#803,.F.);
#1004=ORIENTED_EDGE('',*,*,#804,.F.);
#1005=ORIENTED_EDGE('',*,*,#805,.F.);
#1006=ORIENTED_EDGE('',*,*,#806,.F.);
#1007=ORIENTED_EDGE('',*,*,#807,.T.);
#1008=ORIENTED_EDGE('',*,*,#808,.T.);
#1009=ORIENTED_EDGE('',*,*,#807,.F.);
#1010=ORIENTED_EDGE('',*,*,#808,.F.);
#1011=ORIENTED_EDGE('',*,*,#809,.F.);
#1012=ORIENTED_EDGE('',*,*,#810,.F.);
#1013=ORIENTED_EDGE('',*,*,#811,.T.);
#1014=ORIENTED_EDGE('',*,*,#812,.T.);
#1015=ORIENTED_EDGE('',*,*,#813,.F.);
#1016=ORIENTED_EDGE('',*,*,#814,.F.);
#1017=ORIENTED_EDGE('',*,*,#813,.T.);
#1018=ORIENTED_EDGE('',*,*,#815,.T.);
#1019=ORIENTED_EDGE('',*,*,#811,.F.);
#1020=ORIENTED_EDGE('',*,*,#815,.F.);
#1021=ORIENTED_EDGE('',*,*,#812,.F.);
#1022=ORIENTED_EDGE('',*,*,#816,.F.);
#1023=ORIENTED_EDGE('',*,*,#817,.F.);
#1024=ORIENTED_EDGE('',*,*,#818,.T.);
#1025=ORIENTED_EDGE('',*,*,#819,.T.);
#1026=ORIENTED_EDGE('',*,*,#818,.F.);
#1027=ORIENTED_EDGE('',*,*,#819,.F.);
#1028=ORIENTED_EDGE('',*,*,#820,.F.);
#1029=ORIENTED_EDGE('',*,*,#821,.F.);
#1030=ORIENTED_EDGE('',*,*,#822,.T.);
#1031=ORIENTED_EDGE('',*,*,#823,.F.);
#1032=ORIENTED_EDGE('',*,*,#824,.F.);
#1033=ORIENTED_EDGE('',*,*,#825,.F.);
#1034=ORIENTED_EDGE('',*,*,#826,.T.);
#1035=ORIENTED_EDGE('',*,*,#827,.F.);
#1036=ORIENTED_EDGE('',*,*,#822,.F.);
#1037=ORIENTED_EDGE('',*,*,#828,.F.);
#1038=ORIENTED_EDGE('',*,*,#829,.T.);
#1039=ORIENTED_EDGE('',*,*,#830,.F.);
#1040=ORIENTED_EDGE('',*,*,#826,.F.);
#1041=ORIENTED_EDGE('',*,*,#831,.F.);
#1042=ORIENTED_EDGE('',*,*,#824,.T.);
#1043=ORIENTED_EDGE('',*,*,#832,.F.);
#1044=ORIENTED_EDGE('',*,*,#829,.F.);
#1045=ORIENTED_EDGE('',*,*,#833,.F.);
#1046=ORIENTED_EDGE('',*,*,#834,.T.);
#1047=ORIENTED_EDGE('',*,*,#835,.F.);
#1048=ORIENTED_EDGE('',*,*,#836,.F.);
#1049=ORIENTED_EDGE('',*,*,#837,.F.);
#1050=ORIENTED_EDGE('',*,*,#838,.T.);
#1051=ORIENTED_EDGE('',*,*,#839,.F.);
#1052=ORIENTED_EDGE('',*,*,#834,.F.);
#1053=ORIENTED_EDGE('',*,*,#840,.F.);
#1054=ORIENTED_EDGE('',*,*,#841,.T.);
#1055=ORIENTED_EDGE('',*,*,#842,.F.);
#1056=ORIENTED_EDGE('',*,*,#838,.F.);
#1057=ORIENTED_EDGE('',*,*,#843,.F.);
#1058=ORIENTED_EDGE('',*,*,#836,.T.);
#1059=ORIENTED_EDGE('',*,*,#844,.F.);
#1060=ORIENTED_EDGE('',*,*,#841,.F.);
#1061=ORIENTED_EDGE('',*,*,#843,.T.);
#1062=ORIENTED_EDGE('',*,*,#840,.T.);
#1063=ORIENTED_EDGE('',*,*,#837,.T.);
#1064=ORIENTED_EDGE('',*,*,#833,.T.);
#1065=ORIENTED_EDGE('',*,*,#831,.T.);
#1066=ORIENTED_EDGE('',*,*,#828,.T.);
#1067=ORIENTED_EDGE('',*,*,#825,.T.);
#1068=ORIENTED_EDGE('',*,*,#821,.T.);
#1069=ORIENTED_EDGE('',*,*,#845,.T.);
#1070=ORIENTED_EDGE('',*,*,#846,.T.);
#1071=ORIENTED_EDGE('',*,*,#847,.T.);
#1072=ORIENTED_EDGE('',*,*,#848,.T.);
#1073=ORIENTED_EDGE('',*,*,#849,.T.);
#1074=ORIENTED_EDGE('',*,*,#850,.T.);
#1075=ORIENTED_EDGE('',*,*,#851,.T.);
#1076=ORIENTED_EDGE('',*,*,#852,.T.);
#1077=ORIENTED_EDGE('',*,*,#853,.T.);
#1078=ORIENTED_EDGE('',*,*,#854,.T.);
#1079=ORIENTED_EDGE('',*,*,#855,.T.);
#1080=ORIENTED_EDGE('',*,*,#856,.T.);
#1081=ORIENTED_EDGE('',*,*,#835,.T.);
#1082=ORIENTED_EDGE('',*,*,#839,.T.);
#1083=ORIENTED_EDGE('',*,*,#842,.T.);
#1084=ORIENTED_EDGE('',*,*,#844,.T.);
#1085=ORIENTED_EDGE('',*,*,#853,.F.);
#1086=ORIENTED_EDGE('',*,*,#857,.T.);
#1087=ORIENTED_EDGE('',*,*,#805,.T.);
#1088=ORIENTED_EDGE('',*,*,#857,.F.);
#1089=ORIENTED_EDGE('',*,*,#854,.F.);
#1090=ORIENTED_EDGE('',*,*,#858,.T.);
#1091=ORIENTED_EDGE('',*,*,#816,.T.);
#1092=ORIENTED_EDGE('',*,*,#858,.F.);
#1093=ORIENTED_EDGE('',*,*,#855,.F.);
#1094=ORIENTED_EDGE('',*,*,#859,.T.);
#1095=ORIENTED_EDGE('',*,*,#820,.T.);
#1096=ORIENTED_EDGE('',*,*,#859,.F.);
#1097=ORIENTED_EDGE('',*,*,#856,.F.);
#1098=ORIENTED_EDGE('',*,*,#860,.T.);
#1099=ORIENTED_EDGE('',*,*,#809,.T.);
#1100=ORIENTED_EDGE('',*,*,#860,.F.);
#1101=ORIENTED_EDGE('',*,*,#861,.T.);
#1102=ORIENTED_EDGE('',*,*,#862,.T.);
#1103=ORIENTED_EDGE('',*,*,#852,.F.);
#1104=ORIENTED_EDGE('',*,*,#863,.F.);
#1105=ORIENTED_EDGE('',*,*,#864,.T.);
#1106=ORIENTED_EDGE('',*,*,#863,.T.);
#1107=ORIENTED_EDGE('',*,*,#851,.F.);
#1108=ORIENTED_EDGE('',*,*,#865,.F.);
#1109=ORIENTED_EDGE('',*,*,#866,.T.);
#1110=ORIENTED_EDGE('',*,*,#865,.T.);
#1111=ORIENTED_EDGE('',*,*,#850,.F.);
#1112=ORIENTED_EDGE('',*,*,#867,.F.);
#1113=ORIENTED_EDGE('',*,*,#868,.T.);
#1114=ORIENTED_EDGE('',*,*,#867,.T.);
#1115=ORIENTED_EDGE('',*,*,#849,.F.);
#1116=ORIENTED_EDGE('',*,*,#869,.F.);
#1117=ORIENTED_EDGE('',*,*,#870,.T.);
#1118=ORIENTED_EDGE('',*,*,#869,.T.);
#1119=ORIENTED_EDGE('',*,*,#848,.F.);
#1120=ORIENTED_EDGE('',*,*,#871,.F.);
#1121=ORIENTED_EDGE('',*,*,#872,.T.);
#1122=ORIENTED_EDGE('',*,*,#871,.T.);
#1123=ORIENTED_EDGE('',*,*,#847,.F.);
#1124=ORIENTED_EDGE('',*,*,#873,.F.);
#1125=ORIENTED_EDGE('',*,*,#874,.T.);
#1126=ORIENTED_EDGE('',*,*,#873,.T.);
#1127=ORIENTED_EDGE('',*,*,#846,.F.);
#1128=ORIENTED_EDGE('',*,*,#875,.F.);
#1129=ORIENTED_EDGE('',*,*,#876,.T.);
#1130=ORIENTED_EDGE('',*,*,#875,.T.);
#1131=ORIENTED_EDGE('',*,*,#845,.F.);
#1132=ORIENTED_EDGE('',*,*,#862,.F.);
#1133=ORIENTED_EDGE('',*,*,#823,.T.);
#1134=ORIENTED_EDGE('',*,*,#827,.T.);
#1135=ORIENTED_EDGE('',*,*,#830,.T.);
#1136=ORIENTED_EDGE('',*,*,#832,.T.);
#1137=ORIENTED_EDGE('',*,*,#876,.F.);
#1138=ORIENTED_EDGE('',*,*,#861,.F.);
#1139=ORIENTED_EDGE('',*,*,#864,.F.);
#1140=ORIENTED_EDGE('',*,*,#866,.F.);
#1141=ORIENTED_EDGE('',*,*,#868,.F.);
#1142=ORIENTED_EDGE('',*,*,#870,.F.);
#1143=ORIENTED_EDGE('',*,*,#872,.F.);
#1144=ORIENTED_EDGE('',*,*,#874,.F.);
#1145=ORIENTED_EDGE('',*,*,#817,.T.);
#1146=ORIENTED_EDGE('',*,*,#810,.T.);
#1147=ORIENTED_EDGE('',*,*,#814,.T.);
#1148=ORIENTED_EDGE('',*,*,#806,.T.);
#1149=ORIENTED_EDGE('',*,*,#802,.T.);
#1150=ORIENTED_EDGE('',*,*,#877,.F.);
#1151=ORIENTED_EDGE('',*,*,#878,.T.);
#1152=ORIENTED_EDGE('',*,*,#879,.T.);
#1153=ORIENTED_EDGE('',*,*,#878,.F.);
#1154=ORIENTED_EDGE('',*,*,#879,.F.);
#1155=ORIENTED_EDGE('',*,*,#880,.F.);
#1156=ORIENTED_EDGE('',*,*,#881,.F.);
#1157=ORIENTED_EDGE('',*,*,#882,.T.);
#1158=ORIENTED_EDGE('',*,*,#880,.T.);
#1159=ORIENTED_EDGE('',*,*,#882,.F.);
#1160=ORIENTED_EDGE('',*,*,#883,.T.);
#1161=ORIENTED_EDGE('',*,*,#884,.T.);
#1162=ORIENTED_EDGE('',*,*,#885,.F.);
#1163=ORIENTED_EDGE('',*,*,#884,.F.);
#1164=ORIENTED_EDGE('',*,*,#886,.F.);
#1165=ORIENTED_EDGE('',*,*,#887,.T.);
#1166=ORIENTED_EDGE('',*,*,#888,.T.);
#1167=ORIENTED_EDGE('',*,*,#887,.F.);
#1168=ORIENTED_EDGE('',*,*,#888,.F.);
#1169=ORIENTED_EDGE('',*,*,#883,.F.);
#1170=ORIENTED_EDGE('',*,*,#889,.T.);
#1171=ORIENTED_EDGE('',*,*,#890,.T.);
#1172=ORIENTED_EDGE('',*,*,#891,.F.);
#1173=ORIENTED_EDGE('',*,*,#892,.F.);
#1174=ORIENTED_EDGE('',*,*,#886,.T.);
#1175=ORIENTED_EDGE('',*,*,#893,.F.);
#1176=ORIENTED_EDGE('',*,*,#894,.T.);
#1177=ORIENTED_EDGE('',*,*,#895,.F.);
#1178=ORIENTED_EDGE('',*,*,#894,.F.);
#1179=ORIENTED_EDGE('',*,*,#893,.T.);
#1180=ORIENTED_EDGE('',*,*,#896,.F.);
#1181=ORIENTED_EDGE('',*,*,#897,.T.);
#1182=ORIENTED_EDGE('',*,*,#898,.F.);
#1183=ORIENTED_EDGE('',*,*,#897,.F.);
#1184=ORIENTED_EDGE('',*,*,#896,.T.);
#1185=ORIENTED_EDGE('',*,*,#899,.F.);
#1186=ORIENTED_EDGE('',*,*,#900,.T.);
#1187=ORIENTED_EDGE('',*,*,#901,.F.);
#1188=ORIENTED_EDGE('',*,*,#900,.F.);
#1189=ORIENTED_EDGE('',*,*,#899,.T.);
#1190=ORIENTED_EDGE('',*,*,#902,.F.);
#1191=ORIENTED_EDGE('',*,*,#903,.T.);
#1192=ORIENTED_EDGE('',*,*,#904,.F.);
#1193=ORIENTED_EDGE('',*,*,#903,.F.);
#1194=ORIENTED_EDGE('',*,*,#902,.T.);
#1195=ORIENTED_EDGE('',*,*,#905,.T.);
#1196=ORIENTED_EDGE('',*,*,#906,.T.);
#1197=ORIENTED_EDGE('',*,*,#907,.T.);
#1198=ORIENTED_EDGE('',*,*,#908,.T.);
#1199=ORIENTED_EDGE('',*,*,#891,.T.);
#1200=ORIENTED_EDGE('',*,*,#909,.T.);
#1201=ORIENTED_EDGE('',*,*,#910,.T.);
#1202=ORIENTED_EDGE('',*,*,#911,.T.);
#1203=ORIENTED_EDGE('',*,*,#912,.T.);
#1204=ORIENTED_EDGE('',*,*,#913,.T.);
#1205=ORIENTED_EDGE('',*,*,#914,.T.);
#1206=ORIENTED_EDGE('',*,*,#915,.T.);
#1207=ORIENTED_EDGE('',*,*,#916,.T.);
#1208=ORIENTED_EDGE('',*,*,#917,.T.);
#1209=ORIENTED_EDGE('',*,*,#904,.T.);
#1210=ORIENTED_EDGE('',*,*,#901,.T.);
#1211=ORIENTED_EDGE('',*,*,#898,.T.);
#1212=ORIENTED_EDGE('',*,*,#895,.T.);
#1213=ORIENTED_EDGE('',*,*,#913,.F.);
#1214=ORIENTED_EDGE('',*,*,#918,.T.);
#1215=ORIENTED_EDGE('',*,*,#919,.F.);
#1216=ORIENTED_EDGE('',*,*,#920,.F.);
#1217=ORIENTED_EDGE('',*,*,#912,.F.);
#1218=ORIENTED_EDGE('',*,*,#921,.T.);
#1219=ORIENTED_EDGE('',*,*,#922,.F.);
#1220=ORIENTED_EDGE('',*,*,#918,.F.);
#1221=ORIENTED_EDGE('',*,*,#923,.T.);
#1222=ORIENTED_EDGE('',*,*,#924,.T.);
#1223=ORIENTED_EDGE('',*,*,#925,.F.);
#1224=ORIENTED_EDGE('',*,*,#926,.F.);
#1225=ORIENTED_EDGE('',*,*,#927,.T.);
#1226=ORIENTED_EDGE('',*,*,#926,.T.);
#1227=ORIENTED_EDGE('',*,*,#928,.F.);
#1228=ORIENTED_EDGE('',*,*,#929,.F.);
#1229=ORIENTED_EDGE('',*,*,#930,.T.);
#1230=ORIENTED_EDGE('',*,*,#929,.T.);
#1231=ORIENTED_EDGE('',*,*,#931,.F.);
#1232=ORIENTED_EDGE('',*,*,#932,.F.);
#1233=ORIENTED_EDGE('',*,*,#933,.T.);
#1234=ORIENTED_EDGE('',*,*,#932,.T.);
#1235=ORIENTED_EDGE('',*,*,#934,.F.);
#1236=ORIENTED_EDGE('',*,*,#924,.F.);
#1237=ORIENTED_EDGE('',*,*,#914,.F.);
#1238=ORIENTED_EDGE('',*,*,#920,.T.);
#1239=ORIENTED_EDGE('',*,*,#935,.F.);
#1240=ORIENTED_EDGE('',*,*,#936,.F.);
#1241=ORIENTED_EDGE('',*,*,#915,.F.);
#1242=ORIENTED_EDGE('',*,*,#936,.T.);
#1243=ORIENTED_EDGE('',*,*,#937,.F.);
#1244=ORIENTED_EDGE('',*,*,#921,.F.);
#1245=ORIENTED_EDGE('',*,*,#922,.T.);
#1246=ORIENTED_EDGE('',*,*,#937,.T.);
#1247=ORIENTED_EDGE('',*,*,#935,.T.);
#1248=ORIENTED_EDGE('',*,*,#919,.T.);
#1249=ORIENTED_EDGE('',*,*,#934,.T.);
#1250=ORIENTED_EDGE('',*,*,#931,.T.);
#1251=ORIENTED_EDGE('',*,*,#928,.T.);
#1252=ORIENTED_EDGE('',*,*,#925,.T.);
#1253=ORIENTED_EDGE('',*,*,#938,.F.);
#1254=ORIENTED_EDGE('',*,*,#939,.F.);
#1255=ORIENTED_EDGE('',*,*,#940,.F.);
#1256=ORIENTED_EDGE('',*,*,#941,.F.);
#1257=ORIENTED_EDGE('',*,*,#933,.F.);
#1258=ORIENTED_EDGE('',*,*,#923,.F.);
#1259=ORIENTED_EDGE('',*,*,#927,.F.);
#1260=ORIENTED_EDGE('',*,*,#930,.F.);
#1261=ORIENTED_EDGE('',*,*,#939,.T.);
#1262=ORIENTED_EDGE('',*,*,#942,.F.);
#1263=ORIENTED_EDGE('',*,*,#943,.F.);
#1264=ORIENTED_EDGE('',*,*,#944,.T.);
#1265=ORIENTED_EDGE('',*,*,#938,.T.);
#1266=ORIENTED_EDGE('',*,*,#945,.F.);
#1267=ORIENTED_EDGE('',*,*,#946,.F.);
#1268=ORIENTED_EDGE('',*,*,#942,.T.);
#1269=ORIENTED_EDGE('',*,*,#881,.T.);
#1270=ORIENTED_EDGE('',*,*,#947,.F.);
#1271=ORIENTED_EDGE('',*,*,#948,.T.);
#1272=ORIENTED_EDGE('',*,*,#949,.F.);
#1273=ORIENTED_EDGE('',*,*,#948,.F.);
#1274=ORIENTED_EDGE('',*,*,#947,.T.);
#1275=ORIENTED_EDGE('',*,*,#950,.F.);
#1276=ORIENTED_EDGE('',*,*,#951,.T.);
#1277=ORIENTED_EDGE('',*,*,#952,.F.);
#1278=ORIENTED_EDGE('',*,*,#951,.F.);
#1279=ORIENTED_EDGE('',*,*,#950,.T.);
#1280=ORIENTED_EDGE('',*,*,#953,.F.);
#1281=ORIENTED_EDGE('',*,*,#954,.T.);
#1282=ORIENTED_EDGE('',*,*,#955,.F.);
#1283=ORIENTED_EDGE('',*,*,#954,.F.);
#1284=ORIENTED_EDGE('',*,*,#953,.T.);
#1285=ORIENTED_EDGE('',*,*,#956,.F.);
#1286=ORIENTED_EDGE('',*,*,#957,.T.);
#1287=ORIENTED_EDGE('',*,*,#917,.F.);
#1288=ORIENTED_EDGE('',*,*,#958,.F.);
#1289=ORIENTED_EDGE('',*,*,#940,.T.);
#1290=ORIENTED_EDGE('',*,*,#944,.F.);
#1291=ORIENTED_EDGE('',*,*,#959,.F.);
#1292=ORIENTED_EDGE('',*,*,#960,.T.);
#1293=ORIENTED_EDGE('',*,*,#885,.T.);
#1294=ORIENTED_EDGE('',*,*,#941,.T.);
#1295=ORIENTED_EDGE('',*,*,#960,.F.);
#1296=ORIENTED_EDGE('',*,*,#961,.F.);
#1297=ORIENTED_EDGE('',*,*,#945,.T.);
#1298=ORIENTED_EDGE('',*,*,#962,.F.);
#1299=ORIENTED_EDGE('',*,*,#958,.T.);
#1300=ORIENTED_EDGE('',*,*,#916,.F.);
#1301=ORIENTED_EDGE('',*,*,#957,.F.);
#1302=ORIENTED_EDGE('',*,*,#961,.T.);
#1303=ORIENTED_EDGE('',*,*,#959,.T.);
#1304=ORIENTED_EDGE('',*,*,#943,.T.);
#1305=ORIENTED_EDGE('',*,*,#946,.T.);
#1306=ORIENTED_EDGE('',*,*,#949,.T.);
#1307=ORIENTED_EDGE('',*,*,#952,.T.);
#1308=ORIENTED_EDGE('',*,*,#955,.T.);
#1309=ORIENTED_EDGE('',*,*,#963,.F.);
#1310=ORIENTED_EDGE('',*,*,#964,.F.);
#1311=ORIENTED_EDGE('',*,*,#965,.F.);
#1312=ORIENTED_EDGE('',*,*,#966,.F.);
#1313=ORIENTED_EDGE('',*,*,#889,.F.);
#1314=ORIENTED_EDGE('',*,*,#967,.F.);
#1315=ORIENTED_EDGE('',*,*,#968,.F.);
#1316=ORIENTED_EDGE('',*,*,#969,.F.);
#1317=ORIENTED_EDGE('',*,*,#964,.T.);
#1318=ORIENTED_EDGE('',*,*,#970,.T.);
#1319=ORIENTED_EDGE('',*,*,#911,.F.);
#1320=ORIENTED_EDGE('',*,*,#971,.F.);
#1321=ORIENTED_EDGE('',*,*,#965,.T.);
#1322=ORIENTED_EDGE('',*,*,#971,.T.);
#1323=ORIENTED_EDGE('',*,*,#910,.F.);
#1324=ORIENTED_EDGE('',*,*,#972,.F.);
#1325=ORIENTED_EDGE('',*,*,#966,.T.);
#1326=ORIENTED_EDGE('',*,*,#972,.T.);
#1327=ORIENTED_EDGE('',*,*,#909,.F.);
#1328=ORIENTED_EDGE('',*,*,#890,.F.);
#1329=ORIENTED_EDGE('',*,*,#967,.T.);
#1330=ORIENTED_EDGE('',*,*,#892,.T.);
#1331=ORIENTED_EDGE('',*,*,#908,.F.);
#1332=ORIENTED_EDGE('',*,*,#973,.F.);
#1333=ORIENTED_EDGE('',*,*,#968,.T.);
#1334=ORIENTED_EDGE('',*,*,#973,.T.);
#1335=ORIENTED_EDGE('',*,*,#907,.F.);
#1336=ORIENTED_EDGE('',*,*,#974,.F.);
#1337=ORIENTED_EDGE('',*,*,#969,.T.);
#1338=ORIENTED_EDGE('',*,*,#974,.T.);
#1339=ORIENTED_EDGE('',*,*,#906,.F.);
#1340=ORIENTED_EDGE('',*,*,#975,.F.);
#1341=ORIENTED_EDGE('',*,*,#963,.T.);
#1342=ORIENTED_EDGE('',*,*,#975,.T.);
#1343=ORIENTED_EDGE('',*,*,#905,.F.);
#1344=ORIENTED_EDGE('',*,*,#970,.F.);
#1345=ORIENTED_EDGE('',*,*,#877,.T.);
#1346=ORIENTED_EDGE('',*,*,#956,.T.);
#1347=ORIENTED_EDGE('',*,*,#962,.T.);
#1348=ORIENTED_EDGE('',*,*,#976,.F.);
#1349=ORIENTED_EDGE('',*,*,#977,.T.);
#1350=ORIENTED_EDGE('',*,*,#978,.T.);
#1351=ORIENTED_EDGE('',*,*,#977,.F.);
#1352=ORIENTED_EDGE('',*,*,#979,.F.);
#1353=ORIENTED_EDGE('',*,*,#980,.T.);
#1354=ORIENTED_EDGE('',*,*,#981,.T.);
#1355=ORIENTED_EDGE('',*,*,#980,.F.);
#1356=ORIENTED_EDGE('',*,*,#982,.F.);
#1357=ORIENTED_EDGE('',*,*,#983,.T.);
#1358=ORIENTED_EDGE('',*,*,#984,.T.);
#1359=ORIENTED_EDGE('',*,*,#983,.F.);
#1360=ORIENTED_EDGE('',*,*,#985,.F.);
#1361=ORIENTED_EDGE('',*,*,#986,.T.);
#1362=ORIENTED_EDGE('',*,*,#987,.T.);
#1363=ORIENTED_EDGE('',*,*,#986,.F.);
#1364=ORIENTED_EDGE('',*,*,#988,.F.);
#1365=ORIENTED_EDGE('',*,*,#989,.T.);
#1366=ORIENTED_EDGE('',*,*,#990,.F.);
#1367=ORIENTED_EDGE('',*,*,#991,.F.);
#1368=ORIENTED_EDGE('',*,*,#992,.F.);
#1369=ORIENTED_EDGE('',*,*,#991,.T.);
#1370=ORIENTED_EDGE('',*,*,#993,.F.);
#1371=ORIENTED_EDGE('',*,*,#994,.F.);
#1372=ORIENTED_EDGE('',*,*,#995,.F.);
#1373=ORIENTED_EDGE('',*,*,#994,.T.);
#1374=ORIENTED_EDGE('',*,*,#996,.F.);
#1375=ORIENTED_EDGE('',*,*,#997,.F.);
#1376=ORIENTED_EDGE('',*,*,#998,.F.);
#1377=ORIENTED_EDGE('',*,*,#997,.T.);
#1378=ORIENTED_EDGE('',*,*,#999,.F.);
#1379=ORIENTED_EDGE('',*,*,#989,.F.);
#1380=ORIENTED_EDGE('',*,*,#999,.T.);
#1381=ORIENTED_EDGE('',*,*,#996,.T.);
#1382=ORIENTED_EDGE('',*,*,#993,.T.);
#1383=ORIENTED_EDGE('',*,*,#990,.T.);
#1384=ORIENTED_EDGE('',*,*,#985,.T.);
#1385=ORIENTED_EDGE('',*,*,#982,.T.);
#1386=ORIENTED_EDGE('',*,*,#979,.T.);
#1387=ORIENTED_EDGE('',*,*,#976,.T.);
#1388=ORIENTED_EDGE('',*,*,#998,.T.);
#1389=ORIENTED_EDGE('',*,*,#988,.T.);
#1390=ORIENTED_EDGE('',*,*,#992,.T.);
#1391=ORIENTED_EDGE('',*,*,#995,.T.);
#1392=ORIENTED_EDGE('',*,*,#987,.F.);
#1393=ORIENTED_EDGE('',*,*,#984,.F.);
#1394=ORIENTED_EDGE('',*,*,#981,.F.);
#1395=ORIENTED_EDGE('',*,*,#978,.F.);
#1396=CYLINDRICAL_SURFACE('',#1535,4.);
#1397=CYLINDRICAL_SURFACE('',#1540,4.);
#1398=CYLINDRICAL_SURFACE('',#1546,4.);
#1399=CYLINDRICAL_SURFACE('',#1551,4.);
#1400=CYLINDRICAL_SURFACE('',#1574,2.15);
#1401=CYLINDRICAL_SURFACE('',#1575,2.15);
#1402=CYLINDRICAL_SURFACE('',#1576,2.15);
#1403=CYLINDRICAL_SURFACE('',#1577,2.15);
#1404=CYLINDRICAL_SURFACE('',#1578,5.63922516464941);
#1405=CYLINDRICAL_SURFACE('',#1581,5.63922516464941);
#1406=CYLINDRICAL_SURFACE('',#1584,5.63922516464941);
#1407=CYLINDRICAL_SURFACE('',#1587,5.63922516464941);
#1408=CYLINDRICAL_SURFACE('',#1592,8.);
#1409=CYLINDRICAL_SURFACE('',#1597,3.25);
#1410=CYLINDRICAL_SURFACE('',#1599,4.7);
#1411=CYLINDRICAL_SURFACE('',#1602,8.);
#1412=CYLINDRICAL_SURFACE('',#1607,2.15);
#1413=CYLINDRICAL_SURFACE('',#1611,2.15);
#1414=CYLINDRICAL_SURFACE('',#1615,2.15);
#1415=CYLINDRICAL_SURFACE('',#1619,2.15);
#1416=CYLINDRICAL_SURFACE('',#1641,2.15);
#1417=CYLINDRICAL_SURFACE('',#1645,2.15);
#1418=CYLINDRICAL_SURFACE('',#1649,2.15);
#1419=CYLINDRICAL_SURFACE('',#1653,4.);
#1420=CYLINDRICAL_SURFACE('',#1664,5.63922516464941);
#1421=CYLINDRICAL_SURFACE('',#1666,5.63922516464941);
#1422=CYLINDRICAL_SURFACE('',#1667,5.63922516464941);
#1423=CYLINDRICAL_SURFACE('',#1669,5.63922516464941);
#1424=CYLINDRICAL_SURFACE('',#1672,2.15);
#1425=CYLINDRICAL_SURFACE('',#1675,2.15);
#1426=CYLINDRICAL_SURFACE('',#1678,2.15);
#1427=CYLINDRICAL_SURFACE('',#1681,2.15);
#1428=ADVANCED_FACE('',(#117),#1396,.F.);
#1429=ADVANCED_FACE('',(#118,#19),#58,.F.);
#1430=ADVANCED_FACE('',(#119),#1397,.F.);
#1431=ADVANCED_FACE('',(#120,#20),#59,.F.);
#1432=ADVANCED_FACE('',(#121),#60,.F.);
#1433=ADVANCED_FACE('',(#122),#1398,.F.);
#1434=ADVANCED_FACE('',(#123,#21),#61,.F.);
#1435=ADVANCED_FACE('',(#124),#1399,.F.);
#1436=ADVANCED_FACE('',(#125,#22),#62,.F.);
#1437=ADVANCED_FACE('',(#126),#63,.F.);
#1438=ADVANCED_FACE('',(#127),#64,.F.);
#1439=ADVANCED_FACE('',(#128),#65,.F.);
#1440=ADVANCED_FACE('',(#129),#66,.F.);
#1441=ADVANCED_FACE('',(#130),#67,.F.);
#1442=ADVANCED_FACE('',(#131),#68,.F.);
#1443=ADVANCED_FACE('',(#132),#69,.F.);
#1444=ADVANCED_FACE('',(#133),#70,.F.);
#1445=ADVANCED_FACE('',(#134,#23),#71,.T.);
#1446=ADVANCED_FACE('',(#135,#24,#25,#26,#27,#28),#72,.T.);
#1447=ADVANCED_FACE('',(#136),#1400,.F.);
#1448=ADVANCED_FACE('',(#137),#1401,.F.);
#1449=ADVANCED_FACE('',(#138),#1402,.F.);
#1450=ADVANCED_FACE('',(#139),#1403,.F.);
#1451=ADVANCED_FACE('',(#140),#1404,.T.);
#1452=ADVANCED_FACE('',(#141),#73,.T.);
#1453=ADVANCED_FACE('',(#142),#1405,.T.);
#1454=ADVANCED_FACE('',(#143),#74,.T.);
#1455=ADVANCED_FACE('',(#144),#1406,.T.);
#1456=ADVANCED_FACE('',(#145),#75,.T.);
#1457=ADVANCED_FACE('',(#146),#1407,.T.);
#1458=ADVANCED_FACE('',(#147),#76,.T.);
#1459=ADVANCED_FACE('',(#148),#77,.T.);
#1460=ADVANCED_FACE('',(#149,#29,#30,#31,#32),#78,.F.);
#1461=ADVANCED_FACE('',(#150),#1408,.F.);
#1462=ADVANCED_FACE('',(#151,#33),#79,.F.);
#1463=ADVANCED_FACE('',(#152),#1409,.F.);
#1464=ADVANCED_FACE('',(#153),#1410,.F.);
#1465=ADVANCED_FACE('',(#154),#1411,.F.);
#1466=ADVANCED_FACE('',(#155,#34),#80,.T.);
#1467=ADVANCED_FACE('',(#156,#35),#81,.T.);
#1468=ADVANCED_FACE('',(#157),#1412,.F.);
#1469=ADVANCED_FACE('',(#158),#82,.T.);
#1470=ADVANCED_FACE('',(#159),#1413,.F.);
#1471=ADVANCED_FACE('',(#160),#83,.T.);
#1472=ADVANCED_FACE('',(#161),#1414,.F.);
#1473=ADVANCED_FACE('',(#162),#84,.T.);
#1474=ADVANCED_FACE('',(#163),#1415,.F.);
#1475=ADVANCED_FACE('',(#164),#85,.T.);
#1476=ADVANCED_FACE('',(#165,#36,#37,#38,#39,#40,#41),#86,.T.);
#1477=ADVANCED_FACE('',(#166),#87,.T.);
#1478=ADVANCED_FACE('',(#167),#88,.T.);
#1479=ADVANCED_FACE('',(#168),#89,.T.);
#1480=ADVANCED_FACE('',(#169),#90,.T.);
#1481=ADVANCED_FACE('',(#170),#91,.T.);
#1482=ADVANCED_FACE('',(#171),#92,.T.);
#1483=ADVANCED_FACE('',(#172),#93,.T.);
#1484=ADVANCED_FACE('',(#173),#94,.T.);
#1485=ADVANCED_FACE('',(#174,#42),#95,.T.);
#1486=ADVANCED_FACE('',(#175,#43),#96,.F.);
#1487=ADVANCED_FACE('',(#176),#97,.T.);
#1488=ADVANCED_FACE('',(#177,#44),#98,.T.);
#1489=ADVANCED_FACE('',(#178),#1416,.F.);
#1490=ADVANCED_FACE('',(#179),#99,.T.);
#1491=ADVANCED_FACE('',(#180),#1417,.F.);
#1492=ADVANCED_FACE('',(#181),#100,.T.);
#1493=ADVANCED_FACE('',(#182),#1418,.F.);
#1494=ADVANCED_FACE('',(#183),#101,.T.);
#1495=ADVANCED_FACE('',(#184),#1419,.F.);
#1496=ADVANCED_FACE('',(#185,#45),#102,.T.);
#1497=ADVANCED_FACE('',(#186),#103,.T.);
#1498=ADVANCED_FACE('',(#187),#104,.T.);
#1499=ADVANCED_FACE('',(#188,#46,#47,#48),#105,.T.);
#1500=ADVANCED_FACE('',(#189),#106,.F.);
#1501=ADVANCED_FACE('',(#190),#1420,.T.);
#1502=ADVANCED_FACE('',(#191),#107,.T.);
#1503=ADVANCED_FACE('',(#192),#1421,.T.);
#1504=ADVANCED_FACE('',(#193),#1422,.T.);
#1505=ADVANCED_FACE('',(#194),#108,.T.);
#1506=ADVANCED_FACE('',(#195),#1423,.T.);
#1507=ADVANCED_FACE('',(#196,#49),#109,.T.);
#1508=ADVANCED_FACE('',(#197),#110,.T.);
#1509=ADVANCED_FACE('',(#198),#1424,.F.);
#1510=ADVANCED_FACE('',(#199),#1425,.F.);
#1511=ADVANCED_FACE('',(#200),#1426,.F.);
#1512=ADVANCED_FACE('',(#201),#1427,.F.);
#1513=ADVANCED_FACE('',(#202),#111,.T.);
#1514=ADVANCED_FACE('',(#203),#112,.T.);
#1515=ADVANCED_FACE('',(#204),#113,.T.);
#1516=ADVANCED_FACE('',(#205),#114,.T.);
#1517=ADVANCED_FACE('',(#206,#50,#51,#52,#53),#115,.T.);
#1518=ADVANCED_FACE('',(#207,#54,#55,#56,#57),#116,.F.);
#1519=CLOSED_SHELL('',(#1428,#1429,#1430,#1431,#1432,#1433,#1434,#1435,
#1436,#1437,#1438,#1439,#1440,#1441,#1442,#1443,#1444,#1445,#1446,#1447,
#1448,#1449,#1450,#1451,#1452,#1453,#1454,#1455,#1456,#1457,#1458,#1459,
#1460));
#1520=CLOSED_SHELL('',(#1461,#1462,#1463,#1464,#1465,#1466,#1467,#1468,
#1469,#1470,#1471,#1472,#1473,#1474,#1475,#1476,#1477,#1478,#1479,#1480,
#1481,#1482,#1483,#1484,#1485,#1486,#1487,#1488,#1489,#1490,#1491,#1492,
#1493,#1494,#1495,#1496,#1497,#1498,#1499,#1500,#1501,#1502,#1503,#1504,
#1505,#1506,#1507,#1508));
#1521=CLOSED_SHELL('',(#1509,#1510,#1511,#1512,#1513,#1514,#1515,#1516,
#1517,#1518));
#1522=DERIVED_UNIT_ELEMENT(#1524,1.);
#1523=DERIVED_UNIT_ELEMENT(#2563,-3.);
#1524=(
MASS_UNIT()
NAMED_UNIT(*)
SI_UNIT(.KILO.,.GRAM.)
);
#1525=DERIVED_UNIT((#1522,#1523));
#1526=MEASURE_REPRESENTATION_ITEM('density measure',
POSITIVE_RATIO_MEASURE(7850.),#1525);
#1527=PROPERTY_DEFINITION_REPRESENTATION(#1532,#1529);
#1528=PROPERTY_DEFINITION_REPRESENTATION(#1533,#1530);
#1529=REPRESENTATION('material name',(#1531),#2560);
#1530=REPRESENTATION('density',(#1526),#2560);
#1531=DESCRIPTIVE_REPRESENTATION_ITEM('Stahl','Stahl');
#1532=PROPERTY_DEFINITION('material property','material name',#2570);
#1533=PROPERTY_DEFINITION('material property','density of part',#2570);
#1534=AXIS2_PLACEMENT_3D('',#2136,#1690,#1691);
#1535=AXIS2_PLACEMENT_3D('',#2137,#1692,#1693);
#1536=AXIS2_PLACEMENT_3D('',#2139,#1694,#1695);
#1537=AXIS2_PLACEMENT_3D('',#2142,#1697,#1698);
#1538=AXIS2_PLACEMENT_3D('',#2143,#1699,#1700);
#1539=AXIS2_PLACEMENT_3D('',#2145,#1701,#1702);
#1540=AXIS2_PLACEMENT_3D('',#2146,#1703,#1704);
#1541=AXIS2_PLACEMENT_3D('',#2148,#1705,#1706);
#1542=AXIS2_PLACEMENT_3D('',#2151,#1708,#1709);
#1543=AXIS2_PLACEMENT_3D('',#2152,#1710,#1711);
#1544=AXIS2_PLACEMENT_3D('',#2154,#1712,#1713);
#1545=AXIS2_PLACEMENT_3D('',#2155,#1714,#1715);
#1546=AXIS2_PLACEMENT_3D('',#2164,#1720,#1721);
#1547=AXIS2_PLACEMENT_3D('',#2165,#1722,#1723);
#1548=AXIS2_PLACEMENT_3D('',#2166,#1724,#1725);
#1549=AXIS2_PLACEMENT_3D('',#2167,#1726,#1727);
#1550=AXIS2_PLACEMENT_3D('',#2169,#1728,#1729);
#1551=AXIS2_PLACEMENT_3D('',#2170,#1730,#1731);
#1552=AXIS2_PLACEMENT_3D('',#2172,#1732,#1733);
#1553=AXIS2_PLACEMENT_3D('',#2175,#1735,#1736);
#1554=AXIS2_PLACEMENT_3D('',#2176,#1737,#1738);
#1555=AXIS2_PLACEMENT_3D('',#2178,#1739,#1740);
#1556=AXIS2_PLACEMENT_3D('',#2179,#1741,#1742);
#1557=AXIS2_PLACEMENT_3D('',#2188,#1747,#1748);
#1558=AXIS2_PLACEMENT_3D('',#2194,#1752,#1753);
#1559=AXIS2_PLACEMENT_3D('',#2200,#1757,#1758);
#1560=AXIS2_PLACEMENT_3D('',#2203,#1761,#1762);
#1561=AXIS2_PLACEMENT_3D('',#2212,#1767,#1768);
#1562=AXIS2_PLACEMENT_3D('',#2218,#1772,#1773);
#1563=AXIS2_PLACEMENT_3D('',#2224,#1777,#1778);
#1564=AXIS2_PLACEMENT_3D('',#2227,#1781,#1782);
#1565=AXIS2_PLACEMENT_3D('',#2228,#1783,#1784);
#1566=AXIS2_PLACEMENT_3D('',#2233,#1786,#1787);
#1567=AXIS2_PLACEMENT_3D('',#2237,#1789,#1790);
#1568=AXIS2_PLACEMENT_3D('',#2241,#1792,#1793);
#1569=AXIS2_PLACEMENT_3D('',#2244,#1795,#1796);
#1570=AXIS2_PLACEMENT_3D('',#2246,#1797,#1798);
#1571=AXIS2_PLACEMENT_3D('',#2248,#1799,#1800);
#1572=AXIS2_PLACEMENT_3D('',#2250,#1801,#1802);
#1573=AXIS2_PLACEMENT_3D('',#2252,#1803,#1804);
#1574=AXIS2_PLACEMENT_3D('',#2253,#1805,#1806);
#1575=AXIS2_PLACEMENT_3D('',#2255,#1808,#1809);
#1576=AXIS2_PLACEMENT_3D('',#2257,#1811,#1812);
#1577=AXIS2_PLACEMENT_3D('',#2259,#1814,#1815);
#1578=AXIS2_PLACEMENT_3D('',#2261,#1817,#1818);
#1579=AXIS2_PLACEMENT_3D('',#2264,#1819,#1820);
#1580=AXIS2_PLACEMENT_3D('',#2267,#1823,#1824);
#1581=AXIS2_PLACEMENT_3D('',#2271,#1827,#1828);
#1582=AXIS2_PLACEMENT_3D('',#2273,#1829,#1830);
#1583=AXIS2_PLACEMENT_3D('',#2275,#1832,#1833);
#1584=AXIS2_PLACEMENT_3D('',#2279,#1836,#1837);
#1585=AXIS2_PLACEMENT_3D('',#2281,#1838,#1839);
#1586=AXIS2_PLACEMENT_3D('',#2283,#1841,#1842);
#1587=AXIS2_PLACEMENT_3D('',#2287,#1845,#1846);
#1588=AXIS2_PLACEMENT_3D('',#2289,#1847,#1848);
#1589=AXIS2_PLACEMENT_3D('',#2291,#1850,#1851);
#1590=AXIS2_PLACEMENT_3D('',#2293,#1853,#1854);
#1591=AXIS2_PLACEMENT_3D('',#2294,#1855,#1856);
#1592=AXIS2_PLACEMENT_3D('',#2295,#1857,#1858);
#1593=AXIS2_PLACEMENT_3D('',#2297,#1859,#1860);
#1594=AXIS2_PLACEMENT_3D('',#2300,#1862,#1863);
#1595=AXIS2_PLACEMENT_3D('',#2301,#1864,#1865);
#1596=AXIS2_PLACEMENT_3D('',#2303,#1866,#1867);
#1597=AXIS2_PLACEMENT_3D('',#2304,#1868,#1869);
#1598=AXIS2_PLACEMENT_3D('',#2306,#1870,#1871);
#1599=AXIS2_PLACEMENT_3D('',#2308,#1873,#1874);
#1600=AXIS2_PLACEMENT_3D('',#2310,#1875,#1876);
#1601=AXIS2_PLACEMENT_3D('',#2313,#1878,#1879);
#1602=AXIS2_PLACEMENT_3D('',#2314,#1880,#1881);
#1603=AXIS2_PLACEMENT_3D('',#2316,#1882,#1883);
#1604=AXIS2_PLACEMENT_3D('',#2319,#1885,#1886);
#1605=AXIS2_PLACEMENT_3D('',#2320,#1887,#1888);
#1606=AXIS2_PLACEMENT_3D('',#2321,#1889,#1890);
#1607=AXIS2_PLACEMENT_3D('',#2330,#1895,#1896);
#1608=AXIS2_PLACEMENT_3D('',#2332,#1897,#1898);
#1609=AXIS2_PLACEMENT_3D('',#2335,#1900,#1901);
#1610=AXIS2_PLACEMENT_3D('',#2336,#1902,#1903);
#1611=AXIS2_PLACEMENT_3D('',#2337,#1904,#1905);
#1612=AXIS2_PLACEMENT_3D('',#2339,#1906,#1907);
#1613=AXIS2_PLACEMENT_3D('',#2342,#1909,#1910);
#1614=AXIS2_PLACEMENT_3D('',#2343,#1911,#1912);
#1615=AXIS2_PLACEMENT_3D('',#2344,#1913,#1914);
#1616=AXIS2_PLACEMENT_3D('',#2346,#1915,#1916);
#1617=AXIS2_PLACEMENT_3D('',#2349,#1918,#1919);
#1618=AXIS2_PLACEMENT_3D('',#2350,#1920,#1921);
#1619=AXIS2_PLACEMENT_3D('',#2351,#1922,#1923);
#1620=AXIS2_PLACEMENT_3D('',#2353,#1924,#1925);
#1621=AXIS2_PLACEMENT_3D('',#2356,#1927,#1928);
#1622=AXIS2_PLACEMENT_3D('',#2357,#1929,#1930);
#1623=AXIS2_PLACEMENT_3D('',#2358,#1931,#1932);
#1624=AXIS2_PLACEMENT_3D('',#2363,#1934,#1935);
#1625=AXIS2_PLACEMENT_3D('',#2366,#1937,#1938);
#1626=AXIS2_PLACEMENT_3D('',#2368,#1939,#1940);
#1627=AXIS2_PLACEMENT_3D('',#2371,#1942,#1943);
#1628=AXIS2_PLACEMENT_3D('',#2383,#1949,#1950);
#1629=AXIS2_PLACEMENT_3D('',#2384,#1951,#1952);
#1630=AXIS2_PLACEMENT_3D('',#2390,#1956,#1957);
#1631=AXIS2_PLACEMENT_3D('',#2394,#1960,#1961);
#1632=AXIS2_PLACEMENT_3D('',#2403,#1966,#1967);
#1633=AXIS2_PLACEMENT_3D('',#2409,#1971,#1972);
#1634=AXIS2_PLACEMENT_3D('',#2415,#1976,#1977);
#1635=AXIS2_PLACEMENT_3D('',#2418,#1980,#1981);
#1636=AXIS2_PLACEMENT_3D('',#2422,#1984,#1985);
#1637=AXIS2_PLACEMENT_3D('',#2424,#1987,#1988);
#1638=AXIS2_PLACEMENT_3D('',#2425,#1989,#1990);
#1639=AXIS2_PLACEMENT_3D('',#2434,#1995,#1996);
#1640=AXIS2_PLACEMENT_3D('',#2440,#2000,#2001);
#1641=AXIS2_PLACEMENT_3D('',#2444,#2004,#2005);
#1642=AXIS2_PLACEMENT_3D('',#2446,#2006,#2007);
#1643=AXIS2_PLACEMENT_3D('',#2449,#2009,#2010);
#1644=AXIS2_PLACEMENT_3D('',#2450,#2011,#2012);
#1645=AXIS2_PLACEMENT_3D('',#2451,#2013,#2014);
#1646=AXIS2_PLACEMENT_3D('',#2453,#2015,#2016);
#1647=AXIS2_PLACEMENT_3D('',#2456,#2018,#2019);
#1648=AXIS2_PLACEMENT_3D('',#2457,#2020,#2021);
#1649=AXIS2_PLACEMENT_3D('',#2458,#2022,#2023);
#1650=AXIS2_PLACEMENT_3D('',#2460,#2024,#2025);
#1651=AXIS2_PLACEMENT_3D('',#2463,#2027,#2028);
#1652=AXIS2_PLACEMENT_3D('',#2464,#2029,#2030);
#1653=AXIS2_PLACEMENT_3D('',#2465,#2031,#2032);
#1654=AXIS2_PLACEMENT_3D('',#2468,#2033,#2034);
#1655=AXIS2_PLACEMENT_3D('',#2471,#2037,#2038);
#1656=AXIS2_PLACEMENT_3D('',#2475,#2041,#2042);
#1657=AXIS2_PLACEMENT_3D('',#2477,#2044,#2045);
#1658=AXIS2_PLACEMENT_3D('',#2479,#2047,#2048);
#1659=AXIS2_PLACEMENT_3D('',#2480,#2049,#2050);
#1660=AXIS2_PLACEMENT_3D('',#2485,#2052,#2053);
#1661=AXIS2_PLACEMENT_3D('',#2488,#2055,#2056);
#1662=AXIS2_PLACEMENT_3D('',#2490,#2057,#2058);
#1663=AXIS2_PLACEMENT_3D('',#2493,#2060,#2061);
#1664=AXIS2_PLACEMENT_3D('',#2494,#2062,#2063);
#1665=AXIS2_PLACEMENT_3D('',#2497,#2066,#2067);
#1666=AXIS2_PLACEMENT_3D('',#2499,#2069,#2070);
#1667=AXIS2_PLACEMENT_3D('',#2500,#2071,#2072);
#1668=AXIS2_PLACEMENT_3D('',#2502,#2074,#2075);
#1669=AXIS2_PLACEMENT_3D('',#2504,#2077,#2078);
#1670=AXIS2_PLACEMENT_3D('',#2506,#2080,#2081);
#1671=AXIS2_PLACEMENT_3D('',#2507,#2082,#2083);
#1672=AXIS2_PLACEMENT_3D('',#2508,#2084,#2085);
#1673=AXIS2_PLACEMENT_3D('',#2510,#2086,#2087);
#1674=AXIS2_PLACEMENT_3D('',#2513,#2089,#2090);
#1675=AXIS2_PLACEMENT_3D('',#2514,#2091,#2092);
#1676=AXIS2_PLACEMENT_3D('',#2516,#2093,#2094);
#1677=AXIS2_PLACEMENT_3D('',#2519,#2096,#2097);
#1678=AXIS2_PLACEMENT_3D('',#2520,#2098,#2099);
#1679=AXIS2_PLACEMENT_3D('',#2522,#2100,#2101);
#1680=AXIS2_PLACEMENT_3D('',#2525,#2103,#2104);
#1681=AXIS2_PLACEMENT_3D('',#2526,#2105,#2106);
#1682=AXIS2_PLACEMENT_3D('',#2528,#2107,#2108);
#1683=AXIS2_PLACEMENT_3D('',#2531,#2110,#2111);
#1684=AXIS2_PLACEMENT_3D('',#2532,#2112,#2113);
#1685=AXIS2_PLACEMENT_3D('',#2541,#2118,#2119);
#1686=AXIS2_PLACEMENT_3D('',#2547,#2123,#2124);
#1687=AXIS2_PLACEMENT_3D('',#2553,#2128,#2129);
#1688=AXIS2_PLACEMENT_3D('',#2556,#2132,#2133);
#1689=AXIS2_PLACEMENT_3D('',#2557,#2134,#2135);
#1690=DIRECTION('axis',(0.,0.,1.));
#1691=DIRECTION('refdir',(1.,0.,0.));
#1692=DIRECTION('center_axis',(0.,0.,1.));
#1693=DIRECTION('ref_axis',(1.,0.,0.));
#1694=DIRECTION('center_axis',(0.,0.,1.));
#1695=DIRECTION('ref_axis',(1.,0.,0.));
#1696=DIRECTION('',(0.,0.,1.));
#1697=DIRECTION('center_axis',(0.,0.,1.));
#1698=DIRECTION('ref_axis',(1.,0.,0.));
#1699=DIRECTION('center_axis',(0.,0.,1.));
#1700=DIRECTION('ref_axis',(1.,0.,0.));
#1701=DIRECTION('center_axis',(0.,0.,-1.));
#1702=DIRECTION('ref_axis',(1.,0.,0.));
#1703=DIRECTION('center_axis',(0.,0.,1.));
#1704=DIRECTION('ref_axis',(1.,0.,0.));
#1705=DIRECTION('center_axis',(0.,0.,1.));
#1706=DIRECTION('ref_axis',(1.,0.,0.));
#1707=DIRECTION('',(0.,0.,1.));
#1708=DIRECTION('center_axis',(0.,0.,1.));
#1709=DIRECTION('ref_axis',(1.,0.,0.));
#1710=DIRECTION('center_axis',(0.,0.,1.));
#1711=DIRECTION('ref_axis',(1.,0.,0.));
#1712=DIRECTION('center_axis',(0.,0.,-1.));
#1713=DIRECTION('ref_axis',(1.,0.,0.));
#1714=DIRECTION('center_axis',(0.,1.,0.));
#1715=DIRECTION('ref_axis',(-1.,0.,0.));
#1716=DIRECTION('',(-1.,0.,0.));
#1717=DIRECTION('',(0.,0.,1.));
#1718=DIRECTION('',(-1.,0.,0.));
#1719=DIRECTION('',(0.,0.,1.));
#1720=DIRECTION('center_axis',(0.,0.,1.));
#1721=DIRECTION('ref_axis',(-1.83697019872103E-16,-1.,0.));
#1722=DIRECTION('center_axis',(0.,0.,1.));
#1723=DIRECTION('ref_axis',(1.,0.,0.));
#1724=DIRECTION('center_axis',(0.,0.,1.));
#1725=DIRECTION('ref_axis',(1.,0.,0.));
#1726=DIRECTION('center_axis',(0.,0.,1.));
#1727=DIRECTION('ref_axis',(1.,0.,0.));
#1728=DIRECTION('center_axis',(0.,0.,-1.));
#1729=DIRECTION('ref_axis',(1.,0.,0.));
#1730=DIRECTION('center_axis',(0.,0.,1.));
#1731=DIRECTION('ref_axis',(1.,0.,0.));
#1732=DIRECTION('center_axis',(0.,0.,1.));
#1733=DIRECTION('ref_axis',(1.,0.,0.));
#1734=DIRECTION('',(0.,0.,1.));
#1735=DIRECTION('center_axis',(0.,0.,1.));
#1736=DIRECTION('ref_axis',(1.,0.,0.));
#1737=DIRECTION('center_axis',(0.,0.,1.));
#1738=DIRECTION('ref_axis',(1.,0.,0.));
#1739=DIRECTION('center_axis',(0.,0.,-1.));
#1740=DIRECTION('ref_axis',(1.,0.,0.));
#1741=DIRECTION('center_axis',(0.,-1.,0.));
#1742=DIRECTION('ref_axis',(1.,0.,0.));
#1743=DIRECTION('',(1.,0.,0.));
#1744=DIRECTION('',(0.,0.,1.));
#1745=DIRECTION('',(-1.,0.,0.));
#1746=DIRECTION('',(0.,0.,1.));
#1747=DIRECTION('center_axis',(1.,4.93432455388958E-16,0.));
#1748=DIRECTION('ref_axis',(-4.93432455388958E-16,1.,0.));
#1749=DIRECTION('',(-4.93432455388958E-16,1.,0.));
#1750=DIRECTION('',(0.,0.,1.));
#1751=DIRECTION('',(4.93432455388958E-16,-1.,0.));
#1752=DIRECTION('center_axis',(-6.83214169000096E-16,1.,0.));
#1753=DIRECTION('ref_axis',(-1.,-6.83214169000096E-16,0.));
#1754=DIRECTION('',(-1.,-6.83214169000096E-16,0.));
#1755=DIRECTION('',(0.,0.,1.));
#1756=DIRECTION('',(1.,6.83214169000096E-16,0.));
#1757=DIRECTION('center_axis',(-1.,0.,0.));
#1758=DIRECTION('ref_axis',(0.,-1.,0.));
#1759=DIRECTION('',(0.,-1.,0.));
#1760=DIRECTION('',(0.,1.,0.));
#1761=DIRECTION('center_axis',(0.,-1.,0.));
#1762=DIRECTION('ref_axis',(1.,0.,0.));
#1763=DIRECTION('',(1.,0.,0.));
#1764=DIRECTION('',(0.,0.,1.));
#1765=DIRECTION('',(-1.,0.,0.));
#1766=DIRECTION('',(0.,0.,1.));
#1767=DIRECTION('center_axis',(-1.,0.,0.));
#1768=DIRECTION('ref_axis',(0.,-1.,0.));
#1769=DIRECTION('',(0.,-1.,0.));
#1770=DIRECTION('',(0.,0.,1.));
#1771=DIRECTION('',(0.,1.,0.));
#1772=DIRECTION('center_axis',(0.,1.,0.));
#1773=DIRECTION('ref_axis',(-1.,0.,0.));
#1774=DIRECTION('',(-1.,0.,0.));
#1775=DIRECTION('',(0.,0.,1.));
#1776=DIRECTION('',(1.,0.,0.));
#1777=DIRECTION('center_axis',(1.,0.,0.));
#1778=DIRECTION('ref_axis',(0.,1.,0.));
#1779=DIRECTION('',(0.,1.,0.));
#1780=DIRECTION('',(0.,-1.,0.));
#1781=DIRECTION('center_axis',(0.,0.,1.));
#1782=DIRECTION('ref_axis',(1.,0.,0.));
#1783=DIRECTION('center_axis',(0.,0.,1.));
#1784=DIRECTION('ref_axis',(1.,0.,0.));
#1785=DIRECTION('',(0.,1.,0.));
#1786=DIRECTION('center_axis',(0.,0.,1.));
#1787=DIRECTION('ref_axis',(1.,0.,0.));
#1788=DIRECTION('',(-1.,0.,0.));
#1789=DIRECTION('center_axis',(0.,0.,1.));
#1790=DIRECTION('ref_axis',(1.,0.,0.));
#1791=DIRECTION('',(0.,-1.,0.));
#1792=DIRECTION('center_axis',(0.,0.,1.));
#1793=DIRECTION('ref_axis',(1.,0.,0.));
#1794=DIRECTION('',(1.,0.,0.));
#1795=DIRECTION('center_axis',(0.,0.,1.));
#1796=DIRECTION('ref_axis',(1.,0.,0.));
#1797=DIRECTION('center_axis',(0.,0.,-1.));
#1798=DIRECTION('ref_axis',(1.,0.,0.));
#1799=DIRECTION('center_axis',(0.,0.,-1.));
#1800=DIRECTION('ref_axis',(1.,0.,0.));
#1801=DIRECTION('center_axis',(0.,0.,-1.));
#1802=DIRECTION('ref_axis',(1.,0.,0.));
#1803=DIRECTION('center_axis',(0.,0.,-1.));
#1804=DIRECTION('ref_axis',(1.,0.,0.));
#1805=DIRECTION('center_axis',(0.,0.,1.));
#1806=DIRECTION('ref_axis',(1.,0.,0.));
#1807=DIRECTION('',(0.,0.,-1.));
#1808=DIRECTION('center_axis',(0.,0.,1.));
#1809=DIRECTION('ref_axis',(1.,0.,0.));
#1810=DIRECTION('',(0.,0.,-1.));
#1811=DIRECTION('center_axis',(0.,0.,1.));
#1812=DIRECTION('ref_axis',(1.,0.,0.));
#1813=DIRECTION('',(0.,0.,-1.));
#1814=DIRECTION('center_axis',(0.,0.,1.));
#1815=DIRECTION('ref_axis',(1.,0.,0.));
#1816=DIRECTION('',(0.,0.,-1.));
#1817=DIRECTION('center_axis',(0.,0.,1.));
#1818=DIRECTION('ref_axis',(1.,0.,0.));
#1819=DIRECTION('center_axis',(0.,0.,1.));
#1820=DIRECTION('ref_axis',(1.,0.,0.));
#1821=DIRECTION('',(0.,0.,1.));
#1822=DIRECTION('',(0.,0.,1.));
#1823=DIRECTION('center_axis',(0.,-1.,0.));
#1824=DIRECTION('ref_axis',(1.,0.,0.));
#1825=DIRECTION('',(1.,0.,0.));
#1826=DIRECTION('',(0.,0.,1.));
#1827=DIRECTION('center_axis',(0.,0.,1.));
#1828=DIRECTION('ref_axis',(-0.708694297828441,-0.705515692401986,0.));
#1829=DIRECTION('center_axis',(0.,0.,1.));
#1830=DIRECTION('ref_axis',(1.,0.,0.));
#1831=DIRECTION('',(0.,0.,1.));
#1832=DIRECTION('center_axis',(-1.,0.,0.));
#1833=DIRECTION('ref_axis',(0.,-1.,0.));
#1834=DIRECTION('',(0.,-1.,0.));
#1835=DIRECTION('',(0.,0.,1.));
#1836=DIRECTION('center_axis',(0.,0.,1.));
#1837=DIRECTION('ref_axis',(-0.706257577033995,0.707954966704854,0.));
#1838=DIRECTION('center_axis',(0.,0.,1.));
#1839=DIRECTION('ref_axis',(1.,0.,0.));
#1840=DIRECTION('',(0.,0.,1.));
#1841=DIRECTION('center_axis',(0.,1.,0.));
#1842=DIRECTION('ref_axis',(-1.,0.,0.));
#1843=DIRECTION('',(-1.,0.,0.));
#1844=DIRECTION('',(0.,0.,1.));
#1845=DIRECTION('center_axis',(0.,0.,1.));
#1846=DIRECTION('ref_axis',(1.,0.,0.));
#1847=DIRECTION('center_axis',(0.,0.,1.));
#1848=DIRECTION('ref_axis',(1.,0.,0.));
#1849=DIRECTION('',(0.,0.,1.));
#1850=DIRECTION('center_axis',(1.,0.,0.));
#1851=DIRECTION('ref_axis',(0.,1.,0.));
#1852=DIRECTION('',(0.,1.,0.));
#1853=DIRECTION('center_axis',(0.,0.,1.));
#1854=DIRECTION('ref_axis',(1.,0.,0.));
#1855=DIRECTION('center_axis',(0.,0.,1.));
#1856=DIRECTION('ref_axis',(1.,0.,0.));
#1857=DIRECTION('center_axis',(-1.,0.,0.));
#1858=DIRECTION('ref_axis',(0.,-1.,0.));
#1859=DIRECTION('center_axis',(-1.,0.,0.));
#1860=DIRECTION('ref_axis',(0.,-1.,0.));
#1861=DIRECTION('',(-1.,0.,0.));
#1862=DIRECTION('center_axis',(-1.,0.,0.));
#1863=DIRECTION('ref_axis',(0.,-1.,0.));
#1864=DIRECTION('center_axis',(-1.,0.,0.));
#1865=DIRECTION('ref_axis',(0.,-1.,0.));
#1866=DIRECTION('center_axis',(1.,0.,0.));
#1867=DIRECTION('ref_axis',(0.,-1.,0.));
#1868=DIRECTION('center_axis',(1.,0.,0.));
#1869=DIRECTION('ref_axis',(0.,-1.,0.));
#1870=DIRECTION('center_axis',(1.,0.,0.));
#1871=DIRECTION('ref_axis',(0.,-1.,0.));
#1872=DIRECTION('',(1.,0.,0.));
#1873=DIRECTION('center_axis',(1.,0.,0.));
#1874=DIRECTION('ref_axis',(0.,-1.,0.));
#1875=DIRECTION('center_axis',(-1.,0.,0.));
#1876=DIRECTION('ref_axis',(0.,-1.,0.));
#1877=DIRECTION('',(1.,0.,0.));
#1878=DIRECTION('center_axis',(-1.,0.,0.));
#1879=DIRECTION('ref_axis',(0.,-1.,0.));
#1880=DIRECTION('center_axis',(1.,0.,0.));
#1881=DIRECTION('ref_axis',(0.,-1.,0.));
#1882=DIRECTION('center_axis',(1.,0.,0.));
#1883=DIRECTION('ref_axis',(0.,-1.,0.));
#1884=DIRECTION('',(1.,0.,0.));
#1885=DIRECTION('center_axis',(1.,0.,0.));
#1886=DIRECTION('ref_axis',(0.,-1.,0.));
#1887=DIRECTION('center_axis',(-1.,0.,0.));
#1888=DIRECTION('ref_axis',(0.,-1.,0.));
#1889=DIRECTION('center_axis',(-1.,0.,0.));
#1890=DIRECTION('ref_axis',(0.,-1.,0.));
#1891=DIRECTION('',(0.,-1.,0.));
#1892=DIRECTION('',(0.,0.,1.));
#1893=DIRECTION('',(0.,-1.,0.));
#1894=DIRECTION('',(0.,0.,1.));
#1895=DIRECTION('center_axis',(0.,0.,1.));
#1896=DIRECTION('ref_axis',(1.,0.,0.));
#1897=DIRECTION('center_axis',(0.,0.,1.));
#1898=DIRECTION('ref_axis',(1.,0.,0.));
#1899=DIRECTION('',(0.,0.,1.));
#1900=DIRECTION('center_axis',(0.,0.,-1.));
#1901=DIRECTION('ref_axis',(1.,0.,0.));
#1902=DIRECTION('center_axis',(0.,0.,1.));
#1903=DIRECTION('ref_axis',(1.,0.,0.));
#1904=DIRECTION('center_axis',(0.,0.,1.));
#1905=DIRECTION('ref_axis',(1.,0.,0.));
#1906=DIRECTION('center_axis',(0.,0.,1.));
#1907=DIRECTION('ref_axis',(1.,0.,0.));
#1908=DIRECTION('',(0.,0.,1.));
#1909=DIRECTION('center_axis',(0.,0.,-1.));
#1910=DIRECTION('ref_axis',(1.,0.,0.));
#1911=DIRECTION('center_axis',(0.,0.,1.));
#1912=DIRECTION('ref_axis',(1.,0.,0.));
#1913=DIRECTION('center_axis',(0.,0.,1.));
#1914=DIRECTION('ref_axis',(1.,0.,0.));
#1915=DIRECTION('center_axis',(0.,0.,1.));
#1916=DIRECTION('ref_axis',(1.,0.,0.));
#1917=DIRECTION('',(0.,0.,1.));
#1918=DIRECTION('center_axis',(0.,0.,-1.));
#1919=DIRECTION('ref_axis',(1.,0.,0.));
#1920=DIRECTION('center_axis',(0.,0.,1.));
#1921=DIRECTION('ref_axis',(1.,0.,0.));
#1922=DIRECTION('center_axis',(0.,0.,1.));
#1923=DIRECTION('ref_axis',(1.,0.,0.));
#1924=DIRECTION('center_axis',(0.,0.,1.));
#1925=DIRECTION('ref_axis',(1.,0.,0.));
#1926=DIRECTION('',(0.,0.,1.));
#1927=DIRECTION('center_axis',(0.,0.,-1.));
#1928=DIRECTION('ref_axis',(1.,0.,0.));
#1929=DIRECTION('center_axis',(0.,0.,1.));
#1930=DIRECTION('ref_axis',(1.,0.,0.));
#1931=DIRECTION('center_axis',(0.,0.,1.));
#1932=DIRECTION('ref_axis',(1.,0.,0.));
#1933=DIRECTION('',(0.,1.,0.));
#1934=DIRECTION('center_axis',(0.,0.,1.));
#1935=DIRECTION('ref_axis',(1.,0.,0.));
#1936=DIRECTION('',(-1.,0.,0.));
#1937=DIRECTION('center_axis',(0.,0.,1.));
#1938=DIRECTION('ref_axis',(1.,0.,0.));
#1939=DIRECTION('center_axis',(0.,0.,1.));
#1940=DIRECTION('ref_axis',(1.,0.,0.));
#1941=DIRECTION('',(1.,0.,0.));
#1942=DIRECTION('center_axis',(0.,0.,1.));
#1943=DIRECTION('ref_axis',(1.,0.,0.));
#1944=DIRECTION('',(0.,-1.,0.));
#1945=DIRECTION('',(-1.,0.,0.));
#1946=DIRECTION('',(-9.06304509898087E-16,1.,0.));
#1947=DIRECTION('',(1.,0.,0.));
#1948=DIRECTION('',(-1.,0.,0.));
#1949=DIRECTION('center_axis',(0.,0.,-1.));
#1950=DIRECTION('ref_axis',(1.,0.,0.));
#1951=DIRECTION('center_axis',(0.,-1.,0.));
#1952=DIRECTION('ref_axis',(1.,0.,0.));
#1953=DIRECTION('',(0.,0.,1.));
#1954=DIRECTION('',(1.,0.,0.));
#1955=DIRECTION('',(0.,0.,1.));
#1956=DIRECTION('center_axis',(1.,0.,0.));
#1957=DIRECTION('ref_axis',(0.,1.,0.));
#1958=DIRECTION('',(0.,0.,1.));
#1959=DIRECTION('',(0.,1.,0.));
#1960=DIRECTION('center_axis',(0.,-1.,0.));
#1961=DIRECTION('ref_axis',(1.,0.,0.));
#1962=DIRECTION('',(1.,0.,0.));
#1963=DIRECTION('',(0.,0.,1.));
#1964=DIRECTION('',(1.,0.,0.));
#1965=DIRECTION('',(0.,0.,1.));
#1966=DIRECTION('center_axis',(1.,0.,0.));
#1967=DIRECTION('ref_axis',(0.,1.,0.));
#1968=DIRECTION('',(0.,1.,0.));
#1969=DIRECTION('',(0.,1.,0.));
#1970=DIRECTION('',(0.,0.,1.));
#1971=DIRECTION('center_axis',(-3.1720657846433E-16,1.,0.));
#1972=DIRECTION('ref_axis',(-1.,-3.1720657846433E-16,0.));
#1973=DIRECTION('',(-1.,-3.1720657846433E-16,0.));
#1974=DIRECTION('',(-1.,-3.1720657846433E-16,0.));
#1975=DIRECTION('',(0.,0.,1.));
#1976=DIRECTION('center_axis',(-1.,0.,0.));
#1977=DIRECTION('ref_axis',(0.,-1.,0.));
#1978=DIRECTION('',(0.,-1.,0.));
#1979=DIRECTION('',(0.,-1.,0.));
#1980=DIRECTION('center_axis',(-1.,-9.06304509898087E-16,0.));
#1981=DIRECTION('ref_axis',(9.06304509898087E-16,-1.,0.));
#1982=DIRECTION('',(9.06304509898087E-16,-1.,0.));
#1983=DIRECTION('',(0.,0.,1.));
#1984=DIRECTION('center_axis',(0.,1.,0.));
#1985=DIRECTION('ref_axis',(-1.,0.,0.));
#1986=DIRECTION('',(-1.,0.,0.));
#1987=DIRECTION('center_axis',(0.,0.,1.));
#1988=DIRECTION('ref_axis',(1.,0.,0.));
#1989=DIRECTION('center_axis',(0.,0.,1.));
#1990=DIRECTION('ref_axis',(1.,0.,0.));
#1991=DIRECTION('',(0.,1.,0.));
#1992=DIRECTION('',(1.,0.,0.));
#1993=DIRECTION('',(0.,-1.,0.));
#1994=DIRECTION('',(-1.,0.,0.));
#1995=DIRECTION('center_axis',(0.,1.,0.));
#1996=DIRECTION('ref_axis',(-1.,0.,0.));
#1997=DIRECTION('',(0.,0.,1.));
#1998=DIRECTION('',(1.,0.,0.));
#1999=DIRECTION('',(0.,0.,1.));
#2000=DIRECTION('center_axis',(-1.,0.,0.));
#2001=DIRECTION('ref_axis',(0.,-1.,0.));
#2002=DIRECTION('',(0.,0.,1.));
#2003=DIRECTION('',(0.,1.,0.));
#2004=DIRECTION('center_axis',(0.,0.,1.));
#2005=DIRECTION('ref_axis',(1.,0.,0.));
#2006=DIRECTION('center_axis',(0.,0.,1.));
#2007=DIRECTION('ref_axis',(1.,0.,0.));
#2008=DIRECTION('',(0.,0.,1.));
#2009=DIRECTION('center_axis',(0.,0.,-1.));
#2010=DIRECTION('ref_axis',(1.,0.,0.));
#2011=DIRECTION('center_axis',(0.,0.,1.));
#2012=DIRECTION('ref_axis',(1.,0.,0.));
#2013=DIRECTION('center_axis',(0.,0.,1.));
#2014=DIRECTION('ref_axis',(1.,0.,0.));
#2015=DIRECTION('center_axis',(0.,0.,1.));
#2016=DIRECTION('ref_axis',(1.,0.,0.));
#2017=DIRECTION('',(0.,0.,1.));
#2018=DIRECTION('center_axis',(0.,0.,-1.));
#2019=DIRECTION('ref_axis',(1.,0.,0.));
#2020=DIRECTION('center_axis',(0.,0.,1.));
#2021=DIRECTION('ref_axis',(1.,0.,0.));
#2022=DIRECTION('center_axis',(0.,0.,1.));
#2023=DIRECTION('ref_axis',(1.,0.,0.));
#2024=DIRECTION('center_axis',(0.,0.,1.));
#2025=DIRECTION('ref_axis',(1.,0.,0.));
#2026=DIRECTION('',(0.,0.,1.));
#2027=DIRECTION('center_axis',(0.,0.,-1.));
#2028=DIRECTION('ref_axis',(1.,0.,0.));
#2029=DIRECTION('center_axis',(0.,0.,1.));
#2030=DIRECTION('ref_axis',(1.,0.,0.));
#2031=DIRECTION('center_axis',(0.,0.,1.));
#2032=DIRECTION('ref_axis',(1.,0.,0.));
#2033=DIRECTION('center_axis',(0.,0.,1.));
#2034=DIRECTION('ref_axis',(1.,0.,0.));
#2035=DIRECTION('',(0.,0.,1.));
#2036=DIRECTION('',(0.,0.,1.));
#2037=DIRECTION('center_axis',(1.,0.,0.));
#2038=DIRECTION('ref_axis',(0.,1.,0.));
#2039=DIRECTION('',(0.,-1.,0.));
#2040=DIRECTION('',(0.,0.,1.));
#2041=DIRECTION('center_axis',(0.,-1.,0.));
#2042=DIRECTION('ref_axis',(1.,0.,0.));
#2043=DIRECTION('',(-1.,0.,0.));
#2044=DIRECTION('center_axis',(0.,1.,0.));
#2045=DIRECTION('ref_axis',(-1.,0.,0.));
#2046=DIRECTION('',(1.,0.,0.));
#2047=DIRECTION('center_axis',(0.,0.,1.));
#2048=DIRECTION('ref_axis',(1.,0.,0.));
#2049=DIRECTION('center_axis',(0.,0.,1.));
#2050=DIRECTION('ref_axis',(1.,0.,0.));
#2051=DIRECTION('',(0.,1.,0.));
#2052=DIRECTION('center_axis',(0.,0.,1.));
#2053=DIRECTION('ref_axis',(1.,0.,0.));
#2054=DIRECTION('',(1.,0.,0.));
#2055=DIRECTION('center_axis',(0.,0.,1.));
#2056=DIRECTION('ref_axis',(1.,0.,0.));
#2057=DIRECTION('center_axis',(0.,0.,1.));
#2058=DIRECTION('ref_axis',(1.,0.,0.));
#2059=DIRECTION('',(-1.,0.,0.));
#2060=DIRECTION('center_axis',(0.,0.,1.));
#2061=DIRECTION('ref_axis',(1.,0.,0.));
#2062=DIRECTION('center_axis',(0.,0.,1.));
#2063=DIRECTION('ref_axis',(1.,0.,0.));
#2064=DIRECTION('',(0.,0.,1.));
#2065=DIRECTION('',(0.,0.,1.));
#2066=DIRECTION('center_axis',(0.,-1.,0.));
#2067=DIRECTION('ref_axis',(1.,0.,0.));
#2068=DIRECTION('',(0.,0.,1.));
#2069=DIRECTION('center_axis',(0.,0.,1.));
#2070=DIRECTION('ref_axis',(-0.708694297828441,-0.705515692401986,0.));
#2071=DIRECTION('center_axis',(0.,0.,1.));
#2072=DIRECTION('ref_axis',(-0.706257577033995,0.707954966704854,0.));
#2073=DIRECTION('',(0.,0.,1.));
#2074=DIRECTION('center_axis',(0.,1.,0.));
#2075=DIRECTION('ref_axis',(-1.,0.,0.));
#2076=DIRECTION('',(0.,0.,1.));
#2077=DIRECTION('center_axis',(0.,0.,1.));
#2078=DIRECTION('ref_axis',(1.,0.,0.));
#2079=DIRECTION('',(0.,0.,1.));
#2080=DIRECTION('center_axis',(1.,0.,0.));
#2081=DIRECTION('ref_axis',(0.,1.,0.));
#2082=DIRECTION('center_axis',(0.,0.,1.));
#2083=DIRECTION('ref_axis',(1.,0.,0.));
#2084=DIRECTION('center_axis',(0.,0.,1.));
#2085=DIRECTION('ref_axis',(1.,0.,0.));
#2086=DIRECTION('center_axis',(0.,0.,-1.));
#2087=DIRECTION('ref_axis',(1.,0.,0.));
#2088=DIRECTION('',(0.,0.,-1.));
#2089=DIRECTION('center_axis',(0.,0.,-1.));
#2090=DIRECTION('ref_axis',(1.,0.,0.));
#2091=DIRECTION('center_axis',(0.,0.,1.));
#2092=DIRECTION('ref_axis',(1.,0.,0.));
#2093=DIRECTION('center_axis',(0.,0.,-1.));
#2094=DIRECTION('ref_axis',(1.,0.,0.));
#2095=DIRECTION('',(0.,0.,-1.));
#2096=DIRECTION('center_axis',(0.,0.,-1.));
#2097=DIRECTION('ref_axis',(1.,0.,0.));
#2098=DIRECTION('center_axis',(0.,0.,1.));
#2099=DIRECTION('ref_axis',(1.,0.,0.));
#2100=DIRECTION('center_axis',(0.,0.,-1.));
#2101=DIRECTION('ref_axis',(1.,0.,0.));
#2102=DIRECTION('',(0.,0.,-1.));
#2103=DIRECTION('center_axis',(0.,0.,-1.));
#2104=DIRECTION('ref_axis',(1.,0.,0.));
#2105=DIRECTION('center_axis',(0.,0.,1.));
#2106=DIRECTION('ref_axis',(1.,0.,0.));
#2107=DIRECTION('center_axis',(0.,0.,-1.));
#2108=DIRECTION('ref_axis',(1.,0.,0.));
#2109=DIRECTION('',(0.,0.,-1.));
#2110=DIRECTION('center_axis',(0.,0.,-1.));
#2111=DIRECTION('ref_axis',(1.,0.,0.));
#2112=DIRECTION('center_axis',(-1.,0.,0.));
#2113=DIRECTION('ref_axis',(0.,-1.,0.));
#2114=DIRECTION('',(0.,1.,0.));
#2115=DIRECTION('',(0.,0.,1.));
#2116=DIRECTION('',(0.,-1.,0.));
#2117=DIRECTION('',(0.,0.,1.));
#2118=DIRECTION('center_axis',(0.,1.,0.));
#2119=DIRECTION('ref_axis',(-1.,0.,0.));
#2120=DIRECTION('',(1.,0.,0.));
#2121=DIRECTION('',(-1.,0.,0.));
#2122=DIRECTION('',(0.,0.,1.));
#2123=DIRECTION('center_axis',(1.,0.,0.));
#2124=DIRECTION('ref_axis',(0.,1.,0.));
#2125=DIRECTION('',(0.,-1.,0.));
#2126=DIRECTION('',(0.,1.,0.));
#2127=DIRECTION('',(0.,0.,1.));
#2128=DIRECTION('center_axis',(0.,-1.,0.));
#2129=DIRECTION('ref_axis',(1.,0.,0.));
#2130=DIRECTION('',(-1.,0.,0.));
#2131=DIRECTION('',(1.,0.,0.));
#2132=DIRECTION('center_axis',(0.,0.,1.));
#2133=DIRECTION('ref_axis',(1.,0.,0.));
#2134=DIRECTION('center_axis',(0.,0.,1.));
#2135=DIRECTION('ref_axis',(1.,0.,0.));
#2136=CARTESIAN_POINT('',(0.,0.,0.));
#2137=CARTESIAN_POINT('Origin',(43.9994053585453,-95.983803235063,0.));
#2138=CARTESIAN_POINT('',(39.9994053585453,-95.983803235063,0.));
#2139=CARTESIAN_POINT('Origin',(43.9994053585453,-95.983803235063,0.));
#2140=CARTESIAN_POINT('',(39.9994053585453,-95.983803235063,5.));
#2141=CARTESIAN_POINT('',(39.9994053585453,-95.983803235063,0.));
#2142=CARTESIAN_POINT('Origin',(43.9994053585453,-95.983803235063,5.));
#2143=CARTESIAN_POINT('Origin',(43.9994053585453,-95.983803235063,5.));
#2144=CARTESIAN_POINT('',(41.8494053585453,-95.983803235063,5.));
#2145=CARTESIAN_POINT('Origin',(43.9994053585453,-95.983803235063,5.));
#2146=CARTESIAN_POINT('Origin',(-59.0005946414547,-95.983803235063,0.));
#2147=CARTESIAN_POINT('',(-63.0005946414548,-95.983803235063,0.));
#2148=CARTESIAN_POINT('Origin',(-59.0005946414547,-95.983803235063,0.));
#2149=CARTESIAN_POINT('',(-63.0005946414548,-95.983803235063,5.));
#2150=CARTESIAN_POINT('',(-63.0005946414548,-95.983803235063,0.));
#2151=CARTESIAN_POINT('Origin',(-59.0005946414547,-95.983803235063,5.));
#2152=CARTESIAN_POINT('Origin',(-59.0005946414547,-95.983803235063,5.));
#2153=CARTESIAN_POINT('',(-61.1505946414547,-95.983803235063,5.));
#2154=CARTESIAN_POINT('Origin',(-59.0005946414547,-95.983803235063,5.));
#2155=CARTESIAN_POINT('Origin',(44.3901918028068,-180.002938259335,0.));
#2156=CARTESIAN_POINT('',(44.3901918028068,-180.002938259335,0.));
#2157=CARTESIAN_POINT('',(43.6086189142837,-180.002938259335,0.));
#2158=CARTESIAN_POINT('',(18.444798580676,-180.002938259335,0.));
#2159=CARTESIAN_POINT('',(44.3901918028068,-180.002938259335,5.));
#2160=CARTESIAN_POINT('',(44.3901918028068,-180.002938259335,0.));
#2161=CARTESIAN_POINT('',(43.6086189142837,-180.002938259335,5.));
#2162=CARTESIAN_POINT('',(40.0052127614571,-180.002938259335,5.));
#2163=CARTESIAN_POINT('',(43.6086189142837,-180.002938259335,0.));
#2164=CARTESIAN_POINT('Origin',(43.9994053585453,-183.983803235063,0.));
#2165=CARTESIAN_POINT('Origin',(43.9994053585453,-183.983803235063,0.));
#2166=CARTESIAN_POINT('Origin',(43.9994053585453,-183.983803235063,5.));
#2167=CARTESIAN_POINT('Origin',(43.9994053585453,-183.993370747199,5.));
#2168=CARTESIAN_POINT('',(41.8494053585453,-183.983803235063,5.));
#2169=CARTESIAN_POINT('Origin',(43.9994053585453,-183.983803235063,5.));
#2170=CARTESIAN_POINT('Origin',(-59.0005946414547,-183.983803235063,0.));
#2171=CARTESIAN_POINT('',(-63.0005946414548,-183.983803235063,0.));
#2172=CARTESIAN_POINT('Origin',(-59.0005946414547,-183.983803235063,0.));
#2173=CARTESIAN_POINT('',(-63.0005946414548,-183.983803235063,5.));
#2174=CARTESIAN_POINT('',(-63.0005946414548,-183.983803235063,0.));
#2175=CARTESIAN_POINT('Origin',(-59.0005946414547,-183.983803235063,5.));
#2176=CARTESIAN_POINT('Origin',(-59.0005946414547,-183.983803235063,5.));
#2177=CARTESIAN_POINT('',(-61.1505946414547,-183.983803235063,5.));
#2178=CARTESIAN_POINT('Origin',(-59.0005946414547,-183.983803235063,5.));
#2179=CARTESIAN_POINT('Origin',(-52.9947872385429,-102.002938259335,6.));
#2180=CARTESIAN_POINT('',(-52.9947872385429,-102.002938259335,6.));
#2181=CARTESIAN_POINT('',(38.0052127614571,-102.002938259335,6.));
#2182=CARTESIAN_POINT('',(38.0052127614571,-102.002938259335,6.));
#2183=CARTESIAN_POINT('',(-52.9947872385429,-102.002938259335,10.));
#2184=CARTESIAN_POINT('',(-52.9947872385429,-102.002938259335,6.));
#2185=CARTESIAN_POINT('',(38.0052127614571,-102.002938259335,10.));
#2186=CARTESIAN_POINT('',(-30.2476909399988,-102.002938259335,10.));
#2187=CARTESIAN_POINT('',(38.0052127614571,-102.002938259335,6.));
#2188=CARTESIAN_POINT('Origin',(-52.9947872385429,-178.002938259335,6.));
#2189=CARTESIAN_POINT('',(-52.9947872385429,-178.002938259335,6.));
#2190=CARTESIAN_POINT('',(-52.9947872385429,-102.002938259335,6.));
#2191=CARTESIAN_POINT('',(-52.9947872385429,-178.002938259335,10.));
#2192=CARTESIAN_POINT('',(-52.9947872385429,-178.002938259335,6.));
#2193=CARTESIAN_POINT('',(-52.9947872385429,-158.993370747199,10.));
#2194=CARTESIAN_POINT('Origin',(38.0052127614571,-178.002938259335,6.));
#2195=CARTESIAN_POINT('',(38.0052127614571,-178.002938259335,6.));
#2196=CARTESIAN_POINT('',(-52.9947872385429,-178.002938259335,6.));
#2197=CARTESIAN_POINT('',(38.0052127614571,-178.002938259335,10.));
#2198=CARTESIAN_POINT('',(38.0052127614571,-178.002938259335,6.));
#2199=CARTESIAN_POINT('',(15.2523090600012,-178.002938259335,10.));
#2200=CARTESIAN_POINT('Origin',(38.0052127614571,-102.002938259335,6.));
#2201=CARTESIAN_POINT('',(38.0052127614571,-120.002938259335,6.));
#2202=CARTESIAN_POINT('',(38.0052127614571,-120.993370747199,10.));
#2203=CARTESIAN_POINT('Origin',(-54.9947872385429,-180.002938259335,6.));
#2204=CARTESIAN_POINT('',(-54.9947872385429,-180.002938259335,6.));
#2205=CARTESIAN_POINT('',(40.0052127614571,-180.002938259335,6.));
#2206=CARTESIAN_POINT('',(-54.9947872385429,-180.002938259335,6.));
#2207=CARTESIAN_POINT('',(-54.9947872385429,-180.002938259335,10.));
#2208=CARTESIAN_POINT('',(-54.9947872385429,-180.002938259335,6.));
#2209=CARTESIAN_POINT('',(40.0052127614571,-180.002938259335,10.));
#2210=CARTESIAN_POINT('',(-31.2476909399988,-180.002938259335,10.));
#2211=CARTESIAN_POINT('',(40.0052127614571,-180.002938259335,6.));
#2212=CARTESIAN_POINT('Origin',(-54.9947872385429,-100.002938259335,6.));
#2213=CARTESIAN_POINT('',(-54.9947872385429,-100.002938259335,6.));
#2214=CARTESIAN_POINT('',(-54.9947872385429,-100.002938259335,6.));
#2215=CARTESIAN_POINT('',(-54.9947872385429,-100.002938259335,10.));
#2216=CARTESIAN_POINT('',(-54.9947872385429,-100.002938259335,6.));
#2217=CARTESIAN_POINT('',(-54.9947872385429,-119.993370747199,10.));
#2218=CARTESIAN_POINT('Origin',(40.0052127614571,-100.002938259335,6.));
#2219=CARTESIAN_POINT('',(40.0052127614571,-100.002938259335,6.));
#2220=CARTESIAN_POINT('',(40.0052127614571,-100.002938259335,6.));
#2221=CARTESIAN_POINT('',(40.0052127614571,-100.002938259335,10.));
#2222=CARTESIAN_POINT('',(40.0052127614571,-100.002938259335,6.));
#2223=CARTESIAN_POINT('',(16.2523090600012,-100.002938259335,10.));
#2224=CARTESIAN_POINT('Origin',(40.0052127614571,-180.002938259335,6.));
#2225=CARTESIAN_POINT('',(40.0052127614571,-120.002938259335,6.));
#2226=CARTESIAN_POINT('',(40.0052127614571,-159.993370747199,10.));
#2227=CARTESIAN_POINT('Origin',(-7.49478723854288,-140.002938259335,6.));
#2228=CARTESIAN_POINT('Origin',(-7.50059464145474,-139.983803235063,10.));
#2229=CARTESIAN_POINT('',(45.0052127614571,-178.435000487996,10.));
#2230=CARTESIAN_POINT('',(45.0052127614571,-101.53260598213,10.));
#2231=CARTESIAN_POINT('',(45.0052127614571,-120.002938259335,10.));
#2232=CARTESIAN_POINT('',(38.4461392603825,-95.0029382593346,10.));
#2233=CARTESIAN_POINT('Origin',(43.9994053585453,-95.983803235063,10.));
#2234=CARTESIAN_POINT('',(-53.4473285432919,-95.0029382593346,10.));
#2235=CARTESIAN_POINT('',(45.0052127614571,-95.0029382593346,10.));
#2236=CARTESIAN_POINT('',(-59.9947872385429,-101.534698796818,10.));
#2237=CARTESIAN_POINT('Origin',(-59.0005946414547,-95.983803235063,10.));
#2238=CARTESIAN_POINT('',(-59.9947872385429,-178.432907673308,10.));
#2239=CARTESIAN_POINT('',(-59.9947872385429,-95.0029382593346,10.));
#2240=CARTESIAN_POINT('',(-53.4542242733745,-185.002938259335,10.));
#2241=CARTESIAN_POINT('Origin',(-59.0005946414547,-183.983803235063,10.));
#2242=CARTESIAN_POINT('',(38.453034990465,-185.002938259335,10.));
#2243=CARTESIAN_POINT('',(-59.9947872385429,-185.002938259335,10.));
#2244=CARTESIAN_POINT('Origin',(43.9994053585453,-183.983803235063,10.));
#2245=CARTESIAN_POINT('',(41.8494053585453,-95.983803235063,10.));
#2246=CARTESIAN_POINT('Origin',(43.9994053585453,-95.983803235063,10.));
#2247=CARTESIAN_POINT('',(41.8494053585453,-183.983803235063,10.));
#2248=CARTESIAN_POINT('Origin',(43.9994053585453,-183.983803235063,10.));
#2249=CARTESIAN_POINT('',(-61.1505946414547,-183.983803235063,10.));
#2250=CARTESIAN_POINT('Origin',(-59.0005946414547,-183.983803235063,10.));
#2251=CARTESIAN_POINT('',(-61.1505946414547,-95.983803235063,10.));
#2252=CARTESIAN_POINT('Origin',(-59.0005946414547,-95.983803235063,10.));
#2253=CARTESIAN_POINT('Origin',(43.9994053585453,-95.983803235063,0.));
#2254=CARTESIAN_POINT('',(41.8494053585453,-95.983803235063,0.));
#2255=CARTESIAN_POINT('Origin',(43.9994053585453,-183.983803235063,0.));
#2256=CARTESIAN_POINT('',(41.8494053585453,-183.983803235063,0.));
#2257=CARTESIAN_POINT('Origin',(-59.0005946414547,-183.983803235063,0.));
#2258=CARTESIAN_POINT('',(-61.1505946414547,-183.983803235063,0.));
#2259=CARTESIAN_POINT('Origin',(-59.0005946414547,-95.983803235063,0.));
#2260=CARTESIAN_POINT('',(-61.1505946414547,-95.983803235063,0.));
#2261=CARTESIAN_POINT('Origin',(43.9994053585453,-183.983803235063,0.));
#2262=CARTESIAN_POINT('',(38.4530349904651,-185.002938259335,0.));
#2263=CARTESIAN_POINT('',(45.0052127614571,-178.435000487996,0.));
#2264=CARTESIAN_POINT('Origin',(43.9994053585453,-183.983803235063,0.));
#2265=CARTESIAN_POINT('',(45.0052127614571,-178.435000487996,0.));
#2266=CARTESIAN_POINT('',(38.4530349904651,-185.002938259335,0.));
#2267=CARTESIAN_POINT('Origin',(-53.4542242733745,-185.002938259335,0.));
#2268=CARTESIAN_POINT('',(-53.4542242733745,-185.002938259335,0.));
#2269=CARTESIAN_POINT('',(-59.9947872385429,-185.002938259335,0.));
#2270=CARTESIAN_POINT('',(-53.4542242733745,-185.002938259335,0.));
#2271=CARTESIAN_POINT('Origin',(-59.0005946414547,-183.983803235063,0.));
#2272=CARTESIAN_POINT('',(-59.9947872385429,-178.432907673308,0.));
#2273=CARTESIAN_POINT('Origin',(-59.0005946414547,-183.983803235063,0.));
#2274=CARTESIAN_POINT('',(-59.9947872385429,-178.432907673308,0.));
#2275=CARTESIAN_POINT('Origin',(-59.9947872385429,-101.534698796818,0.));
#2276=CARTESIAN_POINT('',(-59.9947872385429,-101.534698796818,0.));
#2277=CARTESIAN_POINT('',(-59.9947872385429,-95.0029382593346,0.));
#2278=CARTESIAN_POINT('',(-59.9947872385429,-101.534698796818,0.));
#2279=CARTESIAN_POINT('Origin',(-59.0005946414547,-95.983803235063,0.));
#2280=CARTESIAN_POINT('',(-53.4473285432919,-95.0029382593346,0.));
#2281=CARTESIAN_POINT('Origin',(-59.0005946414547,-95.983803235063,0.));
#2282=CARTESIAN_POINT('',(-53.4473285432919,-95.0029382593346,0.));
#2283=CARTESIAN_POINT('Origin',(38.4461392603825,-95.0029382593346,0.));
#2284=CARTESIAN_POINT('',(38.4461392603825,-95.0029382593346,0.));
#2285=CARTESIAN_POINT('',(45.0052127614571,-95.0029382593346,0.));
#2286=CARTESIAN_POINT('',(38.4461392603825,-95.0029382593346,0.));
#2287=CARTESIAN_POINT('Origin',(43.9994053585453,-95.983803235063,0.));
#2288=CARTESIAN_POINT('',(45.0052127614571,-101.53260598213,0.));
#2289=CARTESIAN_POINT('Origin',(43.9994053585453,-95.983803235063,0.));
#2290=CARTESIAN_POINT('',(45.0052127614571,-101.53260598213,0.));
#2291=CARTESIAN_POINT('Origin',(45.0052127614571,-178.435000487996,0.));
#2292=CARTESIAN_POINT('',(45.0052127614571,-120.002938259335,0.));
#2293=CARTESIAN_POINT('Origin',(-7.50059464145474,-139.983803235063,10.));
#2294=CARTESIAN_POINT('Origin',(-7.50059464145474,-139.983803235063,0.));
#2295=CARTESIAN_POINT('Origin',(45.0052127614571,32.0000004768372,30.0000004470348));
#2296=CARTESIAN_POINT('',(45.0052127614571,40.0000004768372,30.0000004470348));
#2297=CARTESIAN_POINT('Origin',(45.0052127614571,32.0000004768372,30.0000004470348));
#2298=CARTESIAN_POINT('',(43.5052127614571,40.0000004768372,30.0000004470348));
#2299=CARTESIAN_POINT('',(45.0052127614571,40.0000004768372,30.0000004470348));
#2300=CARTESIAN_POINT('Origin',(43.5052127614571,32.0000004768372,30.0000004470348));
#2301=CARTESIAN_POINT('Origin',(43.5052127614571,32.0000004768372,30.0000004470348));
#2302=CARTESIAN_POINT('',(43.5052127614571,35.2500004768372,30.0000004470348));
#2303=CARTESIAN_POINT('Origin',(43.5052127614571,32.0000004768372,30.0000004470348));
#2304=CARTESIAN_POINT('Origin',(-59.9947872385429,32.0000004768372,30.0000004470348));
#2305=CARTESIAN_POINT('',(40.0052127614571,35.2500004768372,30.0000004470348));
#2306=CARTESIAN_POINT('Origin',(40.0052127614571,32.0000004768372,30.0000004470348));
#2307=CARTESIAN_POINT('',(-59.9947872385429,35.2500004768372,30.0000004470348));
#2308=CARTESIAN_POINT('Origin',(-59.9947872385429,32.0000004768372,30.0000004470348));
#2309=CARTESIAN_POINT('',(-58.9947872385429,36.7000004768372,30.0000004470348));
#2310=CARTESIAN_POINT('Origin',(-58.9947872385429,32.0000004768372,30.0000004470348));
#2311=CARTESIAN_POINT('',(-54.9947872385429,36.7000004768372,30.0000004470348));
#2312=CARTESIAN_POINT('',(-59.9947872385429,36.7000004768372,30.0000004470348));
#2313=CARTESIAN_POINT('Origin',(-54.9947872385429,32.0000004768372,30.0000004470348));
#2314=CARTESIAN_POINT('Origin',(-59.9947872385429,32.0000004768372,30.0000004470348));
#2315=CARTESIAN_POINT('',(-59.9947872385429,40.0000004768372,30.0000004470348));
#2316=CARTESIAN_POINT('Origin',(-59.9947872385429,32.0000004768372,30.0000004470348));
#2317=CARTESIAN_POINT('',(-58.9947872385429,40.0000004768372,30.0000004470348));
#2318=CARTESIAN_POINT('',(-59.9947872385429,40.0000004768372,30.0000004470348));
#2319=CARTESIAN_POINT('Origin',(-58.9947872385429,32.0000004768372,30.0000004470348));
#2320=CARTESIAN_POINT('Origin',(-58.9947872385429,32.0000004768372,30.0000004470348));
#2321=CARTESIAN_POINT('Origin',(-59.9947872385429,48.4653012031821,0.));
#2322=CARTESIAN_POINT('',(-59.9947872385429,48.4653012031821,0.));
#2323=CARTESIAN_POINT('',(-59.9947872385429,-28.4329076733081,0.));
#2324=CARTESIAN_POINT('',(-59.9947872385429,54.9970617406654,0.));
#2325=CARTESIAN_POINT('',(-59.9947872385429,-28.4329076733081,55.));
#2326=CARTESIAN_POINT('',(-59.9947872385429,-28.4329076733081,0.));
#2327=CARTESIAN_POINT('',(-59.9947872385429,48.4653012031821,55.));
#2328=CARTESIAN_POINT('',(-59.9947872385429,54.9970617406654,55.));
#2329=CARTESIAN_POINT('',(-59.9947872385429,48.4653012031821,0.));
#2330=CARTESIAN_POINT('Origin',(-59.0005946414547,-33.983803235063,40.));
#2331=CARTESIAN_POINT('',(-61.1505946414547,-33.983803235063,40.));
#2332=CARTESIAN_POINT('Origin',(-59.0005946414547,-33.983803235063,40.));
#2333=CARTESIAN_POINT('',(-61.1505946414547,-33.983803235063,55.));
#2334=CARTESIAN_POINT('',(-61.1505946414547,-33.983803235063,40.));
#2335=CARTESIAN_POINT('Origin',(-59.0005946414547,-33.983803235063,55.));
#2336=CARTESIAN_POINT('Origin',(-59.0005946414547,-33.983803235063,40.));
#2337=CARTESIAN_POINT('Origin',(-59.0005946414547,54.016196764937,40.));
#2338=CARTESIAN_POINT('',(-61.1505946414547,54.016196764937,40.));
#2339=CARTESIAN_POINT('Origin',(-59.0005946414547,54.016196764937,40.));
#2340=CARTESIAN_POINT('',(-61.1505946414547,54.016196764937,55.));
#2341=CARTESIAN_POINT('',(-61.1505946414547,54.016196764937,40.));
#2342=CARTESIAN_POINT('Origin',(-59.0005946414547,54.016196764937,55.));
#2343=CARTESIAN_POINT('Origin',(-59.0005946414547,54.016196764937,40.));
#2344=CARTESIAN_POINT('Origin',(43.9994053585453,-33.983803235063,40.));
#2345=CARTESIAN_POINT('',(41.8494053585453,-33.983803235063,40.));
#2346=CARTESIAN_POINT('Origin',(43.9994053585453,-33.983803235063,40.));
#2347=CARTESIAN_POINT('',(41.8494053585453,-33.983803235063,55.));
#2348=CARTESIAN_POINT('',(41.8494053585453,-33.983803235063,40.));
#2349=CARTESIAN_POINT('Origin',(43.9994053585453,-33.983803235063,55.));
#2350=CARTESIAN_POINT('Origin',(43.9994053585453,-33.983803235063,40.));
#2351=CARTESIAN_POINT('Origin',(43.9994053585453,54.016196764937,40.));
#2352=CARTESIAN_POINT('',(41.8494053585453,54.016196764937,40.));
#2353=CARTESIAN_POINT('Origin',(43.9994053585453,54.016196764937,40.));
#2354=CARTESIAN_POINT('',(41.8494053585453,54.016196764937,55.));
#2355=CARTESIAN_POINT('',(41.8494053585453,54.016196764937,40.));
#2356=CARTESIAN_POINT('Origin',(43.9994053585453,54.016196764937,55.));
#2357=CARTESIAN_POINT('Origin',(43.9994053585453,54.016196764937,40.));
#2358=CARTESIAN_POINT('Origin',(-7.50059464145474,10.016196764937,55.));
#2359=CARTESIAN_POINT('',(45.0052127614571,-28.4350004879956,55.));
#2360=CARTESIAN_POINT('',(45.0052127614571,48.4673940178696,55.));
#2361=CARTESIAN_POINT('',(45.0052127614571,29.9970617406654,55.));
#2362=CARTESIAN_POINT('',(38.4461392603825,54.9970617406654,55.));
#2363=CARTESIAN_POINT('Origin',(43.9994053585453,54.016196764937,55.));
#2364=CARTESIAN_POINT('',(-53.4473285432919,54.9970617406654,55.));
#2365=CARTESIAN_POINT('',(45.0052127614571,54.9970617406654,55.));
#2366=CARTESIAN_POINT('Origin',(-59.0005946414547,54.016196764937,55.));
#2367=CARTESIAN_POINT('',(-53.4542242733745,-35.0029382593346,55.));
#2368=CARTESIAN_POINT('Origin',(-59.0005946414547,-33.983803235063,55.));
#2369=CARTESIAN_POINT('',(38.4530349904651,-35.0029382593346,55.));
#2370=CARTESIAN_POINT('',(-59.9947872385429,-35.0029382593346,55.));
#2371=CARTESIAN_POINT('Origin',(43.9994053585453,-33.983803235063,55.));
#2372=CARTESIAN_POINT('',(39.6052127614571,49.5970617406654,55.));
#2373=CARTESIAN_POINT('',(39.6052127614571,-29.6029382593346,55.));
#2374=CARTESIAN_POINT('',(39.6052127614571,29.9970617406654,55.));
#2375=CARTESIAN_POINT('',(-54.5947872385429,-29.6029382593346,55.));
#2376=CARTESIAN_POINT('',(-54.5947872385429,-29.6029382593346,55.));
#2377=CARTESIAN_POINT('',(-54.5947872385429,49.5970617406654,55.));
#2378=CARTESIAN_POINT('',(-54.5947872385429,49.5970617406654,55.));
#2379=CARTESIAN_POINT('',(39.6052127614571,49.5970617406654,55.));
#2380=CARTESIAN_POINT('',(44.3901918028068,-30.0029382593346,55.));
#2381=CARTESIAN_POINT('',(43.6086189142837,-30.0029382593346,55.));
#2382=CARTESIAN_POINT('',(40.0052127614571,-30.0029382593346,55.));
#2383=CARTESIAN_POINT('Origin',(43.9994053585453,-33.983803235063,55.));
#2384=CARTESIAN_POINT('Origin',(-54.5947872385429,-29.6029382593346,50.));
#2385=CARTESIAN_POINT('',(39.6052127614571,-29.6029382593346,58.));
#2386=CARTESIAN_POINT('',(39.6052127614571,-29.6029382593346,50.));
#2387=CARTESIAN_POINT('',(-54.5947872385429,-29.6029382593346,58.));
#2388=CARTESIAN_POINT('',(-54.5947872385429,-29.6029382593346,58.));
#2389=CARTESIAN_POINT('',(-54.5947872385429,-29.6029382593346,50.));
#2390=CARTESIAN_POINT('Origin',(39.6052127614571,-29.6029382593346,50.));
#2391=CARTESIAN_POINT('',(39.6052127614571,49.5970617406654,58.));
#2392=CARTESIAN_POINT('',(39.6052127614571,49.5970617406654,50.));
#2393=CARTESIAN_POINT('',(39.6052127614571,29.9970617406654,58.));
#2394=CARTESIAN_POINT('Origin',(-53.9947872385429,48.9970617406654,50.));
#2395=CARTESIAN_POINT('',(-53.9947872385429,48.9970617406654,50.));
#2396=CARTESIAN_POINT('',(39.0052127614571,48.9970617406654,50.));
#2397=CARTESIAN_POINT('',(39.0052127614571,48.9970617406654,50.));
#2398=CARTESIAN_POINT('',(39.0052127614571,48.9970617406654,58.));
#2399=CARTESIAN_POINT('',(39.0052127614571,48.9970617406654,50.));
#2400=CARTESIAN_POINT('',(-53.9947872385429,48.9970617406654,58.));
#2401=CARTESIAN_POINT('',(39.0052127614571,48.9970617406654,58.));
#2402=CARTESIAN_POINT('',(-53.9947872385429,48.9970617406654,50.));
#2403=CARTESIAN_POINT('Origin',(-53.9947872385429,-29.0029382593346,50.));
#2404=CARTESIAN_POINT('',(-53.9947872385429,-29.0029382593346,50.));
#2405=CARTESIAN_POINT('',(-53.9947872385429,48.9970617406654,50.));
#2406=CARTESIAN_POINT('',(-53.9947872385429,-29.0029382593346,58.));
#2407=CARTESIAN_POINT('',(-53.9947872385429,48.9970617406654,58.));
#2408=CARTESIAN_POINT('',(-53.9947872385429,-29.0029382593346,50.));
#2409=CARTESIAN_POINT('Origin',(39.0052127614571,-29.0029382593346,50.));
#2410=CARTESIAN_POINT('',(39.0052127614571,-29.0029382593346,50.));
#2411=CARTESIAN_POINT('',(-53.9947872385429,-29.0029382593346,50.));
#2412=CARTESIAN_POINT('',(39.0052127614571,-29.0029382593346,58.));
#2413=CARTESIAN_POINT('',(-53.9947872385429,-29.0029382593346,58.));
#2414=CARTESIAN_POINT('',(39.0052127614571,-29.0029382593346,50.));
#2415=CARTESIAN_POINT('Origin',(39.0052127614571,48.9970617406654,50.));
#2416=CARTESIAN_POINT('',(39.0052127614571,29.9970617406654,50.));
#2417=CARTESIAN_POINT('',(39.0052127614571,29.9970617406654,58.));
#2418=CARTESIAN_POINT('Origin',(-54.5947872385429,49.5970617406654,50.));
#2419=CARTESIAN_POINT('',(-54.5947872385429,49.5970617406654,58.));
#2420=CARTESIAN_POINT('',(-54.5947872385429,49.5970617406654,58.));
#2421=CARTESIAN_POINT('',(-54.5947872385429,49.5970617406654,50.));
#2422=CARTESIAN_POINT('Origin',(39.6052127614571,49.5970617406654,50.));
#2423=CARTESIAN_POINT('',(39.6052127614571,49.5970617406654,58.));
#2424=CARTESIAN_POINT('Origin',(-7.49478723854289,9.99706174066541,58.));
#2425=CARTESIAN_POINT('Origin',(-7.49478723854288,9.99706174066541,50.));
#2426=CARTESIAN_POINT('',(40.0052127614571,-30.0029382593346,50.));
#2427=CARTESIAN_POINT('',(40.0052127614571,49.9970617406654,50.));
#2428=CARTESIAN_POINT('',(40.0052127614571,29.9970617406654,50.));
#2429=CARTESIAN_POINT('',(-54.9947872385429,-30.0029382593346,50.));
#2430=CARTESIAN_POINT('',(16.2552127614571,-30.0029382593346,50.));
#2431=CARTESIAN_POINT('',(-54.9947872385429,49.9970617406654,50.));
#2432=CARTESIAN_POINT('',(-54.9947872385429,-10.0029382593346,50.));
#2433=CARTESIAN_POINT('',(-31.2447872385429,49.9970617406654,50.));
#2434=CARTESIAN_POINT('Origin',(40.0052127614571,-30.0029382593346,0.));
#2435=CARTESIAN_POINT('',(40.0052127614571,-30.0029382593346,10.));
#2436=CARTESIAN_POINT('',(40.0052127614571,-30.0029382593346,0.));
#2437=CARTESIAN_POINT('',(-54.9947872385429,-30.0029382593346,10.));
#2438=CARTESIAN_POINT('',(16.2523090600012,-30.0029382593346,10.));
#2439=CARTESIAN_POINT('',(-54.9947872385429,-30.0029382593346,0.));
#2440=CARTESIAN_POINT('Origin',(40.0052127614571,49.9970617406654,0.));
#2441=CARTESIAN_POINT('',(40.0052127614571,49.9970617406654,10.));
#2442=CARTESIAN_POINT('',(40.0052127614571,49.9970617406654,0.));
#2443=CARTESIAN_POINT('',(40.0052127614571,30.0066292528012,10.));
#2444=CARTESIAN_POINT('Origin',(-30.8047872385429,-21.2329382593346,5.));
#2445=CARTESIAN_POINT('',(-32.9547872385429,-21.2329382593346,5.));
#2446=CARTESIAN_POINT('Origin',(-30.8047872385429,-21.2329382593346,5.));
#2447=CARTESIAN_POINT('',(-32.9547872385429,-21.2329382593346,10.));
#2448=CARTESIAN_POINT('',(-32.9547872385429,-21.2329382593346,5.));
#2449=CARTESIAN_POINT('Origin',(-30.8047872385429,-21.2329382593346,10.));
#2450=CARTESIAN_POINT('Origin',(-30.8047872385429,-21.2329382593346,5.));
#2451=CARTESIAN_POINT('Origin',(30.9182127614571,-20.9729382593346,5.));
#2452=CARTESIAN_POINT('',(28.7682127614571,-20.9729382593346,5.));
#2453=CARTESIAN_POINT('Origin',(30.9182127614571,-20.9729382593346,5.));
#2454=CARTESIAN_POINT('',(28.7682127614571,-20.9729382593346,10.));
#2455=CARTESIAN_POINT('',(28.7682127614571,-20.9729382593346,5.));
#2456=CARTESIAN_POINT('Origin',(30.9182127614571,-20.9729382593346,10.));
#2457=CARTESIAN_POINT('Origin',(30.9182127614571,-20.9729382593346,5.));
#2458=CARTESIAN_POINT('Origin',(30.8152127614571,21.0102151425607,5.));
#2459=CARTESIAN_POINT('',(28.6652127614571,21.0102151425607,5.));
#2460=CARTESIAN_POINT('Origin',(30.8152127614571,21.0102151425607,5.));
#2461=CARTESIAN_POINT('',(28.6652127614571,21.0102151425607,10.));
#2462=CARTESIAN_POINT('',(28.6652127614571,21.0102151425607,5.));
#2463=CARTESIAN_POINT('Origin',(30.8152127614571,21.0102151425607,10.));
#2464=CARTESIAN_POINT('Origin',(30.8152127614571,21.0102151425607,5.));
#2465=CARTESIAN_POINT('Origin',(43.9994053585453,-33.983803235063,0.));
#2466=CARTESIAN_POINT('',(44.3901918028068,-30.0029382593346,10.));
#2467=CARTESIAN_POINT('',(43.6086189142837,-30.0029382593346,10.));
#2468=CARTESIAN_POINT('Origin',(43.9994053585453,-33.983803235063,10.));
#2469=CARTESIAN_POINT('',(44.3901918028068,-30.0029382593346,0.));
#2470=CARTESIAN_POINT('',(43.6086189142837,-30.0029382593346,0.));
#2471=CARTESIAN_POINT('Origin',(-54.9947872385429,-30.0029382593346,0.));
#2472=CARTESIAN_POINT('',(-54.9947872385429,49.9970617406654,10.));
#2473=CARTESIAN_POINT('',(-54.9947872385429,-9.99337074719881,10.));
#2474=CARTESIAN_POINT('',(-54.9947872385429,49.9970617406654,0.));
#2475=CARTESIAN_POINT('Origin',(-54.9947872385429,49.9970617406654,0.));
#2476=CARTESIAN_POINT('',(-31.2476909399988,49.9970617406654,10.));
#2477=CARTESIAN_POINT('Origin',(44.3901918028068,-30.0029382593346,0.));
#2478=CARTESIAN_POINT('',(18.444798580676,-30.0029382593346,10.));
#2479=CARTESIAN_POINT('Origin',(-7.50059464145474,10.016196764937,10.));
#2480=CARTESIAN_POINT('Origin',(-7.50059464145474,10.016196764937,0.));
#2481=CARTESIAN_POINT('',(45.0052127614571,-28.4350004879956,0.));
#2482=CARTESIAN_POINT('',(45.0052127614571,48.4673940178696,0.));
#2483=CARTESIAN_POINT('',(45.0052127614571,29.9970617406654,0.));
#2484=CARTESIAN_POINT('',(38.4530349904651,-35.0029382593346,0.));
#2485=CARTESIAN_POINT('Origin',(43.9994053585453,-33.983803235063,0.));
#2486=CARTESIAN_POINT('',(-53.4542242733745,-35.0029382593346,0.));
#2487=CARTESIAN_POINT('',(-59.9947872385429,-35.0029382593346,0.));
#2488=CARTESIAN_POINT('Origin',(-59.0005946414547,-33.983803235063,0.));
#2489=CARTESIAN_POINT('',(-53.4473285432919,54.9970617406654,0.));
#2490=CARTESIAN_POINT('Origin',(-59.0005946414547,54.016196764937,0.));
#2491=CARTESIAN_POINT('',(38.4461392603825,54.9970617406654,0.));
#2492=CARTESIAN_POINT('',(45.0052127614571,54.9970617406654,0.));
#2493=CARTESIAN_POINT('Origin',(43.9994053585453,54.016196764937,0.));
#2494=CARTESIAN_POINT('Origin',(43.9994053585453,-33.983803235063,0.));
#2495=CARTESIAN_POINT('',(45.0052127614571,-28.4350004879956,0.));
#2496=CARTESIAN_POINT('',(38.4530349904651,-35.0029382593346,0.));
#2497=CARTESIAN_POINT('Origin',(-53.4542242733745,-35.0029382593346,0.));
#2498=CARTESIAN_POINT('',(-53.4542242733745,-35.0029382593346,0.));
#2499=CARTESIAN_POINT('Origin',(-59.0005946414547,-33.983803235063,0.));
#2500=CARTESIAN_POINT('Origin',(-59.0005946414547,54.016196764937,0.));
#2501=CARTESIAN_POINT('',(-53.4473285432919,54.9970617406654,0.));
#2502=CARTESIAN_POINT('Origin',(38.4461392603825,54.9970617406654,0.));
#2503=CARTESIAN_POINT('',(38.4461392603825,54.9970617406654,0.));
#2504=CARTESIAN_POINT('Origin',(43.9994053585453,54.016196764937,0.));
#2505=CARTESIAN_POINT('',(45.0052127614571,48.4673940178696,0.));
#2506=CARTESIAN_POINT('Origin',(45.0052127614571,-28.4350004879956,0.));
#2507=CARTESIAN_POINT('Origin',(-7.50059464145474,10.016196764937,10.));
#2508=CARTESIAN_POINT('Origin',(-22.2947872385429,0.23706174066541,20.));
#2509=CARTESIAN_POINT('',(-24.4447872385429,0.23706174066541,25.5));
#2510=CARTESIAN_POINT('Origin',(-22.2947872385429,0.23706174066541,25.5));
#2511=CARTESIAN_POINT('',(-24.4447872385429,0.237061740665409,20.));
#2512=CARTESIAN_POINT('',(-24.4447872385429,0.237061740665409,20.));
#2513=CARTESIAN_POINT('Origin',(-22.2947872385429,0.23706174066541,20.));
#2514=CARTESIAN_POINT('Origin',(-30.8047872385429,-21.2329382593346,20.));
#2515=CARTESIAN_POINT('',(-32.9547872385429,-21.2329382593346,25.5));
#2516=CARTESIAN_POINT('Origin',(-30.8047872385429,-21.2329382593346,25.5));
#2517=CARTESIAN_POINT('',(-32.9547872385429,-21.2329382593346,20.));
#2518=CARTESIAN_POINT('',(-32.9547872385429,-21.2329382593346,20.));
#2519=CARTESIAN_POINT('Origin',(-30.8047872385429,-21.2329382593346,20.));
#2520=CARTESIAN_POINT('Origin',(30.9182127614571,-20.9729382593346,20.));
#2521=CARTESIAN_POINT('',(28.7682127614571,-20.9729382593346,25.5));
#2522=CARTESIAN_POINT('Origin',(30.9182127614571,-20.9729382593346,25.5));
#2523=CARTESIAN_POINT('',(28.7682127614571,-20.9729382593346,20.));
#2524=CARTESIAN_POINT('',(28.7682127614571,-20.9729382593346,20.));
#2525=CARTESIAN_POINT('Origin',(30.9182127614571,-20.9729382593346,20.));
#2526=CARTESIAN_POINT('Origin',(30.8152127614571,21.0102151425607,20.));
#2527=CARTESIAN_POINT('',(28.6652127614571,21.0102151425607,25.5));
#2528=CARTESIAN_POINT('Origin',(30.8152127614571,21.0102151425607,25.5));
#2529=CARTESIAN_POINT('',(28.6652127614571,21.0102151425607,20.));
#2530=CARTESIAN_POINT('',(28.6652127614571,21.0102151425607,20.));
#2531=CARTESIAN_POINT('Origin',(30.8152127614571,21.0102151425607,20.));
#2532=CARTESIAN_POINT('Origin',(-34.9947872385429,24.9970617406654,20.));
#2533=CARTESIAN_POINT('',(-34.9947872385429,-25.0029382593346,20.));
#2534=CARTESIAN_POINT('',(-34.9947872385429,24.9970617406654,20.));
#2535=CARTESIAN_POINT('',(-34.9947872385429,-25.0029382593346,20.));
#2536=CARTESIAN_POINT('',(-34.9947872385429,-25.0029382593346,25.5));
#2537=CARTESIAN_POINT('',(-34.9947872385429,-25.0029382593346,20.));
#2538=CARTESIAN_POINT('',(-34.9947872385429,24.9970617406654,25.5));
#2539=CARTESIAN_POINT('',(-34.9947872385429,-25.0029382593346,25.5));
#2540=CARTESIAN_POINT('',(-34.9947872385429,24.9970617406654,20.));
#2541=CARTESIAN_POINT('Origin',(35.0052127614571,24.9970617406654,20.));
#2542=CARTESIAN_POINT('',(35.0052127614571,24.9970617406654,20.));
#2543=CARTESIAN_POINT('',(-34.9947872385429,24.9970617406654,20.));
#2544=CARTESIAN_POINT('',(35.0052127614571,24.9970617406654,25.5));
#2545=CARTESIAN_POINT('',(-34.9947872385429,24.9970617406654,25.5));
#2546=CARTESIAN_POINT('',(35.0052127614571,24.9970617406654,20.));
#2547=CARTESIAN_POINT('Origin',(35.0052127614571,-25.0029382593346,20.));
#2548=CARTESIAN_POINT('',(35.0052127614571,-25.0029382593346,20.));
#2549=CARTESIAN_POINT('',(35.0052127614571,24.9970617406654,20.));
#2550=CARTESIAN_POINT('',(35.0052127614571,-25.0029382593346,25.5));
#2551=CARTESIAN_POINT('',(35.0052127614571,24.9970617406654,25.5));
#2552=CARTESIAN_POINT('',(35.0052127614571,-25.0029382593346,20.));
#2553=CARTESIAN_POINT('Origin',(-34.9947872385429,-25.0029382593346,20.));
#2554=CARTESIAN_POINT('',(35.0052127614571,-25.0029382593346,20.));
#2555=CARTESIAN_POINT('',(35.0052127614571,-25.0029382593346,25.5));
#2556=CARTESIAN_POINT('Origin',(0.0052127614571118,-0.00293825933458614,
25.5));
#2557=CARTESIAN_POINT('Origin',(0.0052127614571118,-0.00293825933458614,
20.));
#2558=UNCERTAINTY_MEASURE_WITH_UNIT(LENGTH_MEASURE(0.01),#2562,
'DISTANCE_ACCURACY_VALUE',
'Maximum model space distance between geometric entities at asserted c
onnectivities');
#2559=UNCERTAINTY_MEASURE_WITH_UNIT(LENGTH_MEASURE(0.01),#2562,
'DISTANCE_ACCURACY_VALUE',
'Maximum model space distance between geometric entities at asserted c
onnectivities');
#2560=(
GEOMETRIC_REPRESENTATION_CONTEXT(3)
GLOBAL_UNCERTAINTY_ASSIGNED_CONTEXT((#2558))
GLOBAL_UNIT_ASSIGNED_CONTEXT((#2562,#2564,#2565))
REPRESENTATION_CONTEXT('','3D')
);
#2561=(
GEOMETRIC_REPRESENTATION_CONTEXT(3)
GLOBAL_UNCERTAINTY_ASSIGNED_CONTEXT((#2559))
GLOBAL_UNIT_ASSIGNED_CONTEXT((#2562,#2564,#2565))
REPRESENTATION_CONTEXT('','3D')
);
#2562=(
LENGTH_UNIT()
NAMED_UNIT(*)
SI_UNIT(.MILLI.,.METRE.)
);
#2563=(
LENGTH_UNIT()
NAMED_UNIT(*)
SI_UNIT($,.METRE.)
);
#2564=(
NAMED_UNIT(*)
PLANE_ANGLE_UNIT()
SI_UNIT($,.RADIAN.)
);
#2565=(
NAMED_UNIT(*)
SI_UNIT($,.STERADIAN.)
SOLID_ANGLE_UNIT()
);
#2566=SHAPE_DEFINITION_REPRESENTATION(#2567,#2568);
#2567=PRODUCT_DEFINITION_SHAPE('',$,#2570);
#2568=SHAPE_REPRESENTATION('',(#1534),#2560);
#2569=PRODUCT_DEFINITION_CONTEXT('part definition',#2574,'design');
#2570=PRODUCT_DEFINITION('2026-05-02-20-57-19-017',
'hydroNodeStation01_outdoor_box',#2571,#2569);
#2571=PRODUCT_DEFINITION_FORMATION('',$,#2576);
#2572=PRODUCT_RELATED_PRODUCT_CATEGORY('hydroNodeStation01_outdoor_box',
'hydroNodeStation01_outdoor_box',(#2576));
#2573=APPLICATION_PROTOCOL_DEFINITION('international standard',
'automotive_design',2009,#2574);
#2574=APPLICATION_CONTEXT(
'Core Data for Automotive Mechanical Design Process');
#2575=PRODUCT_CONTEXT('part definition',#2574,'mechanical');
#2576=PRODUCT('2026-05-02-20-57-19-017',
'hydroNodeStation01_outdoor_box',$,(#2575));
#2577=PRESENTATION_STYLE_ASSIGNMENT((#2578));
#2578=SURFACE_STYLE_USAGE(.BOTH.,#2579);
#2579=SURFACE_SIDE_STYLE('',(#2580));
#2580=SURFACE_STYLE_FILL_AREA(#2581);
#2581=FILL_AREA_STYLE('Stahl - satiniert',(#2582));
#2582=FILL_AREA_STYLE_COLOUR('Stahl - satiniert',#2583);
#2583=COLOUR_RGB('Stahl - satiniert',0.627450980392157,0.627450980392157,
0.627450980392157);
ENDSEC;
END-ISO-10303-21;
